{"type": "FeatureCollection", "features": [{"type": "Feature", "properties": {"name": "‡®­  Ёбв®аЁзҐбЄ®© § бва®©ЄЁ", "source": "ѓҐ­Ґа «м­л© Ї« ­"}, "geometry": {"type": "Polygon", "coordinates": [[[92.32390903939218, 56.23518779318479], [92.32390386473803, 56.235097053709005], [92.32378737931191, 56.235100189363806], [92.32325765456437, 56.23514498422705], [92.32322682662638, 56.23514652207671], [92.32335517979826, 56.235320922480234], [92.32390966667181, 56.23521626735573], [92.32390903939218, 56.23518779318479]]]}}, {"type": "Feature", "properties": {"name": "Џа®Ё§ў®¤бвўҐ­­лҐ §®­л, §®­л Ё­¦Ґ­Ґа­®© Ё ва ­бЇ®ав­®© Ё­да бвагЄвга", "source": "ѓҐ­Ґа «м­л© Ї« ­"}, "geometry": {"type": "MultiPolygon", "coordinates": [[[[92.29786846948552, 56.24692676622768], [92.29823322672343, 56.24695137808838], [92.29854744901623, 56.24509914760166], [92.29862260229494, 56.24482636204251], [92.29885766896474, 56.24461178326259], [92.29952915952303, 56.244099609306105], [92.30137465620999, 56.2450609820249], [92.30224644722014, 56.24529438465084], [92.30305449131308, 56.2453791407459], [92.30398749467135, 56.24529799112113], [92.30491277225536, 56.24503761401946], [92.30568215904216, 56.24480734106068], [92.31146905684449, 56.243061283270514], [92.31518229631705, 56.24190874852167], [92.3161434986902, 56.241487990690565], [92.31844968943426, 56.239629727849405], [92.32097996874586, 56.24139112908639], [92.32197439228503, 56.2412491981771], [92.32224028385384, 56.24110704367207], [92.32228835591653, 56.241033480651865], [92.32187641210675, 56.239282205406745], [92.32171230908526, 56.23858426710489], [92.32133009908364, 56.238492358534906], [92.321293400253, 56.2384882953044], [92.32108202345682, 56.23845785677311], [92.32097962868879, 56.238438793483], [92.32087406363127, 56.238425730183735], [92.3207667748007, 56.2384189442461], [92.32065872810965, 56.238418530781374], [92.32055105549703, 56.23842431637657], [92.32044520665204, 56.23843639880663], [92.32034231510906, 56.238454514862795], [92.32029258907552, 56.23846663594844], [92.32145088668554, 56.238748179746786], [92.3216056504057, 56.239216954157], [92.32198539228312, 56.24096437160705], [92.32125349408338, 56.24097266395865], [92.32082249771734, 56.24088389923393], [92.31876527324512, 56.23934127954088], [92.31993400755867, 56.23837943329626], [92.32020764088473, 56.23844596139636], [92.32028882453194, 56.238424223511416], [92.32039014159545, 56.23840394333984], [92.32049473686719, 56.23838978837359], [92.32060131873341, 56.238381841326145], [92.32070891810233, 56.23838018668576], [92.32079822063014, 56.23836442069508], [92.32004151981903, 56.23818243536362], [92.31994174780786, 56.23816105048168], [92.31982360156196, 56.238129954530585], [92.3191929447856, 56.23864345053886], [92.31888543505444, 56.238895480282835], [92.31216522581913, 56.2367341401208], [92.30917374599878, 56.235773449904755], [92.30897306712771, 56.235938393965775], [92.30725833310444, 56.23752936699647], [92.30700322830829, 56.23775121416226], [92.30699749517335, 56.2377561217798], [92.30646417088418, 56.23822007255811], [92.30609534437046, 56.23854079343854], [92.30604717103068, 56.23858273548626], [92.3058811724411, 56.238719038996386], [92.30561890875352, 56.238934556240025], [92.30540968727205, 56.23910636221513], [92.30483649726241, 56.23961436011157], [92.30462587447148, 56.23980079643574], [92.3045603093541, 56.23985889635756], [92.304508348723, 56.239904947929055], [92.30450955421021, 56.23990962498734], [92.30374447100685, 56.24061888825027], [92.30240241927193, 56.24179039726901], [92.30208987964224, 56.24206319385898], [92.3007653961139, 56.243070516036674], [92.29931134618246, 56.24391740286437], [92.2992993260852, 56.24392200509182], [92.29924483159984, 56.24395600515536], [92.29882552656069, 56.244216962315356], [92.29831151696398, 56.24471691273897], [92.29817104881297, 56.24512117339981], [92.29786846948552, 56.24692676622768]], [[92.30760202652263, 56.24290929989393], [92.30831549488632, 56.24183185025726], [92.30872509119529, 56.241916766899706], [92.30966063484486, 56.24211041695779], [92.31049798034935, 56.242877508112635], [92.30826299111182, 56.243554441021196], [92.30787940743657, 56.243180021253416], [92.30760202652263, 56.24290929989393]], [[92.31033643527937, 56.23817094084932], [92.30766178428901, 56.23761254651561], [92.3093300541421, 56.23603091863793], [92.31141707885723, 56.236672678559216], [92.31033643527937, 56.23817094084932]], [[92.31016018772122, 56.238411825227], [92.30958907202044, 56.23926581666016], [92.3064968831112, 56.23862315767507], [92.30740095626847, 56.237838853130434], [92.31016018772122, 56.238411825227]], [[92.31190311411038, 56.23969642585466], [92.31162113203781, 56.23966405173662], [92.30995967664701, 56.23933829720192], [92.31044507255774, 56.23866803318072], [92.31049540882373, 56.23859520577468], [92.31060703469177, 56.238513109795846], [92.31059259403183, 56.238500006445705], [92.31061813742141, 56.23850553753215], [92.31074729936111, 56.23853356018554], [92.31263172565745, 56.23892493895418], [92.3130067516748, 56.239002823710756], [92.31276442782365, 56.239358844526976], [92.31190311411038, 56.23969642585466]], [[92.30628929015354, 56.23880332687742], [92.30946657803297, 56.23946766177453], [92.30884552053364, 56.240415315552404], [92.30525834909211, 56.2396976507499], [92.30628929015354, 56.23880332687742]], [[92.31208628685172, 56.239878687029716], [92.31309627351925, 56.23951570433222], [92.3133949432194, 56.239084103456406], [92.31358005152134, 56.23912231297209], [92.31401532994316, 56.23921310268228], [92.31441591172862, 56.23930522546069], [92.31511027494504, 56.23944648430557], [92.31463220071028, 56.239999780444734], [92.31301429593564, 56.24061752519317], [92.31288149276843, 56.24066627490124], [92.31208628685172, 56.239878687029716]], [[92.30504140939804, 56.24449891913347], [92.30459234397323, 56.24269250076165], [92.30454664436468, 56.242508576163836], [92.30511506123462, 56.24246273113643], [92.30723459626553, 56.24287374337123], [92.30746037735231, 56.243098821223775], [92.3074700418996, 56.24310848530455], [92.30799587597734, 56.24363539611126], [92.30690324344233, 56.24396626040621], [92.30690009311337, 56.24397100285573], [92.30648040962049, 56.244059452768035], [92.3055332266795, 56.24435564383587], [92.30504140939804, 56.24449891913347]], [[92.31016965022296, 56.24103469006388], [92.3100368095316, 56.24109421409251], [92.30996398576367, 56.241125781517475], [92.3099304896149, 56.241140862967825], [92.30983341998822, 56.241184330069494], [92.30931603145073, 56.24141630478498], [92.30924279826166, 56.241452629596175], [92.30906117987223, 56.24154268620125], [92.30893839246951, 56.24173339228938], [92.30844697392037, 56.241633379610676], [92.3085696663515, 56.24144806225538], [92.30869749448931, 56.24125513935226], [92.30880426748206, 56.24109389255453], [92.30881786201293, 56.24107340128372], [92.30906570439598, 56.24070017484386], [92.30906902192163, 56.240695074019456], [92.30914595043727, 56.24057883628184], [92.30920579916653, 56.24048854895599], [92.30974526846079, 56.23967390063318], [92.30983114357683, 56.23953525908741], [92.31119830262799, 56.23980522031939], [92.31125535488971, 56.2398164950561], [92.3119027015786, 56.23994430769077], [92.31221505839943, 56.240243774463956], [92.31271484103522, 56.24072282985206], [92.3121830124058, 56.24092491836278], [92.31069033303835, 56.24146276647376], [92.31025286433712, 56.24109802304728], [92.31173094496185, 56.240528394996836], [92.31164776828803, 56.240462907699545], [92.31050131695666, 56.240905501106994], [92.310424496086, 56.24093516045681], [92.31016965022296, 56.24103469006388]], [[92.30504337048761, 56.23988424294997], [92.30870704643503, 56.24062641121475], [92.30809422531459, 56.241562431467436], [92.30473749929, 56.24087693590658], [92.30410887957561, 56.2407485623985], [92.30409821285002, 56.240705302299446], [92.30459571523173, 56.24027250520297], [92.30504337048761, 56.23988424294997]], [[92.31740436662773, 56.23966078977433], [92.31686985066642, 56.239535874179055], [92.31072622205475, 56.23825241753748], [92.31184402442474, 56.2368126472734], [92.3183278047448, 56.23891001322294], [92.31740436662773, 56.23966078977433]], [[92.31229420991002, 56.23870688363385], [92.31212510252273, 56.238639931118676], [92.31213614030602, 56.23862696957236], [92.31229420991002, 56.23870688363385]], [[92.31541705612214, 56.23950817690682], [92.31657279083845, 56.239743228990015], [92.3171567625906, 56.23988054351899], [92.3156003277678, 56.24115986478288], [92.3147927434772, 56.24155865654442], [92.3141754524164, 56.24174150944962], [92.31318759645376, 56.24078419221739], [92.31485493657645, 56.24018010105748], [92.31541705612214, 56.23950817690682]], [[92.30326980323666, 56.24494547814039], [92.30264238019048, 56.24266221846121], [92.30424394005148, 56.24253301035404], [92.3047680136238, 56.24457857463435], [92.30383269751293, 56.2448682630502], [92.30326980323666, 56.24494547814039]], [[92.31386587844668, 56.24182610381315], [92.3134290378888, 56.2419652264475], [92.3121256368404, 56.24238019976417], [92.31124950010461, 56.24264988535752], [92.31082750081075, 56.242778842755335], [92.31027719034459, 56.242239233752066], [92.30997955183972, 56.24194640060653], [92.3124720085256, 56.241043460865065], [92.31288710878836, 56.24089308408391], [92.31386587844668, 56.24182610381315]], [[92.30909699444376, 56.24176616148068], [92.30922984221793, 56.24155413587904], [92.31011645139445, 56.24115887444728], [92.31054555440831, 56.241513422870725], [92.30955578784477, 56.24185988226171], [92.30909699444376, 56.24176616148068]], [[92.3073633233434, 56.24267633623293], [92.3050581173608, 56.24222270021366], [92.30448846763255, 56.242274465706984], [92.30416585767333, 56.24097736739126], [92.30479221053103, 56.24110644636357], [92.30796454947476, 56.24175920538107], [92.3073633233434, 56.24267633623293]], [[92.30382751179971, 56.24094007812865], [92.30418377121195, 56.2423021218216], [92.30258337522034, 56.242447681672296], [92.30248806627228, 56.24210082512867], [92.30382751179971, 56.24094007812865]], [[92.30225820524264, 56.24266975289488], [92.3028980762691, 56.244967993676994], [92.30229452508692, 56.24488582653978], [92.30176760569428, 56.244732148527035], [92.3002978166307, 56.24398971518999], [92.2998951332159, 56.24372904552442], [92.3014853254887, 56.24272098730725], [92.30225820524264, 56.24266975289488]]], [[[92.30231759926421, 56.238400550237365], [92.30251839139368, 56.2391456944446], [92.30415095735725, 56.238997263033404], [92.30390454551365, 56.23815145382246], [92.30369456075488, 56.23816958229808], [92.3032946354866, 56.23820325663735], [92.3033250333483, 56.23831443685779], [92.30231759926421, 56.238400550237365]], [[92.30333211918449, 56.23897244802876], [92.30330572921643, 56.238986939006125], [92.30327970945359, 56.23897215297042], [92.30330626068186, 56.238957662906415], [92.30333211918449, 56.23897244802876]]], [[[92.32094114664763, 56.23839879514466], [92.32085474851371, 56.23837802326775], [92.32081624495608, 56.23838481736948], [92.32092201086522, 56.23839563649458], [92.32094114664763, 56.23839879514466]]], [[[92.32306746033069, 56.228647311510684], [92.31892444931374, 56.22963533359783], [92.3208012490882, 56.23055626565349], [92.32084249109796, 56.23057652036372], [92.32120259205519, 56.230546433059494], [92.31942242855345, 56.229694655960074], [92.32289813391155, 56.22886849299109], [92.32428525868717, 56.23031452339577], [92.3245333728754, 56.23029818490563], [92.32476835531901, 56.230313388482244], [92.32435454518044, 56.229849939110665], [92.3281760306221, 56.22981479357567], [92.32800488396099, 56.23052823772386], [92.32838816527754, 56.23055528673646], [92.32860912507502, 56.22980510937793], [92.33107732401581, 56.229770247750764], [92.33279404985477, 56.230325580225404], [92.33199996938808, 56.23094477823728], [92.33236920630475, 56.23098242683037], [92.33245998089687, 56.23090855135501], [92.33245338304914, 56.23090779725577], [92.33314448595439, 56.230396355983075], [92.33595418842008, 56.23065261465476], [92.33809636838052, 56.23132116456921], [92.33785967382642, 56.23174112129617], [92.33818539810194, 56.23185297463208], [92.33841859180279, 56.23146757659464], [92.34131590822531, 56.23229090154907], [92.34116889898634, 56.23266383075972], [92.34101986058863, 56.23284481862649], [92.34101393030676, 56.23284272134577], [92.34073861019183, 56.23289343614746], [92.34001130677949, 56.232821929901206], [92.33904221359838, 56.2326612909669], [92.33908246851401, 56.232702101459964], [92.33921980953785, 56.232751513595424], [92.33956323523641, 56.232800588677115], [92.34005320371666, 56.23287047274924], [92.34033341685041, 56.23291040686317], [92.34063893539252, 56.232932243149], [92.34095597521157, 56.23294048846887], [92.34124249483396, 56.23293249397472], [92.34136421029379, 56.2329811918396], [92.34161051595176, 56.23274180382183], [92.34171657984753, 56.232433770699515], [92.34380212721786, 56.232993246073136], [92.34398564699609, 56.23282249675841], [92.34178252850114, 56.23222701277235], [92.34195186090625, 56.23119102236186], [92.34441132164832, 56.2317288548892], [92.34444643659238, 56.231598812109404], [92.34372706447515, 56.23144168806682], [92.34270410270507, 56.231217024773684], [92.34179154276373, 56.23101476486524], [92.34194666611464, 56.23037468428916], [92.34181602365774, 56.23034866216312], [92.34057241821516, 56.23021477576171], [92.33791670069971, 56.22996788841037], [92.3377160788128, 56.22953095200337], [92.33740110960397, 56.22954453395391], [92.33761225720058, 56.22998799376836], [92.33585690241375, 56.230432230158165], [92.33560313985402, 56.23041182747323], [92.33556900349738, 56.23040912940784], [92.3336873694067, 56.2302578250008], [92.33364695549643, 56.23013375513431], [92.33368167889168, 56.23012118866948], [92.33395168596974, 56.23002294986265], [92.3339818668476, 56.23001197549744], [92.33498658817695, 56.229646631102824], [92.33541140251135, 56.22957481777054], [92.33544342246333, 56.22956933152556], [92.33566755254868, 56.22953146640642], [92.33657636323389, 56.22937764282567], [92.33605257892671, 56.22924289793453], [92.33529756969463, 56.22943508585759], [92.33470515487525, 56.229585751764716], [92.33469607662423, 56.229588576970734], [92.33358781424978, 56.230001770652905], [92.33342406142478, 56.23008154074708], [92.33323249985854, 56.23017490217743], [92.3329565913722, 56.2300929425676], [92.33262085191868, 56.2299931460945], [92.33125562646795, 56.22954964263014], [92.33057341625673, 56.22931010438386], [92.32732974785075, 56.22763052060672], [92.32694942867779, 56.22772131919058], [92.32306746033069, 56.228647311510684]], [[92.32315109410906, 56.2288237130397], [92.32723417740534, 56.22786755678987], [92.32870328779272, 56.22861559637817], [92.33025275844403, 56.22941865963468], [92.33007647622787, 56.22964331585804], [92.32717128542208, 56.22966231006865], [92.32416123923677, 56.22968398648052], [92.32315109410906, 56.2288237130397]], [[92.33774836425711, 56.23100558558523], [92.3362880724791, 56.230524805806304], [92.33768072002343, 56.230131881504114], [92.33797652117121, 56.23075326429613], [92.33802848963293, 56.23086266517065], [92.33774836425711, 56.23100558558523]], [[92.34137360046064, 56.232086165577606], [92.33889621645166, 56.23139172260076], [92.33836920088625, 56.23085299139016], [92.33801796291714, 56.23010790986894], [92.34171019024207, 56.23044617497424], [92.34137360046064, 56.232086165577606]]]]}}, {"type": "Feature", "properties": {"name": "Џа®Ё§ў®¤бвўҐ­­ п §®­ ", "source": "ѓҐ­Ґа «м­л© Ї« ­"}, "geometry": {"type": "MultiPolygon", "coordinates": [[[[92.31264195423468, 56.23634574268135], [92.31659562265935, 56.237772766459535], [92.3170657278059, 56.237954179583724], [92.31711217911946, 56.23797203929047], [92.3171126596946, 56.2379722215686], [92.31737899848108, 56.23779559169347], [92.31738030290636, 56.2377947905712], [92.31738323586647, 56.237793100301396], [92.31738632848531, 56.237791500725315], [92.31738958076286, 56.237789991842924], [92.31739299110193, 56.23778866345851], [92.31739347806503, 56.23778848651847], [92.31754312240894, 56.237734974965456], [92.31754636669122, 56.23773391510027], [92.31755009474128, 56.237732857902905], [92.31755382119431, 56.23773189050971], [92.3175578669654, 56.2377311045035], [92.3175619111395, 56.237730408301445], [92.3175661133758, 56.23772989259707], [92.3175701511624, 56.23772955561185], [92.31757434860808, 56.23772930932003], [92.31757870251931, 56.237729333330165], [92.31758289517458, 56.23772935645086], [92.31758708303956, 56.23772964898425], [92.31759126930781, 56.23773003132178], [92.3175952911267, 56.237730592378476], [92.31759593455385, 56.237730685739706], [92.3178072390908, 56.23776481218784], [92.31781061429574, 56.23776545948598], [92.31781447007673, 56.237766289059444], [92.31781832266542, 56.23776729824132], [92.31782201240193, 56.237768396338446], [92.31782361538606, 56.237768944053556], [92.31783787939287, 56.2377739624039], [92.31770910443137, 56.2378238172287], [92.3175881749639, 56.23780428967474], [92.31747147788998, 56.23784603786609], [92.31721917344964, 56.23801340481338], [92.31721933310915, 56.238013495507396], [92.31734519477858, 56.23805496501891], [92.31789775248926, 56.23816183585537], [92.3185624868475, 56.23840907110388], [92.31895453689224, 56.238155082486735], [92.31896236810096, 56.23815000624042], [92.31896612005642, 56.23814760193604], [92.31902844872185, 56.2381069003663], [92.31946111204526, 56.2378268184053], [92.31946111363764, 56.23782672860101], [92.31946160059177, 56.237826551652816], [92.31946241642831, 56.237826017261], [92.31946534929952, 56.23782432694165], [92.31946844183452, 56.237822727313315], [92.31947169403331, 56.23782121837602], [92.31947510430354, 56.23781988993405], [92.3194786742376, 56.237818652183066], [92.31948256349955, 56.237817595814164], [92.31948628991258, 56.23781662836268], [92.31949033565354, 56.23781584229324], [92.31949437980202, 56.23781514602798], [92.31949842076577, 56.23781462937121], [92.3195026198012, 56.23781429320967], [92.31950681724427, 56.23781404685231], [92.31951101150277, 56.23781398010339], [92.31951536383309, 56.23781409384972], [92.31951955172254, 56.237814386317766], [92.31952373801983, 56.23781476858998], [92.3195277598763, 56.237815329583945], [92.31953177854845, 56.23781607018642], [92.31953579562855, 56.23781690059307], [92.31953948701158, 56.23781790883477], [92.31954317680261, 56.23781900688069], [92.31954686340947, 56.23782028453514], [92.31955022591154, 56.237821650220376], [92.31955342397306, 56.237823194627445], [92.31955645918624, 56.23782482795208], [92.31955933155106, 56.23782655019426], [92.31956204106754, 56.23782836135401], [92.3195644264792, 56.23783026054466], [92.31956664904247, 56.2378322486529], [92.31956854590874, 56.237834414596385], [92.31957028311085, 56.23783648984887], [92.3195716946159, 56.2378387429366], [92.31957294486462, 56.23784099513767], [92.31957387260043, 56.2378432455654], [92.31957447623117, 56.237845584024114], [92.31957491860545, 56.23784792159615], [92.3195748803944, 56.2378500768996], [92.3195750384667, 56.23785025739487], [92.31957487243376, 56.237850525921125], [92.3195748342227, 56.23785268122459], [92.31957430905769, 56.23785501347665], [92.31957362422816, 56.237857255037746], [92.31957261529324, 56.2378595846298], [92.31957128543714, 56.23786182264424], [92.31956979432428, 56.23786405977197], [92.31956798388231, 56.23786611551775], [92.31956601218353, 56.23786817037681], [92.31956371797128, 56.23787022346249], [92.31956126568646, 56.237872096052826], [92.3195596340141, 56.23787316483774], [92.31955930194782, 56.23787370189022], [92.31926629384579, 56.23806330243118], [92.31911799336393, 56.2381593050348], [92.31868312880795, 56.238454013210124], [92.3191929447856, 56.23864345053886], [92.32010587409027, 56.23789987781976], [92.32052690573128, 56.23755658966485], [92.32007964086284, 56.237350616615515], [92.31885062866787, 56.23797605202804], [92.3188143368115, 56.23799453337976], [92.31875981992684, 56.23802216513898], [92.31875868315592, 56.23802260794637], [92.31874598712923, 56.23802918422067], [92.3187443602098, 56.23802998358186], [92.31874110955889, 56.23803140269559], [92.31873753639319, 56.2380328200337], [92.31873396800951, 56.23803396795886], [92.31873023836835, 56.238035114996144], [92.31872716013265, 56.23803590636722], [92.31872602336092, 56.2380363491743], [92.31872424634238, 56.23803651901742], [92.31872246613554, 56.23803686846908], [92.31871826069253, 56.23803756382122], [92.31863777802998, 56.2380016445472], [92.31863796798505, 56.238000028957856], [92.31863833195185, 56.23799769582206], [92.31863917968998, 56.23799536534993], [92.3186401870908, 56.23799312556997], [92.31864135734295, 56.23799079687356], [92.3186428469205, 56.237988649561494], [92.31864366914913, 56.237987755957974], [92.31864552109836, 56.23798336531435], [92.31865333318108, 56.237979366738955], [92.31865415062639, 56.23797874254822], [92.31865708354475, 56.23797705224818], [92.31865854761243, 56.237976341804575], [92.31997455909134, 56.23730136052518], [92.319962883002, 56.237295907577284], [92.31983010187813, 56.237262665494605], [92.319677798909, 56.23727539005146], [92.31933092891444, 56.237356020805144], [92.31921157782094, 56.237383924818964], [92.31921076836215, 56.237384099991935], [92.31918113292626, 56.23739103218393], [92.31850156779306, 56.237825399756666], [92.31839376838383, 56.23789288435367], [92.31829248408773, 56.23784777915495], [92.3187710876804, 56.23754181705183], [92.31897955733436, 56.237408514324095], [92.31897634020847, 56.23740804755389], [92.31897232158983, 56.237407306933456], [92.31897199908049, 56.23740730515857], [92.31896348286034, 56.23740555184205], [92.3189385616936, 56.237401283286275], [92.31860524582362, 56.237490429037514], [92.31809439787418, 56.23775947928012], [92.31799247404643, 56.23771410086942], [92.31852432488556, 56.23743385026162], [92.3185266015869, 56.23743278504241], [92.31852985378936, 56.23743127612977], [92.31853342531197, 56.23742994860168], [92.3185369952398, 56.23742871087778], [92.31854072323313, 56.23742765365038], [92.31879237120823, 56.237360332176635], [92.3185715616278, 56.237243976096615], [92.31841465123993, 56.23720736634689], [92.3184108130448, 56.23720554894488], [92.3184069636863, 56.237204360172846], [92.31840343683562, 56.237203173177036], [92.31840007602345, 56.23720171765644], [92.31839687646533, 56.23720026302394], [92.31839607817066, 56.237199809561496], [92.31836954928046, 56.237186191474436], [92.31836875098644, 56.23718573801182], [92.31832672246665, 56.23716404117429], [92.31829219156093, 56.23714696609314], [92.3182907673955, 56.23714543142517], [92.31829044807861, 56.23714525003991], [92.3182875758217, 56.23714352776836], [92.3182850276672, 56.237141717469115], [92.31828248270317, 56.23713972756122], [92.31828042149992, 56.23713774031829], [92.31827867961366, 56.23713593446061], [92.31816201656241, 56.23700344610146], [92.31816186009563, 56.23700317580007], [92.31809847090027, 56.236931155669616], [92.3180208245448, 56.236844686839135], [92.31749761113878, 56.237065706294736], [92.31749632111332, 56.23706569917985], [92.31749388474915, 56.23706667368652], [92.3174903148217, 56.23706791138039], [92.31748658683472, 56.23706896857623], [92.31748269919132, 56.2370699350783], [92.3174788147417, 56.23707072197168], [92.31747477063573, 56.237071418171276], [92.3174705684704, 56.23707193387275], [92.31746636949897, 56.23707226996553], [92.31746217372154, 56.23707242644962], [92.31745797954112, 56.23707249312927], [92.31745378855473, 56.237072380200225], [92.31744959916546, 56.237072177466736], [92.31744541297034, 56.237071795124564], [92.31744139122266, 56.2370712340631], [92.31743737266926, 56.23707049339297], [92.31743335571309, 56.237069662918415], [92.31742950320451, 56.23706865372461], [92.31742789865811, 56.23706819580872], [92.31742563951636, 56.23706827316066], [92.31742437185042, 56.23706700878509], [92.31742228833596, 56.2370662787879], [92.31741892597603, 56.23706491304502], [92.31741556681061, 56.237063367693494], [92.31741253174893, 56.237061734316526], [92.31740965953779, 56.23706001202468], [92.31740711143036, 56.23705820170744], [92.3174045665175, 56.2370562117816], [92.31740250536427, 56.237054224524144], [92.31740044580843, 56.23705214746238], [92.31739887160931, 56.237049983264754], [92.31739729741038, 56.237047819067115], [92.31739620856808, 56.23704556773366], [92.31739528257616, 56.2370432274854], [92.31739467909051, 56.23704088901611], [92.317394236858, 56.23703855143633], [92.31739424963544, 56.23703783300207], [92.31739361420628, 56.23703729061841], [92.31739410914572, 56.237036664656934], [92.31739411713164, 56.23703621563553], [92.31739431991139, 56.23703388161371], [92.31739484519716, 56.23703154937088], [92.3173955317359, 56.23702921801754], [92.31739653918342, 56.23702697824746], [92.31739770788381, 56.237024739366845], [92.31739936034307, 56.23702250315471], [92.31740101120496, 56.23702035674681], [92.31740314422845, 56.237018302811634], [92.31740527565455, 56.23701633868069], [92.31740788924219, 56.23701446702244], [92.31741050123242, 56.237012685168374], [92.31741343572828, 56.237010905093214], [92.31741652668546, 56.23700939532029], [92.31741961604526, 56.237007975351574], [92.3179626550555, 56.23677844343969], [92.31795144235173, 56.23676508930212], [92.31782666331951, 56.23668105494983], [92.31732566706654, 56.23691333297794], [92.3173165730304, 56.23691687533228], [92.31731479925236, 56.23691686554672], [92.31731269178765, 56.23691748261191], [92.3173088041553, 56.23691844910856], [92.31730491971751, 56.23691923599654], [92.31730087562443, 56.236919932190496], [92.3172966734734, 56.23692044788613], [92.31729247451709, 56.23692078397305], [92.31728827715813, 56.23692103025555], [92.31728408299398, 56.236921096929365], [92.31727989202471, 56.236920983994466], [92.31727570425035, 56.23692069145086], [92.31727151807353, 56.23692030910282], [92.31726749634429, 56.23691974803575], [92.31726331655757, 56.23691900647034], [92.31725946087361, 56.23691817687981], [92.31725560838481, 56.23691716768062], [92.31725464566202, 56.236916892929756], [92.31725190436872, 56.23691687780525], [92.31725047546091, 56.23691561253821], [92.3172483935555, 56.23691479273383], [92.31724503121502, 56.236913426986234], [92.31724167206985, 56.23691188163], [92.31723863702754, 56.23691024824878], [92.3172357648355, 56.23690852595289], [92.31723321674633, 56.23690671563209], [92.31723067025492, 56.236904815506925], [92.31722860911879, 56.236902828246585], [92.31722655117801, 56.236900661377625], [92.3172249753973, 56.23689858698207], [92.3172234028119, 56.23689633297791], [92.31722231398403, 56.236894081642916], [92.31722138640875, 56.2368918311976], [92.31722062168356, 56.236889491837736], [92.31722034071575, 56.23688715514702], [92.31722035030121, 56.236886616321335], [92.31721955681977, 56.236885893438505], [92.31722021461006, 56.236885178563135], [92.31722022100037, 56.23688481934602], [92.31722042538739, 56.236882395520176], [92.31722078942919, 56.236880062388316], [92.31722163563052, 56.2368778217299], [92.3172226446817, 56.236875492156926], [92.31722381338756, 56.23687325327793], [92.31722546425276, 56.23687110687232], [92.31722711511779, 56.23686896046673], [92.31722924814207, 56.23686690653447], [92.31723138116614, 56.2368648526022], [92.31723399475183, 56.23686298094757], [92.31723660673974, 56.23686119909714], [92.31723953963447, 56.23685950883033], [92.31724263218375, 56.23685790925742], [92.31724344483533, 56.236857554488736], [92.31774412473514, 56.236624915795616], [92.31756644519561, 56.23650493370617], [92.31724327376405, 56.236731186518874], [92.3172379045299, 56.236733851287525], [92.3172346507387, 56.236735449970695], [92.3172320499421, 56.23673660319115], [92.31722489255858, 56.236740066411045], [92.31722214968035, 56.23674014109019], [92.31722069042627, 56.236740582104154], [92.31721680280957, 56.23674154859798], [92.31721275713606, 56.236742334593394], [92.31720871465755, 56.23674294098011], [92.31720467377654, 56.236743457562426], [92.31720047324121, 56.23674388345056], [92.31719627749867, 56.236744039925725], [92.31719208335373, 56.23674410659645], [92.31718773115225, 56.236743992768716], [92.31718354180028, 56.236743790026324], [92.31717951849315, 56.23674331876071], [92.31717533553199, 56.2367427568009], [92.31717131542047, 56.23674210592647], [92.31716745975625, 56.23674127633309], [92.3171636072876, 56.23674026713106], [92.31716005974795, 56.236740247555595], [92.3171583163347, 56.2367385314865], [92.31715623124542, 56.236737891289124], [92.31715287052141, 56.23673643573476], [92.31714967104945, 56.23673498107012], [92.31714663602499, 56.236733347686645], [92.3171437638503, 56.23673162538862], [92.31714105452535, 56.23672981417608], [92.31713867089972, 56.23672782513456], [92.31713644852606, 56.23672583698282], [92.31713455025387, 56.23672376080643], [92.31713281483137, 56.236721595715544], [92.3171314019125, 56.23671943240431], [92.31713015184327, 56.236717180178616], [92.31712922587536, 56.23671483992831], [92.31712862241092, 56.23671250145765], [92.31712834144993, 56.236710164766684], [92.31712818499159, 56.236709894464], [92.3171273931133, 56.23670908177628], [92.31712822014282, 56.23670791876981], [92.3171282217406, 56.23670782896552], [92.31712842453463, 56.23670549494406], [92.31712878858025, 56.23670316181243], [92.31712947512911, 56.23670083046047], [92.31713048418113, 56.23669850088819], [92.3171318141385, 56.236696262899834], [92.31713330374954, 56.23669411560555], [92.31713511586362, 56.23669197009093], [92.31713708763132, 56.23668991527036], [92.31713938030421, 56.23668795203372], [92.31714183263071, 56.23668607949112], [92.31746165314662, 56.23645783257048], [92.31738213927586, 56.236422097426704], [92.31730289996818, 56.23640720038543], [92.31724716474133, 56.23641273073727], [92.31675991967047, 56.23677845480867], [92.316756664257, 56.236780143283454], [92.31675633855578, 56.236780321111354], [92.31675340564593, 56.23678201136671], [92.31675031308251, 56.23678361092736], [92.31674706246422, 56.236785029989065], [92.31674495180036, 56.23678582665315], [92.31674055802955, 56.23678804772078], [92.31673846175367, 56.2367880361463], [92.3167361914362, 56.2367887421156], [92.31673246665326, 56.23678961968025], [92.31672841936613, 56.23679049546405], [92.31672437687503, 56.23679110183491], [92.31672033598255, 56.23679161840137], [92.31671613703544, 56.236791954468764], [92.31671193968705, 56.23679220073176], [92.31670758428413, 56.23679226649567], [92.31670339333076, 56.23679215354129], [92.31669920557502, 56.23679186097821], [92.31669501941813, 56.23679147861072], [92.31669099771095, 56.23679091752496], [92.31668697760271, 56.23679026663479], [92.3166829622911, 56.2367893463317], [92.31667926948366, 56.23678842780929], [92.3166781471151, 56.23678806235924], [92.3166757283353, 56.23678804900284], [92.31667445910445, 56.23678687442389], [92.31667189506129, 56.23678596213426], [92.3166685327527, 56.236784596371066], [92.31666533329519, 56.236783141693934], [92.31666229828765, 56.23678150829864], [92.3166594261312, 56.23677978598944], [92.31665671842472, 56.23677788496207], [92.31665433322239, 56.236775985715575], [92.3166521108711, 56.23677399755521], [92.3166502126228, 56.236771921371464], [92.31664847722556, 56.23676975627387], [92.31664706593118, 56.23676750315291], [92.31664581588886, 56.23676525092242], [92.31664488835045, 56.23676300047284], [92.31664428491482, 56.236760661999924], [92.31664384273112, 56.23675832441745], [92.31664385232465, 56.23675778559183], [92.31664306045563, 56.23675697290105], [92.31664372784793, 56.23675571920314], [92.31664392587493, 56.23675365459536], [92.31664445120231, 56.2367513223557], [92.31664513778145, 56.23674899100653], [92.31664614686414, 56.23674666143827], [92.31664747685139, 56.23674442345521], [92.31664896649137, 56.23674227616687], [92.31665077863477, 56.23674013065942], [92.31665275043082, 56.23673807584668], [92.3166550431313, 56.23673611261909], [92.31665651518277, 56.23673495317762], [92.31708231088179, 56.236414964525125], [92.31707893900362, 56.23641413759875], [92.3170773296951, 56.23641394909119], [92.31707330961963, 56.2364132982136], [92.31707073920022, 56.23641274514937], [92.31695652964731, 56.23638741619314], [92.31695508478717, 56.23638704896548], [92.3169536383289, 56.23638677154209], [92.31688829715179, 56.23637024449898], [92.31683513751535, 56.236357916075356], [92.31635036940847, 56.236702097076815], [92.31634532741882, 56.236704494175534], [92.31634500011671, 56.236704761806614], [92.31634190754262, 56.23670636135707], [92.31633865691589, 56.23670778040805], [92.3163378458588, 56.236708045366505], [92.31633182675981, 56.23671097594506], [92.31632940638538, 56.23671105238616], [92.31632778587058, 56.23671149249871], [92.31632389823459, 56.23671245896444], [92.31632001379774, 56.23671324582151], [92.31631597130843, 56.236713852179044], [92.31631176916704, 56.23671436784129], [92.31630756862523, 56.23671479369911], [92.31630337288246, 56.236714950143984], [92.31629917873938, 56.23671501678445], [92.31629498779579, 56.236714903816264], [92.31629079845193, 56.236714701043645], [92.31628661390738, 56.236714228858105], [92.31628259221438, 56.23671366775911], [92.31627841086959, 56.236713015964746], [92.3162745552278, 56.236712186343624], [92.3162707027858, 56.23671117711386], [92.31627022223043, 56.236710994832464], [92.31626731970073, 56.23671097879524], [92.31626573278106, 56.2367095330174], [92.3162634880565, 56.236708802109796], [92.31626012736909, 56.236707346531254], [92.31625676668195, 56.23670589095265], [92.31625373169793, 56.23670425754735], [92.31625085956566, 56.23670253522871], [92.31624831153665, 56.2367007248877], [92.31624576670761, 56.236698734938116], [92.3162437056336, 56.23669674766145], [92.31624164615965, 56.23669467058047], [92.31624007204049, 56.23669250636818], [92.31623849792152, 56.23669034215588], [92.31623740915725, 56.236688090812294], [92.31623648324452, 56.23668575055541], [92.31623587983495, 56.23668341208054], [92.316235437677, 56.23668107449666], [92.31623544567634, 56.23668062547534], [92.31623465061783, 56.23667999239048], [92.31623531482236, 56.236678918303305], [92.31623531802211, 56.23667873869477], [92.31623552087024, 56.2366764046749], [92.31623604622133, 56.236674072437005], [92.31623673282384, 56.23667174109012], [92.31623774032934, 56.23666950132948], [92.31623890908621, 56.23666726245985], [92.3162405615973, 56.23666502626317], [92.31624221250834, 56.23666287987073], [92.31624434557365, 56.23666082595551], [92.3162464770389, 56.236658861844504], [92.31624909225819, 56.23665690040642], [92.31671312615022, 56.23632697540883], [92.31646524361342, 56.2362645335136], [92.31600136324487, 56.23663101237243], [92.31599957347632, 56.23663190061068], [92.31599696304731, 56.23663359263069], [92.31599403011543, 56.236635282868015], [92.31599093753239, 56.23663688240969], [92.31598768529821, 56.23663839125571], [92.31598427501335, 56.23663971960179], [92.31598395091021, 56.23663980762341], [92.3159808583264, 56.236641407164825], [92.31597908456158, 56.23664139736017], [92.31597697709074, 56.23664201440263], [92.31597308945305, 56.23664298085733], [92.31596904376478, 56.23664376681207], [92.31596499967686, 56.23664446296239], [92.3159609587898, 56.2366449795041], [92.31595675985233, 56.23664531554575], [92.31595256411582, 56.23664547197877], [92.31594836997984, 56.23664553860736], [92.31594401779357, 56.23664542473591], [92.31593982845925, 56.236645221951456], [92.31593580357747, 56.23664484044972], [92.31593162064557, 56.23664427844794], [92.31592760216635, 56.2366435377289], [92.3159237465392, 56.236642708096866], [92.31591989411345, 56.23664169885622], [92.31591877175647, 56.23664133339927], [92.31591619013433, 56.23664140894091], [92.31591492253222, 56.23664014454995], [92.31591251816772, 56.23663932294034], [92.31590915589913, 56.236637957156574], [92.31590595808338, 56.236636412655606], [92.31590292311985, 56.23663477924175], [92.31590005100853, 56.236633056915004], [92.31589734174943, 56.23663124567536], [92.31589495819452, 56.23662925661004], [92.31589273589113, 56.23662726843609], [92.3158908376912, 56.23662519224077], [92.31588910234342, 56.23662302713261], [92.31588768949834, 56.23662086380731], [92.31588643950536, 56.236618611569206], [92.31588551361568, 56.23661627130975], [92.31588491022859, 56.23661393283319], [92.31588446809278, 56.236611595248085], [92.3158844744955, 56.23661123603104], [92.31588368264563, 56.236610423335414], [92.31588451291202, 56.236609080728826], [92.3158845513285, 56.2366069254266], [92.31588507669993, 56.23660459319025], [92.31588576332246, 56.23660226184532], [92.31588677084657, 56.23660002208758], [92.3158881008729, 56.23659778411271], [92.3158895921502, 56.23659554702929], [92.31589140432897, 56.236593401532986], [92.31589337615797, 56.23659134673239], [92.31589566888837, 56.236589383518876], [92.31589616064504, 56.23658893717192], [92.31634483734418, 56.236234050413294], [92.31628658207431, 56.23621810107633], [92.31626908265886, 56.23621369335875], [92.31626667511384, 56.23621305136454], [92.31626298557136, 56.236211953221236], [92.3162594604782, 56.23621067636027], [92.3162520781947, 56.236208659681694], [92.31616004007135, 56.23616090939958], [92.31606975623492, 56.236087122940596], [92.31582034878402, 56.23598371653346], [92.31522550467633, 56.235799542613876], [92.3149571146183, 56.2357570125162], [92.31451765967866, 56.23576670371317], [92.31450784763149, 56.23576530216209], [92.31450623675919, 56.235765203425416], [92.31450205073662, 56.23576482098402], [92.31449802916954, 56.235764259827235], [92.31449401081034, 56.235763519061834], [92.31449111958064, 56.235762874353405], [92.31448275395209, 56.23576175025244], [92.31448101230686, 56.235759944341495], [92.3144789273156, 56.23575930409917], [92.31447556517519, 56.23575793827657], [92.31447236749045, 56.235756393738676], [92.3144693326575, 56.23575476028975], [92.3144664606763, 56.235753037929804], [92.3144637515469, 56.23575122665884], [92.31446136812077, 56.23574923756593], [92.31445914594244, 56.23574724936629], [92.31445724786337, 56.23574517314899], [92.314455512636, 56.23574300802071], [92.31445409990387, 56.23574084467903], [92.31445285002337, 56.2357385924264], [92.314451924242, 56.235736252156144], [92.31445132095568, 56.2357339136725], [92.31445087891693, 56.23573157608218], [92.31445088693687, 56.23573112706096], [92.31445040961042, 56.23573076516404], [92.31445090137277, 56.23573031882277], [92.31445075937314, 56.23572924027849], [92.3144509623243, 56.235726906261455], [92.31445148777031, 56.23572457403101], [92.3144521744637, 56.23572224269388], [92.31445318204787, 56.23572000294765], [92.31445451212673, 56.235717764988], [92.31445600345288, 56.23571552792167], [92.31445781566966, 56.23571338244616], [92.31445978752964, 56.23571132766818], [92.31446208028024, 56.235709364481025], [92.31446453267401, 56.23570749199135], [92.31446730756224, 56.23570562128823], [92.31447024048971, 56.2357039310868], [92.31447333306035, 56.23570233158288], [92.3144765836702, 56.23570091258062], [92.31447999392324, 56.235699584275814], [92.31448356381948, 56.235698346668435], [92.31448745460622, 56.235697200651735], [92.31449117933374, 56.235696323154365], [92.31449522655575, 56.23569544744342], [92.31449926896595, 56.235694841145076], [92.31450330977216, 56.23569432465085], [92.31450750861788, 56.23569398865821], [92.31451170585967, 56.23569374246969], [92.3145128345909, 56.23569374872234], [92.31496261333116, 56.235683845257505], [92.31496567863248, 56.23568377241356], [92.31497003070656, 56.23568388631912], [92.31497421832783, 56.23568417894044], [92.31497824309915, 56.235684560473246], [92.31498242591233, 56.23568512250704], [92.31498274840692, 56.23568512429229], [92.31526850786204, 56.23573026521726], [92.31527236658748, 56.23573091526104], [92.31527622050687, 56.235731834717505], [92.31528007442645, 56.23573275417382], [92.31528231907521, 56.23573348509917], [92.31588742470491, 56.23592094875242], [92.31588886793661, 56.23592140579678], [92.3158925542392, 56.23592268355971], [92.31589463606183, 56.235923503386836], [92.31615621022986, 56.236031916603714], [92.31615749062011, 56.23603246255813], [92.31616084964473, 56.236034007943736], [92.31616388457198, 56.236035641351314], [92.31616659540187, 56.23603736278095], [92.31616930463203, 56.23603917401483], [92.3161712140182, 56.23604062157613], [92.31626276233837, 56.236115851957926], [92.31633164807127, 56.23615063097887], [92.31642171387611, 56.23617331237982], [92.31663958873891, 56.23600090700093], [92.31664154930512, 56.235999480818], [92.31664432251, 56.23599769987022], [92.31664725536444, 56.23599600961712], [92.3166503478684, 56.235994410058666], [92.3166536000219, 56.235992901194884], [92.31665701022611, 56.23599157283001], [92.3166607413285, 56.23599033605023], [92.31666446923302, 56.235989278878876], [92.31666835678713, 56.235988312402114], [92.31667224114344, 56.2359875255338], [92.31667628514941, 56.23598682936009], [92.31668048720627, 56.235986313685224], [92.31668452481688, 56.23598597672835], [92.31668888332585, 56.23598573135644], [92.3166930757899, 56.23598575450684], [92.31669726825393, 56.2359857776571], [92.31670145592177, 56.23598607022005], [92.31670564199095, 56.235986452587156], [92.31670966361415, 56.235987013672315], [92.31671368204005, 56.235987754365894], [92.31671769886741, 56.235988584863655], [92.3167215512489, 56.23598959407946], [92.3167252407833, 56.235990692209086], [92.31672876587191, 56.235991969056826], [92.31673212811346, 56.23599333481842], [92.31673532590925, 56.23599487929812], [92.31673852210665, 56.23599651358204], [92.31674123295966, 56.23599823499915], [92.31674394221427, 56.23600004622048], [92.31674632737315, 56.2360019454654], [92.3167485480863, 56.2360040234285], [92.31675044630228, 56.23600609961091], [92.31675218326974, 56.23600817490299], [92.31675375579145, 56.23601042891328], [92.31675484456714, 56.23601268025262], [92.31675577209423, 56.23601493070161], [92.3167563755253, 56.236017269174255], [92.31675681770767, 56.236019606756585], [92.31675693579396, 56.23602203236257], [92.3167567617563, 56.236022749906525], [92.31675708105662, 56.236022931295714], [92.31675675056603, 56.23602337853652], [92.31675673298132, 56.23602436638366], [92.31675620767103, 56.23602669862409], [92.3167555211119, 56.2360290299742], [92.31675451365368, 56.2360312697394], [92.31675334494653, 56.23603350861426], [92.31675169249274, 56.23603574481815], [92.31674988198718, 56.236037800523135], [92.31674790863394, 56.23603994514204], [92.31674577882757, 56.23604181945776], [92.31674461811276, 56.23604360931111], [92.31654212001688, 56.236203795405295], [92.31679609940868, 56.23626797725807], [92.31720687633928, 56.23597601675475], [92.31720964951634, 56.2359742357942], [92.31721258234418, 56.23597254552763], [92.31721567482279, 56.235970945954996], [92.31721892695221, 56.23596943707628], [92.31722233713487, 56.23596810869577], [92.3172260682169, 56.23596687189889], [92.31722979610367, 56.23596581471046], [92.31723352239278, 56.235964847326215], [92.31723756798381, 56.23596406132981], [92.31724161197721, 56.23596336513759], [92.31724565277553, 56.23596284855381], [92.31724985162737, 56.23596251246815], [92.3172540488817, 56.23596226618666], [92.31725840259219, 56.23596229020755], [92.31726259505417, 56.23596231333864], [92.3172667827239, 56.23596260588248], [92.31727096879631, 56.23596298823048], [92.31727499042546, 56.23596354929728], [92.31727900885996, 56.23596428997253], [92.31728302569724, 56.23596512045195], [92.31728671684286, 56.23596612876059], [92.31729056763986, 56.235967227763005], [92.31729409274526, 56.23596850459469], [92.31729745500498, 56.235969870340966], [92.31730065282169, 56.23597141480612], [92.31730368779276, 56.23597304818588], [92.31730655991815, 56.23597477048028], [92.3173092691979, 56.235976581689314], [92.31731165438339, 56.23597848092341], [92.31731387512589, 56.23598055887644], [92.31731577337135, 56.23598263505028], [92.31731750877111, 56.23598480013878], [92.31731892167377, 56.235986963448106], [92.31732017173064, 56.23598921567213], [92.31732109769307, 56.23599155592128], [92.31732170275554, 56.23599380458698], [92.31732214497211, 56.235996142167366], [92.31732226309406, 56.235998567772896], [92.3173220603159, 56.236000901795], [92.3173215350403, 56.23600323403793], [92.3173208485159, 56.23600556539128], [92.31731984109128, 56.236007805161165], [92.31731851116903, 56.236010043151886], [92.31731701999789, 56.23601228025301], [92.31731520952366, 56.236014335966345], [92.31731323620316, 56.23601648059435], [92.31731094357951, 56.236018443834574], [92.31731012615442, 56.23601906801666], [92.31730846734438, 56.23602166344525], [92.3169179510025, 56.23629882714838], [92.31698473692887, 56.236315721403095], [92.31703098837049, 56.23632657462587], [92.31710728815317, 56.23634352132188], [92.31717694821188, 56.23634390572223], [92.31785395506829, 56.235835076188444], [92.3178550981687, 56.23583427417183], [92.31785771005752, 56.23583249230777], [92.31786064284606, 56.2358308020257], [92.31786373528632, 56.23582920243673], [92.31786698578233, 56.235827783345165], [92.31787055877405, 56.23582636603123], [92.31787412697757, 56.23582521813013], [92.31787785642888, 56.23582407111778], [92.31788174393597, 56.235823104602765], [92.31788562825095, 56.235822317696254], [92.31788967062185, 56.23582171128706], [92.31789387264466, 56.23582119557089], [92.31789807307143, 56.235820769658886], [92.31790226871033, 56.235820613159646], [92.31790646275331, 56.23582054646457], [92.31791065360447, 56.23582065937797], [92.31791484285975, 56.235820862095565], [92.31791902732746, 56.23582133422591], [92.31792304895143, 56.23582189527165], [92.31792706897966, 56.235822546121575], [92.31793108581633, 56.23582337657997], [92.31793493821348, 56.23582438575808], [92.3179386261712, 56.235825573655916], [92.31794215288117, 56.23582676066487], [92.3179455135559, 56.235828216197895], [92.31794887423086, 56.23582967173084], [92.31795190921848, 56.23583130509479], [92.31795478136254, 56.23583302737422], [92.31795732941502, 56.23583483768039], [92.31795971302812, 56.23583682670641], [92.31796193539343, 56.23583881484361], [92.31796399491515, 56.23584089189636], [92.31796556909714, 56.23584305608718], [92.3179671432793, 56.23584522027795], [92.31796823212164, 56.23584747160683], [92.31796915812025, 56.23584981185127], [92.31796976162278, 56.235852150318244], [92.31797020387728, 56.235854487896475], [92.31797032363556, 56.23585682369724], [92.31797014323833, 56.23585790046022], [92.31797046254304, 56.23585808184629], [92.31797013206798, 56.23585852909038], [92.31797012089766, 56.23585915772053], [92.31796959566341, 56.23586148996639], [92.31796890918096, 56.23586382132349], [92.31796790179789, 56.23586606109881], [92.31796673157075, 56.23586838978971], [92.31796508079049, 56.23587053620574], [92.31796343001004, 56.23587268262173], [92.31796129708061, 56.23587473656721], [92.31795900449855, 56.23587669981956], [92.31795867721479, 56.235876967455], [92.31795718129874, 56.23587947397691], [92.31734653871108, 56.23633828504149], [92.31743493721355, 56.23635502883861], [92.31743558061727, 56.23635512220063], [92.31743959749882, 56.236355952675034], [92.31744344993629, 56.23635696186845], [92.31744713952673, 56.236358059976624], [92.31745066467317, 56.23635933680387], [92.31745402697263, 56.236360702545895], [92.31745482683573, 56.2363610662101], [92.31754217964175, 56.23640034725052], [92.31827539900799, 56.235877006266605], [92.31827556185125, 56.23587691735062], [92.3182781737235, 56.235875135477656], [92.31828110649688, 56.2358734451856], [92.31828419892318, 56.2358718455861], [92.31828761225054, 56.23587033756746], [92.31829102238763, 56.235869009157376], [92.31829459217765, 56.23586777143982], [92.31829832002562, 56.2358667142191], [92.31830220752656, 56.23586574769087], [92.31830625308551, 56.23586496165945], [92.31831029704935, 56.2358642654322], [92.31831433622816, 56.23586383861778], [92.31831853665504, 56.23586341269149], [92.31832273229702, 56.23586325617801], [92.31832692634403, 56.235863189468695], [92.3183311172012, 56.23586330236789], [92.31833530646348, 56.23586350507123], [92.31833949094111, 56.23586397718741], [92.31834367541886, 56.23586444930342], [92.3183476938639, 56.23586518994401], [92.31835154946604, 56.23586601950054], [92.31835540187863, 56.23586702866563], [92.31835909144841, 56.23586812674663], [92.31836261658052, 56.235869403547966], [92.31836614011803, 56.23587077015349], [92.31836933796974, 56.235872314591155], [92.3183723729787, 56.23587394794484], [92.31837524514488, 56.23587567021455], [92.31837795446826, 56.235877481400316], [92.31838033810587, 56.23587947041827], [92.31838256049548, 56.23588145854797], [92.31838445879406, 56.235883534705565], [92.31838619424977, 56.23588569977926], [92.31838760720916, 56.23588786307656], [92.31838885732564, 56.23589011528996], [92.31838962210266, 56.23589245464313], [92.31839038687976, 56.23589479399628], [92.31839066791204, 56.23589713068489], [92.31839078769606, 56.235899466485286], [92.31839058498345, 56.23590180050933], [92.31839022102245, 56.235904133645185], [92.31838937331642, 56.23590646411646], [92.31838852720507, 56.235908704783455], [92.31838719734853, 56.23591094278586], [92.31838570624346, 56.235913179900045], [92.31838389423626, 56.23591532543353], [92.31838192257528, 56.235917380274444], [92.3183796300121, 56.23591934353463], [92.31837881260647, 56.23591996772385], [92.31837715227807, 56.23592265297131], [92.3176434512623, 56.23644590208376], [92.31765304966335, 56.23645026603933], [92.31765560891802, 56.236451447721564], [92.31765864394205, 56.23645308109262], [92.3176615161192, 56.236454803378756], [92.31766231279317, 56.23645534665023], [92.31783345453051, 56.2365711611601], [92.31886243748247, 56.23580219135119], [92.31886341612565, 56.235801568046305], [92.31886619080713, 56.23579969724406], [92.31886912354894, 56.23579800693798], [92.31887221594471, 56.23579640732369], [92.31887546640087, 56.23579498820554], [92.31887887810464, 56.23579356997484], [92.31888244627518, 56.23579242204454], [92.31888633694125, 56.235791275889255], [92.318890063172, 56.23579030845496], [92.31889410871113, 56.235789522404254], [92.3188981510629, 56.23578891596208], [92.31890219182097, 56.23578839932408], [92.31890639223323, 56.23578797337782], [92.3189105878647, 56.235787816844365], [92.31891478190262, 56.23578775011512], [92.31891913400128, 56.23578786388186], [92.3189233232586, 56.23578806656532], [92.31892734648754, 56.235788537774106], [92.31893152937094, 56.23578909967458], [92.3189355494131, 56.23578975049176], [92.31893940502054, 56.23579058003002], [92.31894325744118, 56.235791589176806], [92.31894694542721, 56.23579277704467], [92.31895063341346, 56.235793964912425], [92.31895399412377, 56.23579542041816], [92.31895719358647, 56.235796875036336], [92.3189602286146, 56.23579850837569], [92.31896310080165, 56.23580023063181], [92.31896580855415, 56.23580213160913], [92.31896819381109, 56.235804030811494], [92.3189704162269, 56.235806018930745], [92.31897231455365, 56.2358080950794], [92.31897405003919, 56.23581026014497], [92.31897546302903, 56.23581242343564], [92.31897671317765, 56.23581467564322], [92.31897763923703, 56.2358170158803], [92.31897824280054, 56.235819354342496], [92.31897868511612, 56.2358216919173], [92.3189786436877, 56.23582402682983], [92.31897860225929, 56.23582636174237], [92.31897807708675, 56.235828693992644], [92.31897739066613, 56.23583102535551], [92.3189763833427, 56.235833265139206], [92.31897505192963, 56.23583559295237], [92.31897356245514, 56.23583774026944], [92.31897175048434, 56.23583988581163], [92.31896977885866, 56.23584194066204], [92.31896765076496, 56.235843725212], [92.31896582126578, 56.235846858601725], [92.31791854761784, 56.23662875134497], [92.31805590600715, 56.236721836237514], [92.31916215264881, 56.23592454953247], [92.31916247833166, 56.23592437169817], [92.31916509016614, 56.23592258980639], [92.31916802290426, 56.235920899493244], [92.3191711152976, 56.235919299871505], [92.31917452859456, 56.235917791828356], [92.31917793870537, 56.23591646339377], [92.31918150847142, 56.23591522565057], [92.31918523629979, 56.23591416840308], [92.31918912378343, 56.23591320184697], [92.31919316932947, 56.235912415786494], [92.31919721328245, 56.23591171953026], [92.3192012540495, 56.23591120288255], [92.3192054528791, 56.23591086673048], [92.3192096485229, 56.23591071018693], [92.31921384257379, 56.235910643447575], [92.31921803343897, 56.23591075631674], [92.31922222271136, 56.235910958990104], [92.31922640879813, 56.235911341271965], [92.31923059169937, 56.23591190316236], [92.3192346101667, 56.235912643774206], [92.319238465793, 56.23591347330317], [92.3192423182339, 56.23591448244067], [92.31924600783381, 56.23591558049531], [92.31924953299996, 56.235916857271455], [92.3192530565736, 56.235918223851804], [92.31925625446512, 56.235919768266626], [92.31925928951571, 56.23592140159865], [92.31926216172538, 56.235923123847876], [92.31926470984568, 56.235924934127276], [92.31926725478075, 56.23592692401529], [92.31926947721915, 56.23592891212918], [92.31927137556814, 56.23593098827327], [92.3192731110761, 56.23593315333464], [92.31927452408729, 56.235935316621905], [92.31927561300891, 56.23593756793945], [92.31927653908944, 56.23593990817428], [92.31927730392157, 56.235942247522075], [92.3192775850082, 56.23594458420876], [92.31927770484631, 56.23594692000844], [92.3192776841411, 56.23594808746474], [92.31927784220423, 56.23594826796044], [92.3192775117436, 56.23594871520804], [92.31927750218735, 56.23594925403405], [92.31927713827977, 56.235951587172615], [92.31927629062648, 56.2359539176501], [92.3192752833172, 56.235956157436206], [92.31927411475921, 56.23595839633528], [92.3192726237039, 56.23596063346027], [92.31927081174389, 56.235962779006826], [92.31926884012783, 56.235964833862], [92.31926654760703, 56.2359667971387], [92.31926605749021, 56.2359671536949], [92.3192642311949, 56.235970107480334], [92.31812075721668, 56.23679323575798], [92.3182333082797, 56.23692112104107], [92.31927956422321, 56.236196700445376], [92.319281687544, 56.236195185303146], [92.31928462029796, 56.23619349498734], [92.31928771270852, 56.23619189536282], [92.31929096318298, 56.23619047623387], [92.31929453456365, 56.236189148683195], [92.3192981043514, 56.23618791093674], [92.31930183379579, 56.23618676388153], [92.31930571971154, 56.23618588712617], [92.31930960562711, 56.236185010370676], [92.31931364801413, 56.236184403915054], [92.31931785005793, 56.23618388815062], [92.31932204891638, 56.236183551994664], [92.31932624618213, 56.23618330564292], [92.31933044026266, 56.23618323889969], [92.31933463115799, 56.236183351764964], [92.31933881886818, 56.23618364423876], [92.31934300498585, 56.23618402651676], [92.31934702666896, 56.23618458751635], [92.31935104675965, 56.23618523832009], [92.31935506207283, 56.236186158536725], [92.31935891613666, 56.236187077866305], [92.31936260417355, 56.23618826572181], [92.3193661293686, 56.23618954249465], [92.31936949172179, 56.2361909081848], [92.31937285248272, 56.2361923636792], [92.31937588755976, 56.23619399700835], [92.31937875979499, 56.236195719254845], [92.31938130634632, 56.23619761933616], [92.3193836916483, 56.23619951853052], [92.31938591410842, 56.236201506642274], [92.31938797372668, 56.23620358367143], [92.31938954800381, 56.236205747844245], [92.31939112068866, 56.23620800182136], [92.31939220962475, 56.2362102531378], [92.31939313731131, 56.23621250356734], [92.31939390215585, 56.23621484291434], [92.31939418325145, 56.236217179600686], [92.31939430309737, 56.236219515400165], [92.31939428876531, 56.23622032363913], [92.31939444523763, 56.236220593938995], [92.31939411636844, 56.23622095138257], [92.31939410044392, 56.23622184942587], [92.31939373654073, 56.2362241825647], [92.31939288888834, 56.23622651304287], [92.31939187998611, 56.23622884263417], [92.31939071142651, 56.23623108153424], [92.31938906070997, 56.2362332279693], [92.31938740999324, 56.23623537440435], [92.31938527711951, 56.236237428374366], [92.31938298458826, 56.236239391653136], [92.31938118536102, 56.23624081876654], [92.31937969111587, 56.23624323550137], [92.3182965412445, 56.23699287080195], [92.31838917266043, 56.23709828274212], [92.3184067510472, 56.23710736087258], [92.31998645458549, 56.23605652681791], [92.31998776048822, 56.23605563586331], [92.31999069320048, 56.23605394553063], [92.31999378557045, 56.236052345888325], [92.31999703759813, 56.236050836936364], [92.32000060894151, 56.2360495093652], [92.32000417869364, 56.236048271598264], [92.3200079065125, 56.236047214326], [92.32001179398912, 56.236046247744014], [92.3200156782836, 56.23604546077063], [92.3200197222359, 56.23604476448751], [92.32002392425511, 56.236044248699], [92.32002812309227, 56.236043912519044], [92.32003232033843, 56.236043666143296], [92.32003651440264, 56.23604359937608], [92.32004070528498, 56.23604371221743], [92.3200448929855, 56.23604400466732], [92.3200490790952, 56.23604438692142], [92.3200531007742, 56.23604494789804], [92.32005711927154, 56.23604568848322], [92.32006113617815, 56.23604651887263], [92.32006498865421, 56.236047527984574], [92.3200686782906, 56.236048626014764], [92.32007220349648, 56.23604990276754], [92.32007556586277, 56.23605126843856], [92.32007892504761, 56.23605281371819], [92.32008196014384, 56.2360544470301], [92.32008483240048, 56.2360561692603], [92.3200873805685, 56.236057979522855], [92.3200897658969, 56.23605987870369], [92.32009198838567, 56.2360618668029], [92.320094046444, 56.23606403362477], [92.32009562234616, 56.23606610798438], [92.3200971950669, 56.23606836195265], [92.32009828404053, 56.23607061326303], [92.32009921176522, 56.23607286368741], [92.32009981540101, 56.23607520214426], [92.32010025778774, 56.23607753971511], [92.32010037767628, 56.23607987551406], [92.32010019733767, 56.236080952280254], [92.32010051665434, 56.23608113366087], [92.3201001877929, 56.23608149110631], [92.32010017347577, 56.236082299345426], [92.32009964836774, 56.236084631600534], [92.32009896360128, 56.23608687316533], [92.32009795474559, 56.23608920276256], [92.32009678623143, 56.23609144166946], [92.32009513556036, 56.2360935881141], [92.32009348488913, 56.236095734558724], [92.3200913520609, 56.23609778854106], [92.32008905798324, 56.23609984163738], [92.32008726037958, 56.23610117895686], [92.32008527130083, 56.23610422167285], [92.31851047944279, 56.23715095262623], [92.31863286043831, 56.23717946858609], [92.31863318135142, 56.23717956016616], [92.31863703390307, 56.23718056932258], [92.31864072360693, 56.23718166739529], [92.31864424886878, 56.23718294418866], [92.31864761128288, 56.23718430989835], [92.31865097050871, 56.23718585521655], [92.31865224778454, 56.237186580753836], [92.3187338944522, 56.237229511856675], [92.31967424213599, 56.2365844384984], [92.31967619943619, 56.23658319187599], [92.31967913379441, 56.236581411746634], [92.3196797835747, 56.23658114587967], [92.3209644207496, 56.235898347517214], [92.32096686171805, 56.23589710352855], [92.32097011369447, 56.235895594550875], [92.32097368498992, 56.23589426695144], [92.3209772546964, 56.235893029156294], [92.32098098247359, 56.235891971854585], [92.32098486991019, 56.23589100524194], [92.32098875416924, 56.23589021823788], [92.32099279808776, 56.235889521922864], [92.32099700007711, 56.23588900610123], [92.32100119888904, 56.235888669888176], [92.32100539452355, 56.235888513283726], [92.32100958856938, 56.2358884464835], [92.32101377943792, 56.235888559291844], [92.32101796871784, 56.23588876190441], [92.32102215482057, 56.235889144125615], [92.3210261764978, 56.235889705070605], [92.3210301949979, 56.23589044562422], [92.3210342119096, 56.23589127598207], [92.32103806439594, 56.235892285063784], [92.3210417540455, 56.23589338306499], [92.32104527926977, 56.23589465979013], [92.32104864165731, 56.23589602543481], [92.32105200086801, 56.235897570688095], [92.32105503599362, 56.23589920397627], [92.32105790828254, 56.23590092618401], [92.32106045648635, 56.235902736426645], [92.32106284026493, 56.235904725393254], [92.32106506279533, 56.235906713475124], [92.32106712248898, 56.23590879047663], [92.32106869684901, 56.235910954628366], [92.32107027120922, 56.235913118780104], [92.32107136023568, 56.235915370082076], [92.32107228642528, 56.235917710303745], [92.32107289011802, 56.235920048756014], [92.32107333256234, 56.235922386323615], [92.3210734525097, 56.235924722121815], [92.32107324996004, 56.235927056150636], [92.3210727249133, 56.23592938841007], [92.32107203861794, 56.23593171978482], [92.32107103141392, 56.23593395958583], [92.32106986296124, 56.23593619850212], [92.3210682107627, 56.23593843476432], [92.32106656015252, 56.23594058122212], [92.32106442738494, 56.23594263522144], [92.32106213495706, 56.235944598531646], [92.32105968286889, 56.23594647115275], [92.32105706953186, 56.23594834288906], [92.32105527832314, 56.23594932100527], [92.32105297000885, 56.23595218235896], [92.31977159741126, 56.23663275425378], [92.31882816083798, 56.237279248351896], [92.31889846083935, 56.23731636884887], [92.31895679535772, 56.237328006353536], [92.31895711786638, 56.23732800812846], [92.31900034709203, 56.2373365986483], [92.31912017308429, 56.23732737857056], [92.31914316997248, 56.2373219366905], [92.31939999322536, 56.23709908621338], [92.31940097507807, 56.237098283295815], [92.31940342732094, 56.23709641070832], [92.31940620207031, 56.23709453989452], [92.31940636491616, 56.23709445097708], [92.32032872473017, 56.236526333363656], [92.32033149303206, 56.236524821746116], [92.32033458542598, 56.236523222095464], [92.32033523679105, 56.236522866420714], [92.32165327491327, 56.23591119672217], [92.32166189409007, 56.23590711256898], [92.31435183735779, 56.235010815802504], [92.31264195423468, 56.23634574268135]]], [[[92.33952756466047, 56.23325242708638], [92.33876841387047, 56.2342431414122], [92.33985487549938, 56.234463864718265], [92.34000660515562, 56.2344646740752], [92.34001017257508, 56.23446352553369], [92.34023575594563, 56.2343800348612], [92.34035927726619, 56.234323841774284], [92.34095146275044, 56.23368231965118], [92.34094188791533, 56.233620118076196], [92.33952756466047, 56.23325242708638]]], [[[92.29999834821275, 56.23651484740902], [92.299092065779, 56.236344999989065], [92.29869912792736, 56.23872426104533], [92.29951875121596, 56.23850239432443], [92.30073848033038, 56.23841364152079], [92.30089034179126, 56.23665505888893], [92.29999834821275, 56.23651484740902]]], [[[92.33844128182048, 56.23627008826421], [92.33846139060257, 56.236235527965604], [92.33848166059848, 56.236200968525445], [92.33838825904391, 56.23618394360204], [92.33829308691813, 56.23616672951415], [92.338272816771, 56.23620128892324], [92.33825270783751, 56.23623584919104], [92.3382324360687, 56.23627049839763], [92.33821216581151, 56.23630505779594], [92.3381918955176, 56.23633961719067], [92.33828690522633, 56.236356920299244], [92.33838046995469, 56.236373856357034], [92.33840074009737, 56.23633929693125], [92.33842101020333, 56.23630473750188], [92.33844128182048, 56.23627008826421]]], [[[92.30237002277852, 56.23653686276684], [92.30248870131146, 56.236315782962706], [92.30188832917482, 56.236208214083234], [92.30176210210918, 56.236445147671176], [92.30237002277852, 56.23653686276684]]], [[[92.33803811885446, 56.236466418890274], [92.33795571586788, 56.23643813604468], [92.33790493172343, 56.23648402819768], [92.33790477202118, 56.236483937530245], [92.33785414900656, 56.236529830524525], [92.33780336461884, 56.23657572263459], [92.3377525801094, 56.23662161472313], [92.33783498333811, 56.236649897703735], [92.33788576778697, 56.23660400558143], [92.3379363908624, 56.23655811257491], [92.33797030127987, 56.23652748815316], [92.33809807387546, 56.236571371686665], [92.33818047725296, 56.236599654437796], [92.33824813491911, 56.23653849439296], [92.33816573162238, 56.2365102116868], [92.33803811885446, 56.236466418890274]]], [[[92.33768573596848, 56.23639259319196], [92.33778064652121, 56.23642498473547], [92.33781766564519, 56.236391772415104], [92.33772210549063, 56.236359646861935], [92.33768573596848, 56.23639259319196]]], [[[92.320602339753, 56.23749512263405], [92.32169047048406, 56.23660790098941], [92.32169292258408, 56.23660602835605], [92.32169553434812, 56.2366042464109], [92.32169716431993, 56.23660326740168], [92.32207143387022, 56.23638590503574], [92.32207289940028, 56.236385104746866], [92.32207599171068, 56.23638350505245], [92.3220792436851, 56.23638199604573], [92.32207973060882, 56.236381819087114], [92.32212066708102, 56.23636497886079], [92.32213155174617, 56.23636045802001], [92.32172815808424, 56.23597187176891], [92.32042150841005, 56.23657785676748], [92.31950568484443, 56.23714116110479], [92.31935352960296, 56.23727288839822], [92.31963336273154, 56.23720751650471], [92.31963433343854, 56.23720734221553], [92.31963821785834, 56.23720655525443], [92.3196422619399, 56.2372058589841], [92.3196464624994, 56.23720543301316], [92.3196487248289, 56.23720517601203], [92.31980296575718, 56.237192282517825], [92.31999522076715, 56.23704541699965], [92.31999652829461, 56.23704443624087], [92.3199993030114, 56.237042565413674], [92.31999946585566, 56.23704247649544], [92.32041229868888, 56.236788328037875], [92.32041490575436, 56.23678681553299], [92.32041799816602, 56.23678521588037], [92.32042141149154, 56.23678370780311], [92.32042482163664, 56.23678237933443], [92.32042839144351, 56.23678114155554], [92.32043211932212, 56.23678008427077], [92.32043600686256, 56.23677911767573], [92.32043989122273, 56.236778330689276], [92.32044393524477, 56.23677763439255], [92.3204481373387, 56.236777118589885], [92.32045233625249, 56.23677678239575], [92.32045653198621, 56.23677662581018], [92.32046072612991, 56.236776559028804], [92.32046491709363, 56.23677667185597], [92.32046910646741, 56.23677687448732], [92.3204732926613, 56.236777256727244], [92.3204774756754, 56.23677781857566], [92.32048149425763, 56.236778559147204], [92.32048534999804, 56.23677938863748], [92.32048920255876, 56.23678039773633], [92.32049289227767, 56.23678149575392], [92.3204964175649, 56.23678277249465], [92.32049994126244, 56.23678413903964], [92.32050313927627, 56.23678568342232], [92.32050617444835, 56.23678731672382], [92.3205090467787, 56.23678903894415], [92.32051159501518, 56.23679084919792], [92.32051414007215, 56.236792839060314], [92.32051620137295, 56.236794826266376], [92.32051826108412, 56.23679690327675], [92.32051999670134, 56.2367990683206], [92.3205214098144, 56.236801231593596], [92.32052249883343, 56.23680348290007], [92.32052342501053, 56.23680582312548], [92.32052418993554, 56.236808162465465], [92.32052447110404, 56.236810499149215], [92.32052459102032, 56.23681283494753], [92.32052457989143, 56.23681346357793], [92.32052473796395, 56.23681364407203], [92.32052457035236, 56.23681400240398], [92.32052402459176, 56.23681750211712], [92.32052317699456, 56.23681983260295], [92.32052216973483, 56.23682207239902], [92.32052100122272, 56.236824311309654], [92.32051951020591, 56.23682654844946], [92.32051769827423, 56.23682869401406], [92.32051556542761, 56.23683074800341], [92.32051343417064, 56.236832712188395], [92.32051082074638, 56.23683458391272], [92.32050935039703, 56.23683565359593], [92.32050786255886, 56.2368377111269], [92.3204413386032, 56.23687874965291], [92.32057584184383, 56.23691487455761], [92.32068576687983, 56.236918262250235], [92.32074524063628, 56.23690197330205], [92.3211145156835, 56.236675694906396], [92.32111712271373, 56.236674182386615], [92.32112021508716, 56.236672582716324], [92.32112346553512, 56.23667116353929], [92.32112687564603, 56.23666983505115], [92.32113044541995, 56.23666859725192], [92.32113433610846, 56.23666745102615], [92.32113806077993, 56.23666657332871], [92.32114210795449, 56.23666569740039], [92.32114615036372, 56.236665090885005], [92.32115019118443, 56.236664574173844], [92.3211543916683, 56.23666414815148], [92.32115858738703, 56.23666399154205], [92.32116278151739, 56.23666392473685], [92.32116713372267, 56.23666403842479], [92.32117132308807, 56.23666424103235], [92.32117550768855, 56.23666471305287], [92.32117952944922, 56.23666527399301], [92.32118354962175, 56.23666592473741], [92.32118756502955, 56.236666844894735], [92.32119125793425, 56.23666776328285], [92.32119494607434, 56.23666895108392], [92.32119863262642, 56.23667022868924], [92.32120199508718, 56.23667159432978], [92.3212051947083, 56.23667304889002], [92.32120822990153, 56.23667468217438], [92.3212111022551, 56.23667640437851], [92.32121381018082, 56.23667830530677], [92.32121619560343, 56.236680204465976], [92.32121841818638, 56.23668219254495], [92.32122031667794, 56.23668426865925], [92.3212220523298, 56.23668643369339], [92.32122346389019, 56.23668868676284], [92.32122471419903, 56.23669093894779], [92.32122564200452, 56.23669318936371], [92.32122624571845, 56.236695527815], [92.32122668818067, 56.2366978653818], [92.32122680813941, 56.23670020117957], [92.32122660559459, 56.23670253520837], [92.32122608054618, 56.236704867468184], [92.3212253942459, 56.23670719884346], [92.32122438544194, 56.23670952844977], [92.32122305572238, 56.236711766482685], [92.32122156633908, 56.236713913826726], [92.32121975445192, 56.23671605940175], [92.32121778290092, 56.236718114287875], [92.32121549043423, 56.236720077600594], [92.32121303671545, 56.23672204002873], [92.32121091661776, 56.236723375595375], [92.32120959166166, 56.236725344215074], [92.3210509794844, 56.23682138237518], [92.32083250981418, 56.236955352195], [92.32082990434273, 56.236956774904286], [92.32082681193425, 56.236958374567195], [92.32082355986185, 56.236959883540614], [92.32082031255665, 56.23696112310091], [92.32081672526468, 56.236963348738875], [92.3207269445651, 56.236988093418574], [92.32071547176363, 56.236989377637485], [92.32071514766828, 56.23698946567149], [92.32071094555461, 56.23698998148316], [92.32070932984605, 56.23699015224011], [92.32069478687905, 56.23699177885613], [92.32055569233374, 56.236987243074005], [92.32055039483318, 56.236985866791436], [92.32054620861574, 56.236985484554076], [92.32054202557802, 56.236984922707926], [92.32053800697302, 56.23698418213833], [92.32053415121095, 56.236983352649666], [92.32053142262973, 56.236982619163086], [92.32042677228405, 56.236954561706206], [92.32034986932325, 56.23693509898798], [92.3200973160049, 56.23709025582718], [92.31993906503708, 56.23721117277465], [92.32002367829983, 56.23723238456197], [92.32002640688899, 56.23723311805975], [92.32003009663798, 56.23723421609114], [92.32003362195115, 56.23723549284503], [92.32003698441959, 56.237236858517086], [92.32003842456841, 56.237237495121846], [92.32011232734921, 56.23727158107812], [92.32011376750059, 56.237272217682], [92.3201142464905, 56.23727248975285], [92.32022233819383, 56.23720644227955], [92.32049217859026, 56.23704042291916], [92.32049478725973, 56.237038820608355], [92.32049787809855, 56.23703731075818], [92.32050113019028, 56.23703580179337], [92.32050470160826, 56.237034474208045], [92.32050827143608, 56.23703323642695], [92.32051199933709, 56.237032179139874], [92.3205158869011, 56.237031212542426], [92.32051977287507, 56.23703033574922], [92.32052381533242, 56.23702972925431], [92.32052801745292, 56.237029213449006], [92.32053221639363, 56.23702887725226], [92.32053641374443, 56.237028630859704], [92.32054060791556, 56.23702856407569], [92.32054479890704, 56.23702867690021], [92.32054898671896, 56.23702896933326], [92.32055317294116, 56.23702935157053], [92.32055719473075, 56.237029912530964], [92.32056121493069, 56.23703056329559], [92.32056523036147, 56.23703148347312], [92.32056908294956, 56.23703249256947], [92.32057277269496, 56.23703359058472], [92.32057629800795, 56.23703486732321], [92.32057966047827, 56.237036232980564], [92.32058301976942, 56.237037778246524], [92.32058605655449, 56.23703932174172], [92.32058892731747, 56.23704113376453], [92.32059147557437, 56.237042944016615], [92.32059386098862, 56.23704484318767], [92.3205960835602, 56.23704683127769], [92.32059814328912, 56.23704890828672], [92.3205997176689, 56.23705107244407], [92.3206012904592, 56.23705332640574], [92.32060237948994, 56.23705557771147], [92.32060330726756, 56.23705782813185], [92.32060391094909, 56.23706016658597], [92.32060435337742, 56.23706250415477], [92.32060447329926, 56.237064839952936], [92.3206042707145, 56.23706717398048], [92.32060374562313, 56.23706950623739], [92.32060305927838, 56.23707183760898], [92.3206020504269, 56.23707416720995], [92.32060088191164, 56.23707640612125], [92.32059923122594, 56.23707855257223], [92.32059758054004, 56.23708069902321], [92.32059544768357, 56.23708275301385], [92.32059315516321, 56.23708471631479], [92.32059070138924, 56.237086678730364], [92.32058841681695, 56.2370881930095], [92.32058742386128, 56.237089624566934], [92.32021486414088, 56.23731884718356], [92.32060070335653, 56.23749646084587], [92.320602339753, 56.23749512263405]]], [[[92.33768205701497, 56.23609178989709], [92.33777274157225, 56.23610736380797], [92.33779394553017, 56.2360747853614], [92.33770149969209, 56.236058483535544], [92.33768205701497, 56.23609178989709]]], [[[92.32388668781836, 56.23353627788812], [92.32396112996814, 56.233988175027285], [92.3239921800259, 56.23433107139591], [92.32446985253833, 56.234237849455994], [92.32437856903339, 56.23406446090379], [92.32473422144224, 56.23401395138922], [92.32484542811916, 56.23398985960293], [92.32481451334951, 56.233923049615356], [92.32489411850098, 56.233917017406625], [92.32467180591192, 56.233537870847364], [92.32412968858162, 56.23353679707474], [92.32410050281781, 56.233536727472284], [92.32388668781836, 56.23353627788812]]], [[[92.33757460211332, 56.23649663042795], [92.33757187478807, 56.2364958075117], [92.3375348476008, 56.23652946878052], [92.3376243393467, 56.2365581491022], [92.33766152928486, 56.23652439886505], [92.33769153731353, 56.236495639703925], [92.33772433305722, 56.23646420106633], [92.33763757187648, 56.236436164122416], [92.33760333257335, 56.236467145945355], [92.33760605834739, 56.236468058665565], [92.33757460211332, 56.23649663042795]]], [[[92.32831835834992, 56.237503115388655], [92.32834177233826, 56.23770415416721], [92.32917013553204, 56.237690774640356], [92.32917049781327, 56.23764236739773], [92.33004700076961, 56.23772588173828], [92.33192222484273, 56.23790432918823], [92.33222894041555, 56.23794280798011], [92.33249956507694, 56.23738590075197], [92.33254049297467, 56.23728589022565], [92.33231103135252, 56.237256630712615], [92.33237970339184, 56.23708213533868], [92.33197601810241, 56.23702822450617], [92.33231363998655, 56.23624454219964], [92.33213543572495, 56.23621708571306], [92.33217257829995, 56.23613070643687], [92.33055428436373, 56.23592733748638], [92.33053304285004, 56.23598021224913], [92.33050344194791, 56.235976100331], [92.33033273017512, 56.236341972959195], [92.33013453846003, 56.23676679354648], [92.33004181073282, 56.23675748988381], [92.32966184192696, 56.23672184210442], [92.32906720069072, 56.23684453733592], [92.3290312644507, 56.236852246036065], [92.32700936296655, 56.23730775539306], [92.32710868607758, 56.23743762625856], [92.32708149288197, 56.23744331623606], [92.32721777341911, 56.2376269165274], [92.32808391835334, 56.23758330306818], [92.32822867992654, 56.23750379616732], [92.32831835834992, 56.237503115388655]]], [[[92.33753512928828, 56.23613941260291], [92.33751084586616, 56.23618221319701], [92.33748656083942, 56.23622510359058], [92.33758029233907, 56.236241681896765], [92.33760457572201, 56.23619888128938], [92.33761056670906, 56.23618813580282], [92.33772616777158, 56.23620833376609], [92.33775527752323, 56.2361568471023], [92.33763967660006, 56.23613664916638], [92.33765282137443, 56.23611318852816], [92.33767710459419, 56.236070387905244], [92.33758369596907, 56.23605381139917], [92.33755941420587, 56.23609652219897], [92.33753512928828, 56.23613941260291]]], [[[92.32918145849236, 56.23823321669588], [92.3322043007535, 56.238496910854906], [92.33238031590264, 56.23840050331156], [92.33221178558213, 56.2383448080793], [92.33221003048375, 56.238343720852654], [92.33220874822443, 56.23834326486836], [92.33220522396468, 56.23834189865578], [92.33220202534848, 56.23834035457449], [92.33219898955414, 56.23833872155876], [92.33219739259019, 56.23833781481123], [92.3321488793022, 56.23830827397674], [92.33213131898091, 56.23829794052756], [92.33213100740265, 56.23829731015518], [92.33213037018118, 56.23829685765131], [92.33212766003658, 56.23829504676539], [92.33212527397264, 56.23829314781549], [92.33212305073057, 56.23829115993134], [92.33212115156914, 56.23828908398325], [92.33211941522951, 56.238286919100894], [92.33211800297046, 56.23828466615464], [92.33211675197035, 56.23828241407869], [92.33211582348792, 56.238280163743376], [92.33211521908594, 56.238277825344156], [92.33211506407841, 56.23827746525569], [92.33210321047949, 56.23821722659039], [92.33210213168078, 56.238214346752855], [92.33210246670046, 56.238213630057245], [92.33210217075171, 56.23821210163947], [92.33210221138549, 56.238209766721525], [92.33210225201925, 56.23820743180361], [92.33210277642837, 56.23820509949669], [92.33210346209587, 56.2382027680601], [92.33210430277038, 56.23820079671201], [92.33212672092016, 56.23815439458542], [92.33212806880869, 56.23815107878], [92.3321827754315, 56.238037850421826], [92.33175036892825, 56.23799348369333], [92.33032646251043, 56.23784729472102], [92.32975639889274, 56.237799212165186], [92.32938830716208, 56.23777548322511], [92.3291892043928, 56.237762369156044], [92.3274968256782, 56.23778955787653], [92.32749424399971, 56.237789633659574], [92.32749166546844, 56.23778952983361], [92.32724406986164, 56.23778279525336], [92.32720562851986, 56.23813573101195], [92.32918145849236, 56.23823321669588]]], [[[92.33738448367586, 56.2365891976635], [92.33744928368918, 56.236600232367685], [92.33747709944919, 56.23654900828131], [92.33741375077874, 56.236537981362424], [92.33738448367586, 56.2365891976635]]], [[[92.32997672083926, 56.23572850902445], [92.32776390131995, 56.23543189028704], [92.32775740778143, 56.23554483981581], [92.32779942424487, 56.23558584318298], [92.32780167069795, 56.23558648407733], [92.32780519612048, 56.235587760610414], [92.32780855872318, 56.235589126072], [92.32781175693334, 56.23559067026657], [92.32781479232374, 56.23559230338965], [92.32781766489433, 56.235594025441266], [92.32782037464511, 56.23559583642139], [92.32782276032877, 56.23559773545419], [92.32782498161991, 56.235599813220034], [92.32782688041652, 56.235601889234076], [92.32782846143664, 56.23560369408284], [92.32782861639329, 56.235604054176704], [92.32785524444382, 56.23563976477834], [92.32796038263783, 56.235741375478966], [92.32825431479434, 56.2356889937974], [92.32849037713908, 56.235635219642006], [92.32869317452061, 56.23588824551944], [92.32872315210139, 56.23592612961318], [92.32907130359781, 56.23583488162238], [92.32915304092593, 56.23593771161227], [92.3293114468711, 56.23589824421267], [92.32946044313243, 56.23608352761581], [92.32930840220102, 56.23611862886684], [92.3293998534227, 56.23621935582098], [92.3295531783954, 56.23618462066613], [92.3296967398866, 56.236367269746694], [92.32955393953647, 56.23639954733777], [92.32964595050318, 56.23651446759015], [92.32997672083926, 56.23572850902445]]], [[[92.33734713986756, 56.236426346427535], [92.33732269479796, 56.236478486666066], [92.33741631675238, 56.23649210067992], [92.33744109660809, 56.2364392437122], [92.33749306293974, 56.236446347722804], [92.33751504404013, 56.23639679883588], [92.33754021904933, 56.236339722754444], [92.33739413510638, 56.23631972065193], [92.33736895989354, 56.23637679670335], [92.33734713986756, 56.236426346427535]]], [[[92.32886868708638, 56.235137911520674], [92.32791448143169, 56.23534199704469], [92.32781687404868, 56.23536293219309], [92.32918388345944, 56.23554782083663], [92.32886868708638, 56.235137911520674]]], [[[92.33802148861189, 56.23614030889378], [92.3381089654578, 56.23615487745516], [92.33814062987533, 56.23610484137362], [92.33867432833827, 56.23620352515512], [92.3394246986474, 56.23495706721366], [92.33787885084475, 56.234649189325104], [92.33779346605607, 56.23489679587404], [92.33755320788423, 56.23534421554813], [92.33732135379775, 56.23581826438475], [92.33726083883869, 56.23594206182347], [92.33805077000696, 56.236088194388735], [92.33804661021236, 56.23609562661247], [92.33795382467673, 56.236080311101055], [92.33792439584822, 56.23613161647816], [92.33789496694052, 56.23618292184764], [92.33789512664151, 56.23618301251509], [92.33786553640448, 56.236234317014194], [92.33783610733843, 56.236285622368435], [92.33792983758961, 56.23630229021509], [92.3380237291734, 56.23631895885353], [92.33805396116985, 56.236267837376566], [92.33795894559164, 56.23625089330838], [92.33798805351523, 56.236199496394185], [92.33798789226502, 56.23619949553154], [92.3380170001104, 56.236148098609924], [92.33802148861189, 56.23614030889378]]], [[[92.33044026756215, 56.23590902745377], [92.33029318705809, 56.23589098744505], [92.32999662341722, 56.235853995762824], [92.32989000494841, 56.23610471526918], [92.3300251285232, 56.23612412802707], [92.33032197760483, 56.23616336650312], [92.33044026756215, 56.23590902745377]]], [[[92.33727968502207, 56.23690531694485], [92.33729591115802, 56.23687154435834], [92.33719570176461, 56.23685645796659], [92.33717931429398, 56.23689022967615], [92.33727968502207, 56.23690531694485]]], [[[92.33006903702395, 56.233331270164285], [92.33021714336036, 56.233382367232906], [92.3303257738883, 56.23328380156888], [92.33017977170825, 56.23323226695353], [92.33006903702395, 56.233331270164285]]], [[[92.33585771236169, 56.23655532645837], [92.33524676517946, 56.23653138903774], [92.33532755326081, 56.23654107373289], [92.3353674643397, 56.23654586856021], [92.3353711653508, 56.236546337502865], [92.33537518419992, 56.236547077591375], [92.3353792014941, 56.23654790748437], [92.33538305442677, 56.23654891612044], [92.33538674455296, 56.236550013694966], [92.33538882838346, 56.23655074339048], [92.33551752828077, 56.23659679008852], [92.33555615365816, 56.23661064906078], [92.33555759559701, 56.236611195680936], [92.3355609585665, 56.23661256093251], [92.33556415717509, 56.23661410492742], [92.3355671929774, 56.236615737861044], [92.33557006597343, 56.23661745973342], [92.33557277616319, 56.236619270544544], [92.33557516229477, 56.23662116942862], [92.33557738562007, 56.2366231572515], [92.33557928488712, 56.236625233147365], [92.33558102134783, 56.236627397982026], [92.33558243375023, 56.236629650889704], [92.33558368490087, 56.23663190293158], [92.3355846135477, 56.23663415324187], [92.33558521813609, 56.236636491625205], [92.3355853716151, 56.23663694151409], [92.33561160317674, 56.23677054442315], [92.33561189303649, 56.2367724320517], [92.33561181375488, 56.23677701208736], [92.3355825577156, 56.23700444106505], [92.33555906978002, 56.23718744358373], [92.33555124325665, 56.23727622657864], [92.33541791949693, 56.23759021524889], [92.33542979988512, 56.237649196350354], [92.335493814802, 56.23769633266464], [92.33555331842388, 56.23769665217351], [92.33604386052357, 56.237699285083515], [92.33623462691791, 56.23770030846785], [92.33628903789717, 56.23766871670981], [92.3363540375872, 56.2376309846207], [92.33638189500174, 56.23761478805628], [92.33644724450517, 56.237528828240194], [92.33655048598608, 56.23727530095046], [92.33679469768616, 56.236675132636705], [92.33677731969435, 56.23667288398924], [92.33585771236169, 56.23655532645837]]], [[[92.33163253384849, 56.23529540378264], [92.33159639014772, 56.23540774426628], [92.33162843288837, 56.235410521918034], [92.33183792094967, 56.2354285380801], [92.33187817508224, 56.23532088999826], [92.33180461214353, 56.2353132179399], [92.33163253384849, 56.23529540378264]]], [[[92.33532885802997, 56.23661472737805], [92.33531871937959, 56.23661350535199], [92.33522584879576, 56.2368451730088], [92.33545456149128, 56.23687110001776], [92.33547782972296, 56.236812577102995], [92.33548267066394, 56.236775151091294], [92.33546044350238, 56.236661777576245], [92.33532885802997, 56.23661472737805]]], [[[92.33296875426159, 56.236334205876496], [92.33236701260243, 56.236254170718496], [92.33211348152663, 56.236839281464704], [92.33273075113848, 56.23691715622852], [92.33283216284686, 56.23671454604559], [92.33284436978097, 56.236689554033966], [92.33290697324495, 56.23651143312443], [92.33296875426159, 56.236334205876496]]], [[[92.3353057178724, 56.232158710535764], [92.33694843293297, 56.2321820736171], [92.33706499089021, 56.23214614423569], [92.33763262350564, 56.23219058785321], [92.33763061052531, 56.23193344239845], [92.3370718192313, 56.23176007461767], [92.33526811420141, 56.231350460594264], [92.3353057178724, 56.232158710535764]]], [[[92.33311766588955, 56.23726798574656], [92.3328531519295, 56.23723270049227], [92.3326700436704, 56.23770960803874], [92.33341477547988, 56.237803614455], [92.3342231670722, 56.23790029402399], [92.33438027740407, 56.23787060278158], [92.33410842863093, 56.237486267596296], [92.33337949116549, 56.23738381818802], [92.33337788329446, 56.23738354008761], [92.3333738643969, 56.237382799934224], [92.33337000831435, 56.23738197084481], [92.33336615535163, 56.237380962146126], [92.33336246520398, 56.237379864511446], [92.33335893943125, 56.2373785881362], [92.33335541521863, 56.23737722195631], [92.33335413453766, 56.23737667617927], [92.33311766588955, 56.23726798574656]]], [[[92.33496057447034, 56.237235422011686], [92.33520299083284, 56.23660066911968], [92.33520333044682, 56.236599683001465], [92.33513992324103, 56.23659206749543], [92.3349374923455, 56.23700393976026], [92.33493748923324, 56.23700411936945], [92.33493616030185, 56.23700635755149], [92.3349346701168, 56.237008594866886], [92.3349328605368, 56.23701065083976], [92.33493088814691, 56.23701279575059], [92.33492859636203, 56.23701475931889], [92.3349261448795, 56.237016632215855], [92.33492337244581, 56.23701841357487], [92.33492044031446, 56.237020104262584], [92.33491734848545, 56.23702170427894], [92.33491409695878, 56.237023213623964], [92.33491068729069, 56.237024542493025], [92.33490695667138, 56.23702577982401], [92.33490322916424, 56.23702683754569], [92.33489950321311, 56.23702780546267], [92.33489545786709, 56.23702859203693], [92.33489141407713, 56.237029288806454], [92.3348872121459, 56.23702980509993], [92.33488317458072, 56.23703014265078], [92.33487897731813, 56.23703038953017], [92.33487462191441, 56.237030455933514], [92.33487043087689, 56.2370303435942], [92.33486624295199, 56.23703005164554], [92.33486205658348, 56.23702966989214], [92.33485803458127, 56.23702910939612], [92.33485401569186, 56.237028369290776], [92.33484999835892, 56.237027539380705], [92.33484678729414, 56.23702671380424], [92.33477837062124, 56.237215043084824], [92.33496057447034, 56.237235422011686]]], [[[92.33287824605765, 56.23716215296169], [92.33316222763186, 56.23720005783401], [92.33316447895041, 56.23720042921756], [92.33316849938508, 56.23720107957316], [92.33317251669936, 56.23720190953777], [92.33317620838473, 56.23720291737351], [92.33318005820406, 56.23720410568721], [92.33318358551506, 56.23720529226297], [92.33318694689126, 56.23720674738341], [92.3331882275642, 56.237207293162164], [92.3334250169904, 56.237316075002475], [92.33410858527445, 56.237412172740804], [92.33422156460942, 56.237146664805834], [92.33422253057606, 56.23714675981582], [92.33433603725541, 56.23687865003061], [92.33399829817962, 56.23683471050671], [92.33345894867276, 56.23676444683502], [92.33345540735733, 56.23676406850834], [92.33305443706962, 56.236711792443444], [92.33303591436254, 56.23675686854376], [92.33294545470318, 56.23698818826803], [92.33294448874376, 56.23698809324807], [92.33287824605765, 56.23716215296169]]], [[[92.33501053354615, 56.236576553107646], [92.33474885817117, 56.23654514910471], [92.3346416423515, 56.2365529252813], [92.33458795557222, 56.2366078715881], [92.33449544808467, 56.2368183448006], [92.3345506363149, 56.23682564699967], [92.33454962520163, 56.23682815632564], [92.33449540292715, 56.23682094913398], [92.33444554559168, 56.23693402496653], [92.33434853708697, 56.237162167009956], [92.33441451735358, 56.237170245822746], [92.33441485855032, 56.23716916990227], [92.33447085665439, 56.237176296865094], [92.33476372449056, 56.23721334771835], [92.33483764875591, 56.237023611042474], [92.33483556646672, 56.23702279153309], [92.33483236785368, 56.23702124751945], [92.33482933205084, 56.23701961456789], [92.33482645905822, 56.23701789267845], [92.33482374887578, 56.23701608185111], [92.33482136275708, 56.237014182952684], [92.33481913944856, 56.237012195116385], [92.33481724176013, 56.23701002940444], [92.33481550376902, 56.237007954363854], [92.33481409139794, 56.237005701447636], [92.33481284028052, 56.23700344939819], [92.33481191167023, 56.23700119908235], [92.3348113071234, 56.23699886069547], [92.33481086383013, 56.23699652317539], [92.3348107430438, 56.23699418738891], [92.3348109463208, 56.23699176353143], [92.33481147054822, 56.23698943121215], [92.33481215602899, 56.23698709975965], [92.33481315934726, 56.23698503945457], [92.33500088319099, 56.23660299607547], [92.33501359110485, 56.236576928790235], [92.33501053354615, 56.236576553107646]]], [[[92.33348390702939, 56.23569868070508], [92.33335035197736, 56.23568179493761], [92.33332058097257, 56.23576174774332], [92.33319487666766, 56.23608197227952], [92.3332171842708, 56.23608819976596], [92.33381308841437, 56.2361421536014], [92.33381721856215, 56.236145768355584], [92.3339669144548, 56.23616193217101], [92.33409888959443, 56.23585170985996], [92.33404691691558, 56.235845053449786], [92.3339664655913, 56.23583465122074], [92.33345543345631, 56.23576894072681], [92.33346520380263, 56.23574492347067], [92.33348390702939, 56.23569868070508]]], [[[92.33474801336544, 56.23647293492969], [92.3347522074548, 56.23647286766379], [92.3347563984311, 56.23647298000696], [92.33476058785088, 56.23647318215461], [92.3347647741577, 56.236473563911346], [92.33476509510375, 56.23647365544965], [92.33503626672368, 56.236506098392155], [92.33504659315174, 56.236477862794686], [92.33499558385408, 56.23647139158934], [92.33410876987726, 56.23636046378672], [92.333930982071, 56.23633678427827], [92.33381895891992, 56.23632423613049], [92.33333740808777, 56.23626919200068], [92.33320052613868, 56.236647914369854], [92.33436978383598, 56.23680186183735], [92.3344646382572, 56.23658628199894], [92.33446514069894, 56.23658520694543], [92.33446646964298, 56.236582968768325], [92.33446795983856, 56.23658073145844], [92.33446976942297, 56.236578675492225], [92.33447059281066, 56.23657769197779], [92.33454398177832, 56.236502553939836], [92.33454512922222, 56.23650148235457], [92.33454742255283, 56.2364994289886], [92.33454987402054, 56.236497556098925], [92.3345526464337, 56.23649577474807], [92.33455557854096, 56.23649408406888], [92.33455867034229, 56.236492484061344], [92.33456192183775, 56.23649097472545], [92.3345653314703, 56.236489645865824], [92.33456906204832, 56.23648840854492], [92.33457278951217, 56.236487350833094], [92.33457651541886, 56.23648638292579], [92.33458056071413, 56.23648559636175], [92.33458460445229, 56.2364848996022], [92.33458880632777, 56.23648438331881], [92.33459235852722, 56.23648413298076], [92.33474317115792, 56.23647317833714], [92.33474381771953, 56.23647309200006], [92.33474801336544, 56.23647293492969]]]]}}, {"type": "Feature", "properties": {"name": "‡®­л бҐ«мбЄ®е®§п©бвўҐ­­®Ј® ЁбЇ®«м§®ў ­Ёп", "source": "ѓҐ­Ґа «м­л© Ї« ­"}, "geometry": {"type": "MultiPolygon", "coordinates": [[[[92.33885222810606, 56.23260701689714], [92.33884691198608, 56.232606719053614], [92.33783458568386, 56.23255056159147], [92.33781244767404, 56.23260936045859], [92.33780375625523, 56.23271125171418], [92.33890665063551, 56.23278019769932], [92.33894224819664, 56.23278245357719], [92.33894675816224, 56.23278274710981], [92.33890639773718, 56.232701250719025], [92.33885222810606, 56.23260701689714]]], [[[92.33818532676622, 56.23205352672154], [92.33809119410112, 56.23202338492135], [92.33801120892777, 56.23203310590504], [92.33787013517633, 56.232256434573664], [92.33783012740817, 56.23236031377015], [92.33865959523644, 56.23237885040063], [92.33858327078417, 56.232279019447624], [92.33818532676622, 56.23205352672154]]], [[[92.33756399386996, 56.23333632430152], [92.33754401583413, 56.23333531921906], [92.33720503891665, 56.23334598802192], [92.33718336935812, 56.23336823538928], [92.3370504221475, 56.233372552715295], [92.33704833807465, 56.23342786636129], [92.33703901276546, 56.2336223513666], [92.33709960464708, 56.23362465186735], [92.33738883556286, 56.2336374276079], [92.33754504403508, 56.2336401500493], [92.33754869950292, 56.23358717994943], [92.33755105121631, 56.23355369229039], [92.33756399386996, 56.23333632430152]]]]}}, {"type": "Feature", "properties": {"name": "‡®­л аҐЄаҐ жЁ®­­®Ј® ­ §­ зҐ­Ёп", "source": "ѓҐ­Ґа «м­л© Ї« ­"}, "geometry": {"type": "MultiPolygon", "coordinates": [[[[92.33348170076854, 56.23973531267947], [92.33347830328712, 56.23973592307147], [92.33345995245058, 56.23974318889463], [92.33331304819704, 56.23962123991078], [92.3332397349603, 56.23979364502872], [92.33338354863704, 56.23986142024563], [92.3333707745537, 56.23989116933025], [92.33322728643975, 56.23982321622732], [92.33322712361417, 56.239823305162965], [92.33313514356112, 56.23977978914514], [92.33313581358972, 56.239778355748676], [92.33301660912936, 56.23972373575547], [92.33264652068799, 56.239553969963026], [92.33263035925977, 56.23961154272076], [92.33262483187723, 56.23966971170185], [92.3326301092234, 56.239727938950374], [92.3326462038408, 56.23978550602887], [92.33267280417778, 56.23984178256235], [92.33270975682, 56.23989631865203], [92.33275659050051, 56.23994839324406], [92.33281282925911, 56.239997554696465], [92.33287783898238, 56.240043170887475], [92.33286289211533, 56.24005871776284], [92.33286098283021, 56.240075771928424], [92.33279160015024, 56.24003120990761], [92.33273066592004, 56.23998310088348], [92.332678494848, 56.239931895630185], [92.33263588699224, 56.23987795772512], [92.33260315391955, 56.23982191754902], [92.33258060718933, 56.23976440548076], [92.33256840021384, 56.2397058714181], [92.33256668327843, 56.23964694486532], [92.33257560666634, 56.239588255324215], [92.33259499969436, 56.239530340749766], [92.33203515099119, 56.2392736883843], [92.33203190228642, 56.23927501804325], [92.3320053191714, 56.23928268828083], [92.33194274156632, 56.239292050277946], [92.3319322422741, 56.239292981540814], [92.33189693036353, 56.23929252146667], [92.33186231822708, 56.23928892170704], [92.33182921375146, 56.2392820968116], [92.33179857983092, 56.23927232141955], [92.33160066379418, 56.23930169919664], [92.3314007261338, 56.23932675471353], [92.33119925383322, 56.23934731096626], [92.3311793400187, 56.239323941785784], [92.33143159273439, 56.23929539712576], [92.33168090150276, 56.23925992045596], [92.33192693898124, 56.23921777946613], [92.33216873903983, 56.239168879149275], [92.33240613561777, 56.239113488073414], [92.33251453083432, 56.239084703944236], [92.33249814731619, 56.239071592695524], [92.33233221588299, 56.239098090516315], [92.33216332963055, 56.2391182852622], [92.33199246090112, 56.23913191273071], [92.33182025482989, 56.23913897639682], [92.33164751781638, 56.239139480609815], [92.3314752190875, 56.23913334079023], [92.33130400378158, 56.23912056042565], [92.33113483642911, 56.23910132435941], [92.33096852342265, 56.2390756369592], [92.33096251601161, 56.23906868888293], [92.3310371285975, 56.23904430386159], [92.3311717135816, 56.239067484558674], [92.33130880215778, 56.239085828737025], [92.3314475895314, 56.23909924222774], [92.33158759186415, 56.239107722411894], [92.33172832531618, 56.239111266672815], [92.3319053300619, 56.23910647436563], [92.33208163160819, 56.2390957503548], [92.33225626386357, 56.239078999617696], [92.33242889953739, 56.23905648983486], [92.33259857254548, 56.239028125991666], [92.33276495717031, 56.23899408597018], [92.3329274067391, 56.23895445611082], [92.3330851102039, 56.23890950149714], [92.33329858088219, 56.23882937102297], [92.33350456810815, 56.23874363147489], [92.33370291058068, 56.238652282021654], [92.33389295855085, 56.23855558864137], [92.33407438324927, 56.23845390885467], [92.3340267166784, 56.23844053964976], [92.33376337449504, 56.238513756730704], [92.33349466231756, 56.238580387985465], [92.33322090121725, 56.23864052492187], [92.33294290073434, 56.238693992244066], [92.33266082381871, 56.23874070098904], [92.33237531721072, 56.23878056480482], [92.33208719048362, 56.2388134084109], [92.33179660348662, 56.238839322464756], [92.33159332863718, 56.23885241514329], [92.33157838312383, 56.2388586213256], [92.3313568268629, 56.23893978291137], [92.33091888758273, 56.23908273326753], [92.32824010508472, 56.23979947824865], [92.32755141272696, 56.240169090471824], [92.32735742804431, 56.240350985274056], [92.32696117486148, 56.240506273007085], [92.32620755045295, 56.24065943461509], [92.32704259007856, 56.24107837530786], [92.3274075373944, 56.24114520425425], [92.32756966557193, 56.241133960546975], [92.32840734627004, 56.24106243774309], [92.32856567645261, 56.24128666168382], [92.32904441805208, 56.24127497792022], [92.32922040903303, 56.24123650407287], [92.32930678952216, 56.241231224216335], [92.3293890055625, 56.24121505436655], [92.32945150168797, 56.24118288072266], [92.32950716540188, 56.24113558145507], [92.32955670326709, 56.241060406962056], [92.32960799761818, 56.241032393761564], [92.3297316616939, 56.24099785692712], [92.32980378448421, 56.240977770179825], [92.32986631280842, 56.2409437104299], [92.329911042008, 56.24090371643175], [92.32997386576804, 56.24088043578109], [92.33011002182533, 56.24085090591531], [92.33016281946885, 56.24085684991713], [92.3302074937378, 56.24088466428931], [92.33024928905657, 56.24089261440357], [92.3305014459174, 56.24089793057482], [92.33059210934556, 56.24088746384317], [92.3307475986909, 56.240822112676035], [92.33097142024462, 56.24078748751959], [92.33104568697047, 56.24074612597416], [92.33107661133066, 56.24070228479113], [92.33119934879157, 56.24060047159308], [92.3312573207059, 56.24057788257617], [92.33133851508993, 56.240546168276246], [92.33136791733929, 56.24052486184484], [92.33139258176075, 56.2405070325141], [92.33142514914427, 56.24043365166255], [92.33144546200934, 56.2403878669865], [92.33150045072225, 56.24036059146702], [92.33158725142114, 56.24034031353308], [92.33177633657897, 56.240336754210475], [92.33188692177887, 56.24032136457846], [92.33201635848397, 56.2402699718018], [92.33208031220707, 56.24025576729257], [92.33216521995247, 56.24025155525431], [92.3322252694279, 56.24025780695142], [92.3323901257132, 56.240274862739255], [92.3324954932817, 56.2402905196935], [92.33272585489078, 56.24032472335997], [92.33278577921799, 56.2403289084121], [92.33282549433092, 56.2403822917867], [92.33283698024094, 56.240380288011124], [92.33319896434904, 56.24082205287524], [92.33703988382337, 56.23894036127347], [92.33692487403259, 56.23886681699046], [92.33678913663177, 56.238779509950206], [92.33669678314119, 56.238720187499744], [92.33660809820577, 56.23868190087136], [92.33645122112405, 56.23861405934754], [92.33640434636499, 56.238517528529044], [92.33640372306442, 56.238516267805544], [92.33639543095046, 56.238501494018095], [92.33633040165157, 56.23813982782728], [92.33632505602598, 56.23811321452749], [92.33625304176738, 56.23800631013806], [92.33622651143342, 56.2379644048162], [92.33622983334797, 56.23799612660417], [92.33593507896785, 56.23803972115027], [92.33564328367181, 56.23808934834954], [92.33535509236661, 56.2381450116869], [92.33507083056041, 56.23820653331082], [92.3347908206592, 56.23827391498165], [92.3345155494484, 56.23834697972023], [92.33424533935118, 56.23842572929283], [92.33488115282756, 56.238598535454265], [92.33475697153905, 56.238645019752646], [92.33414419773212, 56.23847350449416], [92.33404124068156, 56.238532945527346], [92.3339352489822, 56.23859066369571], [92.33395905845761, 56.23862195693838], [92.33397283709884, 56.238655082262376], [92.33397611980196, 56.23868895941248], [92.33396876086366, 56.23872268947589], [92.33395093866078, 56.23875528546841], [92.33392347973499, 56.238785584266054], [92.3338880262944, 56.23881188825601], [92.33384537684552, 56.238834650794544], [92.33379635328272, 56.23885297816946], [92.33374257446305, 56.238866519837096], [92.33368533828805, 56.23887483371483], [92.33362884381074, 56.23887758315712], [92.3335432575848, 56.239078931961444], [92.33365521251534, 56.239077289516594], [92.33376688925043, 56.23908238144379], [92.33387700242697, 56.23909393138594], [92.33398410229664, 56.23911184173164], [92.3340873841544, 56.23913601834546], [92.33418556417507, 56.239166095077664], [92.33427735696345, 56.23920179558654], [92.33436196401546, 56.23924266652647], [92.33443826273026, 56.23928834262267], [92.33441916372813, 56.23931087276321], [92.3343438278965, 56.23926547127361], [92.33426002245432, 56.23922487407277], [92.33416886688744, 56.23918962604447], [92.33407115969948, 56.23916018053431], [92.33396834754768, 56.23913681475168], [92.33386171425643, 56.23911989484651], [92.33375222579197, 56.239109515822655], [92.3336413287835, 56.23910595490115], [92.33353047609256, 56.239109130089965], [92.33333961999611, 56.23955851399821], [92.33353950472325, 56.23972224186512], [92.33348170076854, 56.23973531267947]], [[92.33123177788089, 56.23941520570634], [92.3319377621505, 56.23932794857946], [92.3324861065544, 56.23958768278275], [92.33251028859486, 56.23978297675057], [92.33263638074175, 56.239960857733564], [92.33278653555291, 56.24007204748931], [92.33265309552756, 56.240158985403866], [92.33172720919369, 56.23994409617128], [92.33122983802393, 56.23941546466198], [92.33123177788089, 56.23941520570634]], [[92.33413815739475, 56.239723308918194], [92.33408167876551, 56.23976225326846], [92.33401002313227, 56.23981144440428], [92.33413815739475, 56.239723308918194]], [[92.33430564126596, 56.24027682892551], [92.33426627809119, 56.24029601676837], [92.33402439000616, 56.24018244912814], [92.33391950722418, 56.24020388882561], [92.3338113452867, 56.240219113689975], [92.33370087496289, 56.24022794931337], [92.33358938644254, 56.2402304026372], [92.33347801176953, 56.240226300129756], [92.33336787674945, 56.240215827481535], [92.33326043283795, 56.24019899251558], [92.33315680427064, 56.240176070735515], [92.33305779430167, 56.240147246105536], [92.3329650109483, 56.24011279674271], [92.33296340305616, 56.24008467662662], [92.3329672604706, 56.24007616518922], [92.33305390000383, 56.24011147956923], [92.33314676302018, 56.240141348834754], [92.33324488501509, 56.24016558814954], [92.33334698206117, 56.240183831333034], [92.3334520896348, 56.240195893554706], [92.33355892067212, 56.240201588249974], [92.33366618498563, 56.24020090846777], [92.33377275365383, 56.24019384812952], [92.33387733493063, 56.240180490097025], [92.33397863551554, 56.240161007040946], [92.33342687374035, 56.23990197962608], [92.33346073050208, 56.23988410958521], [92.33346188431702, 56.23988267879274], [92.3340307862607, 56.24014844444923], [92.33413081915252, 56.24011835652131], [92.33422434590689, 56.24008212623159], [92.3343099041965, 56.24004037441918], [92.33438651862592, 56.23999354491892], [92.33445321225767, 56.239942171370856], [92.3345090050556, 56.23988696702408], [92.33455340079614, 56.239828647728274], [92.33458590326805, 56.23976792933083], [92.33460569374078, 56.23970552594218], [92.33461291796776, 56.239642336481204], [92.33460740384683, 56.23957898871504], [92.33458897304908, 56.23951646962523], [92.33455825823435, 56.23945550111128], [92.3345152469995, 56.23939680160074], [92.33450470137677, 56.23935390411925], [92.33452588898668, 56.23933183426195], [92.33457971572105, 56.23938996323514], [92.33462188024592, 56.239450993306875], [92.33465191117848, 56.23951420345125], [92.33466917586182, 56.239578871772395], [92.33467368824536, 56.23964419003439], [92.33466529945477, 56.23970943893492], [92.33464418625925, 56.2397737212927], [92.3346105207614, 56.23983640933626], [92.33456464100706, 56.23989660674402], [92.33450736417846, 56.23995368920658], [92.33443902678844, 56.24000685020176], [92.33436076702232, 56.24005555695592], [92.33427340054948, 56.240099274960706], [92.33417790743776, 56.24013729096646], [92.33407558251504, 56.24016934248325], [92.33430564126596, 56.24027682892551]], [[92.3340415869656, 56.2397305131853], [92.3340590792296, 56.23969836447293], [92.33406990582986, 56.23967857407429], [92.3340415869656, 56.2397305131853]]], [[[92.34179154276373, 56.23101476486524], [92.34270410270507, 56.231217024773684], [92.34268332215244, 56.23116877461742], [92.34289084746408, 56.23107431583157], [92.34313173471199, 56.231027814324165], [92.34320156441319, 56.23095175414087], [92.34320368777297, 56.23082764384625], [92.34340736387334, 56.230665804015516], [92.34194666611464, 56.23037468428916], [92.34179154276373, 56.23101476486524]]], [[[92.30409853864309, 56.24070512450521], [92.30410936175171, 56.24074865492301], [92.30473749929, 56.24087693590658], [92.30459571523173, 56.24027250520297], [92.30409853864309, 56.24070512450521]]], [[[92.34164041960963, 56.23562397109233], [92.34165460544929, 56.23567128817166], [92.34173151796853, 56.23529574035494], [92.34162561293832, 56.23532140231915], [92.3415778115274, 56.23532536919388], [92.34150288060737, 56.23533152682196], [92.34143139360175, 56.23542832399678], [92.34154919334033, 56.235536546778775], [92.34154935304731, 56.23553663744152], [92.34164041960963, 56.23562397109233]]], [[[92.3050581173608, 56.24222270021366], [92.30479221053103, 56.24110644636357], [92.30416617858327, 56.240977459008775], [92.30448846763255, 56.242274465706984], [92.3050581173608, 56.24222270021366]]], [[[92.33977350543329, 56.236925742539796], [92.33974663307403, 56.23689416463745], [92.33974607382912, 56.23692667393661], [92.33977350543329, 56.236925742539796]]], [[[92.3055332266795, 56.24435564383587], [92.30515709510428, 56.242653281105135], [92.30459234397323, 56.24269250076165], [92.30504140939804, 56.24449891913347], [92.3055332266795, 56.24435564383587]]], [[[92.30504978604884, 56.24561273798525], [92.30580258361142, 56.24540841689829], [92.30568215904216, 56.24480734106068], [92.30491277225536, 56.24503761401946], [92.30504978604884, 56.24561273798525]]], [[[92.30723459626553, 56.24287374337123], [92.30511506123462, 56.24246273113643], [92.30516016423132, 56.24265302889765], [92.30746037735231, 56.243098821223775], [92.30723459626553, 56.24287374337123]]], [[[92.33952756466047, 56.23325242708638], [92.34094188791533, 56.233620118076196], [92.3408873415224, 56.23350989646101], [92.3407442533069, 56.23342866178277], [92.33961349154745, 56.23314115833535], [92.33952756466047, 56.23325242708638]]], [[[92.30872509119529, 56.241916766899706], [92.30831549488632, 56.24183185025726], [92.30760202652263, 56.24290929989393], [92.30787940743657, 56.243180021253416], [92.30872509119529, 56.241916766899706]]], [[[92.30993032834485, 56.241140862068555], [92.30924376417616, 56.24111224338168], [92.30924292359549, 56.24115894149701], [92.30948014998361, 56.241169336513536], [92.30946037312233, 56.241309334578524], [92.30899993960226, 56.24128916117803], [92.30901971813171, 56.241149163190315], [92.30920553479773, 56.24115729578959], [92.3092110474011, 56.24111089319267], [92.30880426748206, 56.24109389255453], [92.30869749448931, 56.24125513935226], [92.30909576300942, 56.24133289627968], [92.30924279826166, 56.241452629596175], [92.30931603145073, 56.24141630478498], [92.30983341998822, 56.241184330069494], [92.30993032834485, 56.241140862068555]]], [[[92.3394941103728, 56.23310684128351], [92.33908291193866, 56.23300414494612], [92.33902348074189, 56.23307495939365], [92.33815110693504, 56.23411311509691], [92.33816524663439, 56.2341160647395], [92.33864725824837, 56.234218064812545], [92.3394941103728, 56.23310684128351]]], [[[92.30881786201293, 56.24107340128372], [92.30996398576367, 56.241125781517475], [92.3100368095316, 56.24109421409251], [92.31016965022296, 56.24103469006388], [92.310424496086, 56.24093516045681], [92.31119830262799, 56.23980522031939], [92.30983114357683, 56.23953525908741], [92.30974528784365, 56.239672822984], [92.30920579916653, 56.24048854895599], [92.30914595043727, 56.24057883628184], [92.30906902192163, 56.240695074019456], [92.30906570439598, 56.24070017484386], [92.30881786201293, 56.24107340128372]], [[92.30996932915194, 56.241034920467996], [92.30989005833956, 56.24104830965823], [92.30980832667977, 56.24105503890495], [92.3097254259867, 56.24105502559551], [92.30964361246363, 56.24104837212666], [92.3095643391945, 56.24103499679424], [92.30948937048719, 56.241015448325825], [92.3094204771024, 56.24098991623658], [92.30935893628441, 56.24095912616928], [92.30930602849543, 56.240923624159834], [92.30926319060337, 56.24088422655705], [92.30923168040998, 56.24084273665406], [92.30921101569433, 56.24079906195474], [92.3092018220975, 56.24075428371414], [92.30920424629917, 56.24070921107149], [92.30921827047652, 56.240664831870866], [92.30976816606794, 56.23985347493525], [92.30981001372815, 56.23981338225094], [92.30986194989286, 56.239777297591004], [92.30992299566118, 56.23974584417601], [92.30999168673902, 56.23971973233282], [92.31006656046232, 56.23969958258594], [92.31014599775975, 56.23968574515104], [92.31022805542823, 56.239678658253695], [92.31031128052055, 56.239678403604195], [92.3103935766498, 56.23968496951793], [92.31047317156887, 56.23969825630883], [92.31054845751582, 56.23971798558538], [92.31061766868156, 56.239743698453026], [92.31067936499842, 56.23977475820873], [92.31073194350652, 56.2398106170569], [92.31077461400493, 56.2398503724772], [92.31080626213672, 56.23989320995592], [92.31082609928728, 56.23993813716577], [92.31083381901492, 56.23998425427493], [92.3108291164857, 56.24003057164416], [92.31081233676456, 56.24007583381053], [92.31078365397866, 56.24011932323431], [92.31027026062101, 56.240883915795905], [92.3102274559484, 56.24092337460537], [92.31017472190578, 56.24095891608975], [92.31011320189802, 56.240989738292775], [92.31004419577074, 56.24101530956986], [92.30996932915194, 56.241034920467996]]], [[[92.31023450687168, 56.23972351095187], [92.31016424076103, 56.23972958582733], [92.31009629026778, 56.239741421610994], [92.31003227446416, 56.239758668081365], [92.3099733270228, 56.23978106212646], [92.30992123314147, 56.23980798501662], [92.30987664756398, 56.239838901533105], [92.30984120070688, 56.23987283283259], [92.30929627857658, 56.240676763357676], [92.30928464478369, 56.240713791234555], [92.30928265959275, 56.24075239978582], [92.30929051662855, 56.24079079383063], [92.30930806919882, 56.24082816423041], [92.30933517060807, 56.24086370184446], [92.30937198053185, 56.24089749737063], [92.30941723792725, 56.2409279271276], [92.30946998649883, 56.24095435707848], [92.30952910867099, 56.24097615228671], [92.30959331912504, 56.240993036133396], [92.30966117772654, 56.241004371885545], [92.30973139429344, 56.24101015234097], [92.30980236094696, 56.241010099089095], [92.309872463345, 56.24100429293927], [92.30994040807126, 56.24099290630709], [92.31000457917493, 56.24097610981252], [92.31006352036664, 56.24095416478182], [92.31011625110098, 56.24092778426099], [92.31016147476271, 56.24089732028258], [92.31019738995509, 56.24086428963627], [92.3107081332728, 56.2401036343866], [92.31073465838837, 56.24006354586003], [92.31074890308564, 56.240024736127694], [92.31075300094791, 56.23998515137569], [92.31074629081701, 56.239945686053446], [92.3107294032692, 56.23990715198919], [92.31070232059093, 56.23987053702409], [92.31066583783866, 56.23983647427178], [92.31062074683376, 56.239805776452826], [92.31056800226474, 56.239779167381265], [92.3105087232998, 56.239757192161534], [92.31044435323841, 56.239740307892035], [92.31037617410601, 56.23972897077467], [92.31030579528968, 56.23972336939895], [92.31023450687168, 56.23972351095187]]], [[[92.31050131695666, 56.240905501106994], [92.31164776828803, 56.240462907699545], [92.3120701913992, 56.24029973111498], [92.31179480474846, 56.24024107883908], [92.31176056923367, 56.24029747068972], [92.3117034812304, 56.24038705608464], [92.31169498762638, 56.24040200762909], [92.31134185713441, 56.24032567780365], [92.3110327715802, 56.24026656685811], [92.3111351019889, 56.24010053323522], [92.31105862325379, 56.2400843003903], [92.3107587679716, 56.2405261277516], [92.31086836536541, 56.24054829324482], [92.31094573806183, 56.24042496164276], [92.31119373337185, 56.24047313484509], [92.31110274728071, 56.240618125584774], [92.31085475276357, 56.240569862395084], [92.31074617453609, 56.24054482854755], [92.31050131695666, 56.240905501106994]]], [[[92.33833653036561, 56.23372144432669], [92.3386493133294, 56.233350033255675], [92.33880455221488, 56.23316557864523], [92.33888587549121, 56.233068925311926], [92.33888673271656, 56.23306596606293], [92.33891918116808, 56.23301701171271], [92.3389453212013, 56.23296919122164], [92.33895103677088, 56.23295565999286], [92.33898146393277, 56.232883612886816], [92.33897043638487, 56.23284978428909], [92.33896108966417, 56.232821353449495], [92.33894224819664, 56.23278245357719], [92.33890665063551, 56.23278019769932], [92.33888414292285, 56.23289800191789], [92.33876277923527, 56.23308182934008], [92.33861602857488, 56.23330710436982], [92.33857409830082, 56.23338223335247], [92.33848417651113, 56.23336953809762], [92.3384453264697, 56.23344369556069], [92.33851370153212, 56.23346220331958], [92.33832266609987, 56.23369316891199], [92.33820495294427, 56.233674307375374], [92.33773832490319, 56.23361576755866], [92.33776506751072, 56.23323402580391], [92.33780375625523, 56.23271125171418], [92.33781244767404, 56.23260936045859], [92.33783458568386, 56.23255056159147], [92.33783012740817, 56.23236031377015], [92.33787013517633, 56.232256434573664], [92.33801120892777, 56.23203310590504], [92.33809119410112, 56.23202338492135], [92.33818532676622, 56.23205352672154], [92.33858327078417, 56.232279019447624], [92.33865959523644, 56.23237885040063], [92.33884691198608, 56.232606719053614], [92.33878899520043, 56.23250536995276], [92.33869469821715, 56.23239107295166], [92.3386103568289, 56.232288594592895], [92.33832942990894, 56.23210333527974], [92.33800651614406, 56.23194991394295], [92.3377511473856, 56.23234911353367], [92.33772650860912, 56.232823912876775], [92.33771753397023, 56.23299828170485], [92.33769393746977, 56.23345000463172], [92.33768864084668, 56.23355137515907], [92.33768741628715, 56.23357561811447], [92.3377056181051, 56.23361415549992], [92.33774178096512, 56.233639766125805], [92.33784607372286, 56.23366071180269], [92.33830903982458, 56.233753989256854], [92.33833653036561, 56.23372144432669]]], [[[92.31144966766139, 56.24015078292568], [92.31202545855965, 56.240275951413686], [92.31122014628845, 56.23984620685742], [92.31106955858813, 56.24006810509806], [92.3111450664778, 56.240084512158425], [92.31119058306746, 56.24001066971219], [92.31149966681005, 56.24006978026148], [92.31144966766139, 56.24015078292568]]], [[[92.3377160788128, 56.22953095200337], [92.33791670069971, 56.22996788841037], [92.34057241821516, 56.23021477576171], [92.34181602365774, 56.23034866216312], [92.3377160788128, 56.22953095200337]]], [[[92.31210981893203, 56.240284413730976], [92.31221505839943, 56.240243774463956], [92.3119027015786, 56.23994430769077], [92.31125535488971, 56.2398164950561], [92.31210981893203, 56.240284413730976]]], [[[92.31178034392556, 56.240238034587875], [92.31144053055894, 56.24016564105992], [92.3113496655042, 56.2403129677969], [92.3114957235626, 56.240343508615], [92.3115514815773, 56.24025616124236], [92.31174321203676, 56.240294051073974], [92.31178034392556, 56.240238034587875]]], [[[92.31264195423468, 56.23634574268135], [92.31216522581913, 56.2367341401208], [92.31888543505444, 56.238895480282835], [92.3191929447856, 56.23864345053886], [92.31868312880795, 56.238454013210124], [92.3185624868475, 56.23840907110388], [92.31789775248926, 56.23816183585537], [92.31734519477858, 56.23805496501891], [92.31721917344964, 56.23801340481338], [92.31711217911946, 56.23797203929047], [92.3170657278059, 56.237954179583724], [92.31659562265935, 56.237772766459535], [92.31264195423468, 56.23634574268135]]], [[[92.3124720085256, 56.241043460865065], [92.3134290378888, 56.2419652264475], [92.31386587844668, 56.24182610381315], [92.31288710878836, 56.24089308408391], [92.3124720085256, 56.241043460865065]]], [[[92.337432450389, 56.23451118232325], [92.33743874352065, 56.234510946579995], [92.33744488625997, 56.23451008134031], [92.33745055612044, 56.23450858487747], [92.33745575000165, 56.234506636800965], [92.33746030821054, 56.234504146442816], [92.33746390516072, 56.23450129168586], [92.3374665393022, 56.234498162334845], [92.33746821063521, 56.234494758389836], [92.33746891605982, 56.234491259460256], [92.33746833154021, 56.23448775362418], [92.33746677646258, 56.2344844222176], [92.33746425237725, 56.23448117543578], [92.33746075463421, 56.234478282692734], [92.33745628168347, 56.23447583379309], [92.33745115756109, 56.23447374065867], [92.33744553885964, 56.234472273566844], [92.33743942712903, 56.23447134271285], [92.33743314485488, 56.23447094982333], [92.3374268501796, 56.234471275370964], [92.33742070744611, 56.234472140609796], [92.33741503914005, 56.234473547266596], [92.33740984371107, 56.2344755851461], [92.33740528705256, 56.234477985697694], [92.33740169010025, 56.23448084045296], [92.33739905440446, 56.23448405960729], [92.33739738461603, 56.23448737374667], [92.33739667918498, 56.23449087267582], [92.3373972636981, 56.23449437851223], [92.33739881721984, 56.23449779972434], [92.33740134285092, 56.23450095670279], [92.33740484059155, 56.23450384944749], [92.337409311992, 56.234506388153676], [92.33741443766664, 56.234508391485136], [92.33742005482198, 56.23450994838306], [92.33742616655827, 56.23451087923802], [92.337432450389, 56.23451118232325]]], [[[92.3203199461928, 56.232359316189424], [92.32030760977472, 56.23222731292519], [92.31997225798547, 56.23339896879935], [92.32068769511346, 56.23449493611786], [92.32052668443657, 56.234180334922456], [92.32047898279866, 56.23409663660079], [92.32047788749858, 56.234094744510664], [92.32043035711978, 56.23399227616816], [92.32042506096631, 56.233981738948096], [92.32031772742279, 56.233750509355005], [92.32031698006139, 56.23374718216456], [92.32031652178574, 56.23374574263746], [92.32025875526894, 56.23349287083068], [92.32025859880146, 56.2334926005318], [92.32025831767187, 56.2334902638463], [92.32025817392658, 56.23348927511233], [92.32025788325541, 56.23348747725314], [92.32027030207368, 56.233259689577565], [92.32029904739245, 56.23273821282493], [92.3203199461928, 56.232359316189424]]], [[[92.32004151981903, 56.23818243536362], [92.32079822063014, 56.23836442069508], [92.32562983637531, 56.237511036447465], [92.3256249751584, 56.23742056823789], [92.32550060840774, 56.23722023606231], [92.32524926559609, 56.23702325304621], [92.32494526790131, 56.23678520715688], [92.32467611395937, 56.23657429457287], [92.32414258442557, 56.23615635565965], [92.3238670747697, 56.2359405566496], [92.32327695157767, 56.236071870830784], [92.3226335453469, 56.236243216621126], [92.32216033685715, 56.23643812437539], [92.32179356262667, 56.236651127247384], [92.32129270152767, 56.23705954542444], [92.32066730580556, 56.2375694852542], [92.32061314337508, 56.23761364537485], [92.31994174780786, 56.23816105048168], [92.32004151981903, 56.23818243536362]], [[92.32281102274783, 56.23632977982981], [92.32296465252838, 56.23625984776746], [92.32329439375371, 56.236289942516215], [92.32341058967995, 56.236184508656606], [92.32342445076569, 56.236120906981995], [92.32365422441526, 56.2360584855907], [92.32379427741554, 56.23604506052502], [92.32385465673786, 56.23621522694658], [92.32401894138013, 56.23627270671269], [92.32418256716959, 56.236358473772206], [92.3242695473527, 56.2364651077962], [92.3244090944038, 56.236590440429744], [92.32450720519982, 56.236678633558554], [92.32455687900925, 56.236742582151194], [92.32469503011825, 56.236828209466694], [92.32485803579834, 56.23694944838046], [92.32507150272335, 56.237099163597875], [92.3251083142078, 56.23717013703727], [92.32501834356509, 56.23723332376585], [92.32482774118256, 56.23723228397708], [92.32470030003137, 56.23725278446317], [92.32449139167545, 56.237577126699186], [92.32395792203357, 56.23756711824819], [92.32360272876745, 56.23754389160929], [92.32325948837413, 56.23755620546848], [92.32297803669378, 56.23766783040958], [92.32235483901682, 56.237706900920905], [92.32224063377336, 56.23769918025016], [92.32200834778901, 56.237903130634535], [92.32164012670334, 56.237886922222856], [92.3214617603617, 56.23791423544422], [92.32114236802053, 56.238018642768], [92.3207719282331, 56.23813686974365], [92.32058044555515, 56.23818530558632], [92.32035065419134, 56.238247721205035], [92.3202893737426, 56.2381200297176], [92.32056051283392, 56.23788099933257], [92.32080563382293, 56.23766302143812], [92.3210629009951, 56.23748759127596], [92.32123027830617, 56.23736115455354], [92.3212661089646, 56.23729569773686], [92.32129593902421, 56.2372412550053], [92.32134187445449, 56.23717890723035], [92.32140003147765, 56.23710028048178], [92.32156578046715, 56.237065802952316], [92.32162716314669, 56.23701449695265], [92.32175925589371, 56.23690421206143], [92.32185010698936, 56.23679145569954], [92.32190901020226, 56.23676178092071], [92.32201672832124, 56.23670749535247], [92.32228456313015, 56.236645285016905], [92.32241325283705, 56.23655402116257], [92.3226946995414, 56.23644230766553], [92.32281102274783, 56.23632977982981]]], [[[92.33715476236262, 56.23510892739518], [92.33743923435193, 56.235313967073495], [92.33748249766643, 56.23522725974901], [92.33768079609948, 56.234875176638496], [92.33777331944528, 56.23460641250349], [92.33749722835618, 56.23453263520471], [92.33748536925104, 56.234537691052296], [92.337472561284, 56.23454166406263], [92.33745864166251, 56.23454464317683], [92.33746017817506, 56.23455839279051], [92.33745474886905, 56.23463003448362], [92.33743642932991, 56.23470106827974], [92.33740571562146, 56.234770778325746], [92.33736262163244, 56.234838356370126], [92.33730764034188, 56.234903266162405], [92.33724142908619, 56.23496479270376], [92.33716464211496, 56.23502240060294], [92.3371597535806, 56.23502533824571], [92.33717087791571, 56.23503482819639], [92.33717876029102, 56.235045288723626], [92.33718340845826, 56.23505627080467], [92.33718450302548, 56.23506759310315], [92.33718205019265, 56.23507889640045], [92.33717621895607, 56.23508973253671], [92.33716701396554, 56.23509983209738], [92.33715476236262, 56.23510892739518]]], [[[92.32078131246435, 56.23438973999165], [92.32263200624055, 56.234265254737544], [92.32257186180732, 56.2341553535142], [92.32201326355317, 56.23387261619368], [92.32211087397181, 56.23386973807063], [92.32192398157778, 56.23376004022423], [92.32172986244275, 56.23365784677933], [92.32148501224961, 56.23356121271137], [92.3212712870224, 56.23292640904418], [92.3213821513574, 56.23292162831279], [92.32157107605605, 56.23291601810545], [92.32158167973, 56.23298208888551], [92.32163849199245, 56.23297916708019], [92.32307911786587, 56.2329058653842], [92.32351375663106, 56.23288381315694], [92.32358008152042, 56.23288094246628], [92.32367115740075, 56.23345929779915], [92.32372800686468, 56.233847870518616], [92.32377516291542, 56.23420091404289], [92.32380064562766, 56.23418237217596], [92.32378414057207, 56.23406660272407], [92.32376594450392, 56.23392783187508], [92.32375738231225, 56.23386464648], [92.32373685039029, 56.2337028707041], [92.32370054261018, 56.23343889120672], [92.3236619139031, 56.233132776655], [92.3236488252434, 56.23304280219731], [92.3235628280941, 56.23278025746835], [92.32349782127504, 56.23258024753787], [92.3233076174297, 56.232429848305955], [92.32301719635036, 56.2322201627374], [92.322940359203, 56.23217914680045], [92.322516671412, 56.232065369692144], [92.32238877837563, 56.23208496716107], [92.32234769552865, 56.232119499857966], [92.32234108834145, 56.232146677051034], [92.32257283869143, 56.232172015943526], [92.32251054366573, 56.23232121373463], [92.32203446645586, 56.23225214450332], [92.32210579911359, 56.232120869270254], [92.32195543314523, 56.23210729194162], [92.32194793770168, 56.23210258058607], [92.3217710542554, 56.232202650958214], [92.32143604658997, 56.23214414219011], [92.32107936674608, 56.231578787866056], [92.32183434039814, 56.231431592805414], [92.32179003538376, 56.23138383882315], [92.32169842718129, 56.23135765012012], [92.32161935973816, 56.23136089900137], [92.32158711645806, 56.231324078462514], [92.32144981539834, 56.23128308931563], [92.32136977810514, 56.23134120855053], [92.3211189008227, 56.23139479801467], [92.32099167970385, 56.23152235312516], [92.32096948394897, 56.23166503422356], [92.32090869190573, 56.231756310007846], [92.32075778139314, 56.23173715981392], [92.32082518262668, 56.231646010192605], [92.32093827678405, 56.231569661031905], [92.32096669542041, 56.23144892849406], [92.32099362393922, 56.231412432503284], [92.32111993786827, 56.23133615571962], [92.32112097332188, 56.231277603228406], [92.32121400686995, 56.2312231479737], [92.32131306785271, 56.23120168713487], [92.32146449400747, 56.23119156040058], [92.32155068888413, 56.23115907161354], [92.32159099988937, 56.231104326987044], [92.32158584576459, 56.231031011199924], [92.32143458128202, 56.231022906898254], [92.32140972663673, 56.2309421183849], [92.32152181221991, 56.23093177582648], [92.32160668040889, 56.23096520257811], [92.32177784037884, 56.230951501314586], [92.32178529157949, 56.230903941187265], [92.3217732681851, 56.23084522729836], [92.32186027164646, 56.23075777708132], [92.32200489211769, 56.23075856959587], [92.3221023989753, 56.230825026684876], [92.32226704406392, 56.230814971393265], [92.32232731457924, 56.23075297117174], [92.32249950668088, 56.2306807163944], [92.32260401273109, 56.2307252071894], [92.32258988730646, 56.23077641316432], [92.32252903555684, 56.23087137175388], [92.32261367749508, 56.230926800794066], [92.3228173408316, 56.23093519043408], [92.32291017632924, 56.23089177984326], [92.32307540423665, 56.23084867542952], [92.32321341476886, 56.230849430369105], [92.32342442864973, 56.23082498760665], [92.32370209476095, 56.230742260822645], [92.32389875958033, 56.2307726146517], [92.32390343561566, 56.2308824816656], [92.32371995778372, 56.23084492505653], [92.3234566099753, 56.23086539985234], [92.32340953032151, 56.23092010806908], [92.32331111707808, 56.23090493036382], [92.32319874046514, 56.2309409595072], [92.32312499385553, 56.23101743615865], [92.323030218338, 56.23117085738856], [92.32288559628304, 56.23117006606859], [92.3228750905226, 56.231016068859375], [92.32283526652073, 56.231034172803625], [92.3225914552578, 56.23106220716842], [92.3224971323636, 56.23118985410264], [92.32239285139629, 56.23114168211796], [92.3222021831418, 56.231136955492744], [92.32211553532869, 56.23119512880926], [92.32205520033514, 56.23126072109872], [92.32201598893937, 56.231253231391534], [92.32191673468881, 56.2312856489364], [92.32192192221929, 56.2313662397522], [92.32186767110032, 56.23142512930415], [92.32351383606357, 56.231104166604545], [92.32420231875331, 56.23124318729931], [92.32434977683718, 56.23122944283881], [92.32434961876942, 56.23122926234945], [92.32434977999829, 56.23122926322982], [92.32440229577851, 56.23101220220775], [92.3245410793789, 56.23043752715036], [92.32392049690168, 56.230435574904405], [92.32381932623451, 56.230439692358], [92.3235937477827, 56.23044896756317], [92.32339124348242, 56.23045729077579], [92.32321713697554, 56.23046451160108], [92.32292825766864, 56.230488258516374], [92.3227067137472, 56.23050644568405], [92.32250325544382, 56.23052311484567], [92.32192839183197, 56.23062567600109], [92.32168464128536, 56.23069601090263], [92.32142804700958, 56.23080875651238], [92.32115303996743, 56.23101435718939], [92.32067286080982, 56.23157907155296], [92.32062324961714, 56.231658104182166], [92.3205388907803, 56.23182361567629], [92.32050884206099, 56.231899702030056], [92.32046541929328, 56.2320663363903], [92.32039768374085, 56.233296583933594], [92.32038738618618, 56.233486571944866], [92.32042629849606, 56.23365680188997], [92.32044395265868, 56.23373440756439], [92.32060238942802, 56.23407584888617], [92.3207354892922, 56.234309195543766], [92.32078131246435, 56.23438973999165]], [[92.32072091306142, 56.23192529558468], [92.32083654671227, 56.23183306353212], [92.32095010516734, 56.231858115946494], [92.32114259174854, 56.231878751391676], [92.32129715713178, 56.232065153220894], [92.32140976566988, 56.23214399806634], [92.32161017428221, 56.23221829466227], [92.32177646772242, 56.2322339355993], [92.32188959807333, 56.23228332415562], [92.32197704882422, 56.23229853272403], [92.322134896235, 56.2322993975449], [92.32229239961462, 56.232319749728205], [92.32244904088283, 56.23238895532867], [92.32256286036768, 56.23239936814304], [92.32274647122222, 56.232429742118015], [92.32276525298097, 56.232361407316255], [92.32279265413602, 56.23229805940606], [92.32299392624769, 56.23232358995044], [92.32310688424809, 56.232382855887565], [92.32309697253896, 56.23245114944919], [92.32327085653773, 56.23253023795491], [92.32327016786148, 56.23256930289331], [92.3231297212611, 56.23257832433985], [92.32306760202628, 56.2326170532284], [92.32317168172368, 56.23268606015971], [92.32320640028445, 56.232710679224795], [92.32303942507347, 56.232724405377056], [92.32293043897195, 56.2327415920781], [92.32234177836469, 56.232746991740434], [92.3220221277361, 56.232749911044586], [92.3217474727951, 56.232752447474226], [92.32057127950736, 56.23276323893825], [92.32051503836902, 56.232651921085726], [92.32063101960213, 56.23254020168664], [92.32059827919478, 56.23241302615438], [92.32061742166371, 56.23231541456498], [92.3207151239437, 56.23225245307011], [92.3208205926937, 56.23223354256451], [92.32079655846421, 56.232106414866074], [92.32073641359894, 56.23204258682477], [92.32072091306142, 56.23192529558468]]], [[[92.33706697179049, 56.23512201886611], [92.3370844002811, 56.23512130391769], [92.33710153574798, 56.235118880950424], [92.33711757196073, 56.23511474564559], [92.33713201897717, 56.23510925463102], [92.33714455430528, 56.2351024061798], [92.33715468955562, 56.23509446711533], [92.33716226038162, 56.23508561618383], [92.33716709933584, 56.235076211740775], [92.3371687195822, 56.23506643080468], [92.33716743741066, 56.23505663432183], [92.3371629241295, 56.23504717978339], [92.3371556603753, 56.2350382493895], [92.33714580119157, 56.235030203222166], [92.33713350472273, 56.23502322175388], [92.33711925160296, 56.23501748718454], [92.33710335966934, 56.23501327065511], [92.3370863111051, 56.23501066456106], [92.3370689105833, 56.23500976302578], [92.33705132089788, 56.23501047710831], [92.33703434672154, 56.23501290093266], [92.33701831209368, 56.235016946422185], [92.33700386354474, 56.23502252722827], [92.33699132821783, 56.23502937566534], [92.3369810317058, 56.23503731385251], [92.33697346084772, 56.23504616477292], [92.33696878309533, 56.2350555700723], [92.33696716279852, 56.23506535100567], [92.33696844491921, 56.23507514749048], [92.33697279691012, 56.2350846011719], [92.33698006063038, 56.23509353157636], [92.33699008104102, 56.235101578620714], [92.33700237750865, 56.23510856010317], [92.33701663219574, 56.23511420488124], [92.33703252261033, 56.23511851122651], [92.33704940997303, 56.23512111646415], [92.33706697179049, 56.23512201886611]]], [[[92.33710436859363, 56.2358885933221], [92.33711128470262, 56.235983023801225], [92.33717497098044, 56.23584370577787], [92.3374233625086, 56.23534594532248], [92.3371146493264, 56.235125238108054], [92.33709895421192, 56.23512829748401], [92.33708279552087, 56.23513018680581], [92.33706617635679, 56.23513072646387], [92.33704716332413, 56.23512981628701], [92.33702850380637, 56.23512711174156], [92.33701100248318, 56.23512270695201], [92.33699497719418, 56.235116873060655], [92.33698196430271, 56.23512335968612], [92.33687802391856, 56.23516582314975], [92.3368384518519, 56.23517881359208], [92.33684233249708, 56.23518754624814], [92.3368437897998, 56.235196535356124], [92.33684250436951, 56.23520559957847], [92.33683880490268, 56.235214381424726], [92.33683269450088, 56.23522270128535], [92.33682433596056, 56.23523047021947], [92.33681373548723, 56.23523732900795], [92.33680153961677, 56.23524319130234], [92.33684483201785, 56.235294886155174], [92.33691317776153, 56.23538991528613], [92.33697165363562, 56.23548686737958], [92.33702010142864, 56.23558556197606], [92.33705852727398, 56.23568563986843], [92.33708661480452, 56.23578674011952], [92.33710436859363, 56.2358885933221]]], [[[92.32085474851371, 56.23837802326775], [92.32094114664763, 56.23839879514466], [92.32102524673701, 56.23841272856076], [92.32122291621621, 56.23844309200515], [92.32142327413123, 56.23846736258777], [92.32162567694216, 56.23848544695512], [92.32182963918926, 56.238497432250156], [92.32203451891219, 56.23850313532238], [92.32223950812799, 56.238502641555435], [92.3223640844084, 56.23849856368913], [92.3223640171777, 56.23848410342231], [92.32236846044893, 56.238469937293395], [92.32237708535638, 56.23845642275321], [92.3223897258802, 56.238443828330965], [92.32240605157155, 56.238432601281254], [92.32242540946528, 56.23842318709254], [92.32244747545843, 56.238415673801974], [92.32247143850164, 56.23841032640671], [92.32249681165055, 56.238407321865765], [92.32252262577033, 56.23840674468569], [92.32254823424469, 56.23840868113948], [92.32257283395388, 56.23841294720468], [92.3225959411249, 56.23841954023374], [92.32261659454686, 56.23842809571386], [92.32263431044395, 56.238438610998216], [92.32264861454871, 56.23845054461388], [92.3256311510042, 56.23753717920215], [92.32563115258215, 56.237537089397726], [92.32085474851371, 56.23837802326775]]], [[[92.33680565025543, 56.23813186756621], [92.33665448432093, 56.23814425985136], [92.33662710625384, 56.238216681946334], [92.33662565334386, 56.238300739068386], [92.3366256440303, 56.238301277896085], [92.3366256331645, 56.23830190652839], [92.33662546259194, 56.23830244449165], [92.33662513076037, 56.238302981590465], [92.33662496174004, 56.238303429749095], [92.33653195072246, 56.23845947506725], [92.33653178791029, 56.238459564007286], [92.33653145607603, 56.23846010110582], [92.3365309629821, 56.23846063733978], [92.33653046988815, 56.23846117357375], [92.33652997679417, 56.2384617098077], [92.336529323993, 56.238462155372474], [92.33652867119181, 56.23846260093724], [92.33652785713093, 56.23846304563741], [92.33652720588222, 56.238463401397574], [92.3365263933738, 56.23846375629313], [92.33652541960568, 56.238464110324095], [92.33652460709723, 56.238464465219636], [92.3365236348816, 56.238464729445994], [92.33652266421846, 56.23846490386772], [92.33652169200278, 56.23846516809406], [92.33652072133961, 56.23846534251577], [92.33651959096926, 56.23846542626828], [92.3365187831183, 56.238465511749936], [92.33652290094743, 56.23848852593914], [92.33659729731507, 56.23857900716148], [92.3367841500607, 56.23866676799764], [92.33678558899037, 56.238667494212734], [92.3367886250066, 56.23866912711639], [92.336791338502, 56.238670758291484], [92.33698306218812, 56.238794021034614], [92.33714218449416, 56.238890703852924], [92.33727863666304, 56.23882461385304], [92.33680565025543, 56.23813186756621]]], [[[92.32341631134211, 56.235704399297845], [92.32356558483048, 56.235899750471496], [92.32348935029867, 56.23591558988779], [92.32350903310812, 56.23594255159763], [92.32386650502681, 56.23586304486421], [92.32386666627512, 56.235863045745255], [92.323924790123, 56.235849981169586], [92.32392081448339, 56.235682009020216], [92.32391875237816, 56.23559766328562], [92.32383533538584, 56.23571917364987], [92.32391908436358, 56.23559712622103], [92.32390966667181, 56.23521626735573], [92.32335517979826, 56.235320922480234], [92.32322682662638, 56.23514652207671], [92.32312143366985, 56.235151603845715], [92.32309795965777, 56.23515677441218], [92.32129416519074, 56.23528960716136], [92.32136299048716, 56.23541006473041], [92.32162253262247, 56.235697991571385], [92.3218472360055, 56.23594082038564], [92.32223730437285, 56.236316939061886], [92.32256187252683, 56.23618327821034], [92.32256495687547, 56.23618212752552], [92.32256852655783, 56.236180889684455], [92.32257176898567, 56.236179919490986], [92.32295096558155, 56.236075835726886], [92.32278196240726, 56.23587462780063], [92.32278244773683, 56.23587454064362], [92.32278229124198, 56.23587427034794], [92.3231364873635, 56.235779389757745], [92.3231166531534, 56.23575188828031], [92.32332241295904, 56.23570684969699], [92.32333594620336, 56.235725874257945], [92.32341631134211, 56.235704399297845]]], [[[92.33688424689521, 56.23628043549728], [92.3368848500059, 56.23628286367922], [92.33688610122189, 56.23628511570822], [92.33688816179385, 56.236287192448316], [92.33689086736827, 56.23628927264472], [92.33689438385038, 56.23629108774752], [92.33689822903996, 56.236292545359724], [92.33690256418755, 56.236293646345416], [92.33690706989488, 56.236294209367124], [92.3369117430588, 56.236294414034106], [92.33691642398009, 56.23629416967766], [92.33692095140799, 56.236293475433726], [92.33692516409177, 56.236292330438296], [92.33692906047987, 56.23629082449605], [92.33693231807113, 56.236288955878976], [92.3369349353141, 56.236286814391754], [92.33693674320125, 56.23628484819366], [92.33693790763749, 56.23628278873481], [92.3369384286229, 56.23628063601522], [92.3369386271072, 56.23627848156758], [92.33699744288381, 56.236141113426704], [92.33701603710972, 56.23603559299965], [92.33702254375675, 56.23592964855666], [92.33701711641737, 56.23582372998714], [92.33699942648909, 56.235718194780475], [92.3369699500593, 56.23561349454691], [92.33692851976981, 56.235509987632945], [92.33687544889834, 56.235408214583], [92.33681073132388, 56.23530853460105], [92.33676687310793, 56.23525225624168], [92.3367536245393, 56.23525371205313], [92.3367402333452, 56.23525408934291], [92.33672283272159, 56.23525318775876], [92.33670594532336, 56.23525058247652], [92.33669005023538, 56.23524654550336], [92.33667563274952, 56.235240989628075], [92.33666317350122, 56.23523409705364], [92.33665298877482, 56.23522622872802], [92.3366253256735, 56.23523128958609], [92.33651973372471, 56.23525730812046], [92.33650351906621, 56.23526243033409], [92.3365211843539, 56.23528533754882], [92.33653172998294, 56.235309643595954], [92.33653452492543, 56.23533453677722], [92.33652958003256, 56.23535938846047], [92.33651723175392, 56.235383392131965], [92.33649749249555, 56.23540582935219], [92.3364713405957, 56.23542607667274], [92.33643927065737, 56.23544350805096], [92.33640225792503, 56.235457679647276], [92.33688424689521, 56.23628043549728]]], [[[92.3256656550913, 56.23818931994681], [92.32558942071135, 56.23817740844083], [92.3254344085278, 56.238160666651574], [92.32527749791794, 56.23815100954537], [92.32511981760229, 56.2381484432709], [92.3250727018442, 56.238149802945145], [92.32506674020638, 56.23815866191933], [92.32505821107132, 56.238166788385676], [92.32504759979152, 56.238174095177826], [92.32503491110455, 56.23818031288205], [92.3250204691062, 56.238185353452444], [92.32500492356807, 56.23818895099353], [92.32498843417025, 56.2381911961889], [92.32497165068555, 56.238191823143524], [92.32495537624774, 56.23819101586434], [92.32493944960046, 56.23818877347192], [92.32492435294024, 56.23818518840985], [92.32491056846304, 56.23818035312197], [92.32489825584811, 56.23817435829289], [92.32488773445259, 56.2381673852913], [92.32487932521255, 56.238159525681596], [92.32487334590404, 56.2381510506369], [92.32481514757015, 56.23814983498583], [92.32466800444524, 56.23815334309939], [92.3245218699774, 56.23816368233365], [92.32437787447697, 56.23818076905039], [92.32423699016356, 56.23820433912722], [92.32409986200457, 56.23823439609764], [92.32396794601087, 56.238270678489144], [92.32384173065518, 56.238312919548406], [92.32364422263443, 56.23836482990747], [92.32344182745165, 56.23841033650865], [92.32323503371946, 56.23844917256096], [92.32302448656996, 56.23848134157135], [92.32281099556994, 56.238506668324554], [92.32265884670983, 56.23851957702926], [92.32264928127452, 56.23853155961911], [92.32263650649207, 56.23854262651108], [92.32262085121995, 56.23855242025214], [92.32260264273205, 56.23856067319362], [92.32258236480796, 56.23856738798261], [92.32256050756877, 56.238572208049035], [92.32253755479624, 56.2385751360405], [92.32251399344318, 56.238575994996204], [92.32248869628093, 56.238574688931344], [92.32246408696524, 56.2385709616754], [92.32244096704241, 56.23856508705655], [92.32241997996853, 56.23855715841177], [92.32240160635324, 56.238547357999835], [92.32238632521901, 56.23853595788397], [92.32237776895072, 56.23853644991055], [92.32215964774402, 56.238540823750796], [92.32194132772884, 56.23853819070046], [92.32172377658159, 56.238528556062], [92.3215074781989, 56.238511922492215], [92.32133009908364, 56.238492358534906], [92.32171230908526, 56.23858426710489], [92.32187641210675, 56.239282205406745], [92.32211345445822, 56.23927515149771], [92.3221647359713, 56.239275432398], [92.32293735640683, 56.239023066139026], [92.32331394674009, 56.238958574511564], [92.32386265138022, 56.23881895061704], [92.32427390135915, 56.23871845079643], [92.32427487998955, 56.23871782744902], [92.32472649590774, 56.23871535291129], [92.32471439463698, 56.23866984149122], [92.32470018587216, 56.23861578633245], [92.32478976571538, 56.23861169467055], [92.32568637100174, 56.23857068907149], [92.32567604692326, 56.23837807371745], [92.32567559785983, 56.238376095384176], [92.3256656550913, 56.23818931994681]]], [[[92.33634229182499, 56.23782527684915], [92.33635936617937, 56.23795703419523], [92.33639392825255, 56.23801011936386], [92.3364492796263, 56.238092056138896], [92.33645006107439, 56.238093497336145], [92.33645131232305, 56.23809574936895], [92.33645224105555, 56.238097999672405], [92.33645284571921, 56.23810033805112], [92.33645299455615, 56.238101057352736], [92.33651303737629, 56.238434046416394], [92.33659342638086, 56.23829912930077], [92.33659487004738, 56.23821561100697], [92.33659504061997, 56.238215073043754], [92.33659505148626, 56.23821444441144], [92.33659522205882, 56.23821390644823], [92.33662530294511, 56.238134403626646], [92.33662547351689, 56.23813386566337], [92.33662580534698, 56.23813332856453], [92.33662613717706, 56.23813279146573], [92.3366271233538, 56.238131718996954], [92.33662777614818, 56.238131273431634], [92.3366282692365, 56.238130737197245], [92.33662908328914, 56.238130292496365], [92.3366297360835, 56.238129846931024], [92.33663054858386, 56.23812949203475], [92.33663136108423, 56.238129137138465], [92.33663217358458, 56.23812878224217], [92.33663314734316, 56.23812842821032], [92.33663395829126, 56.23812816311863], [92.33663492894536, 56.238127988696], [92.33663606241, 56.23812772533317], [92.33663703306408, 56.23812755091054], [92.33663800216596, 56.23812746629248], [92.33663864875128, 56.2381273799456], [92.33679385383917, 56.23811456026223], [92.33665402338332, 56.237909665976716], [92.33745170243381, 56.237646566176736], [92.33776538321743, 56.23723483624912], [92.33838452683221, 56.23702726725077], [92.33853548700162, 56.23698909544995], [92.3390323217137, 56.23716895110374], [92.33930425924326, 56.236941919179756], [92.33971380153373, 56.236927759124484], [92.33971463580686, 56.236879264590115], [92.3397263974345, 56.23687052567898], [92.33972639897941, 56.236870435874266], [92.33944344677599, 56.23653823456067], [92.34085213209278, 56.23556031848615], [92.34163142638538, 56.235715801884446], [92.34161727961612, 56.23568501059185], [92.34152145978268, 56.235545739750464], [92.34139969363495, 56.23543372368813], [92.3413993757635, 56.23543345255751], [92.34139889972677, 56.23543300095918], [92.341398425231, 56.2354324595561], [92.34139811198231, 56.23543191901124], [92.3413978002746, 56.235431288661616], [92.34139764827306, 56.23543074897494], [92.34139749627151, 56.235430209288275], [92.34139734581089, 56.23542957979685], [92.34139735659738, 56.235428951163634], [92.34139736584294, 56.23542841233516], [92.34139753787652, 56.23542778456016], [92.34139770836916, 56.235427246589886], [92.34139787886178, 56.23542670861962], [92.34139821214242, 56.23542608170279], [92.3413985423412, 56.23542563439546], [92.34147663182422, 56.23531998089376], [92.34147663336495, 56.23531989108902], [92.34147712634928, 56.235319354834836], [92.34147761933357, 56.23531881858062], [92.34147811231786, 56.2353182823264], [92.34147876500802, 56.235317836735035], [92.34147941769817, 56.23531739114368], [92.34148023163495, 56.23531694641041], [92.34148088278432, 56.23531659062378], [92.34148169518035, 56.235316235695244], [92.34148266882296, 56.23531588162479], [92.34148348121893, 56.23531552669624], [92.34148445332079, 56.23531526243052], [92.34148542542263, 56.23531499816481], [92.34148639598376, 56.235314823703796], [92.3414875277915, 56.2353146501009], [92.3414884968119, 56.23531456544464], [92.34148914333906, 56.23531447907221], [92.34162479537014, 56.23530325575409], [92.34173661919273, 56.23527097911807], [92.34180614489753, 56.234931137495124], [92.34259577587046, 56.23458614228968], [92.34242692044135, 56.23422949599218], [92.34326728784661, 56.234273207150466], [92.34312082938015, 56.233672299601714], [92.34329252992902, 56.23365551779911], [92.3439543845841, 56.233057191918135], [92.34416077396122, 56.23302963564498], [92.34417933339844, 56.232943783005695], [92.34431736193223, 56.232896733981605], [92.34450869977441, 56.232730695597446], [92.34473535888009, 56.23251688384381], [92.34492677455812, 56.23235551550027], [92.34509534983657, 56.232341947933556], [92.34530777462024, 56.23180895431507], [92.34512731326456, 56.2316592690858], [92.34482018321421, 56.231571692222936], [92.34425556789974, 56.2314922704984], [92.34408450501913, 56.23147232348301], [92.34393053727268, 56.231442767069446], [92.34372706447515, 56.23144168806682], [92.34444643659238, 56.231598812109404], [92.34441132164832, 56.2317288548892], [92.34398564699609, 56.23282249675841], [92.34380212721786, 56.232993246073136], [92.34311938744301, 56.23367175306944], [92.34136421029379, 56.2329811918396], [92.34124249483396, 56.23293249397472], [92.34100448289995, 56.23300792692558], [92.34100383795231, 56.233007923490824], [92.34100075903389, 56.233008805223385], [92.340996872389, 56.23300977246716], [92.34099298882738, 56.23301056010129], [92.34098894557042, 56.23301125707179], [92.3409847441599, 56.2330117735739], [92.34098054583278, 56.233012110466326], [92.34097634904735, 56.233012357553825], [92.34097215534544, 56.233012425031646], [92.34079382730809, 56.23301147514586], [92.34078076249104, 56.233011674983416], [92.34077512382561, 56.23301137550462], [92.34073207356893, 56.23301114614721], [92.34072788295148, 56.23301103400722], [92.340724500061, 56.2330108363576], [92.34058212861552, 56.233000647370986], [92.34056279716177, 56.23299955640828], [92.3403049548233, 56.23298084813688], [92.33922946733331, 56.23282745715307], [92.33917693538065, 56.23289094385058], [92.33913757429174, 56.232938693780746], [92.33914030449081, 56.23293933705297], [92.33960384471906, 56.233055155817276], [92.33960496874357, 56.23305543125512], [92.33960561060186, 56.23305561430667], [92.340824778754, 56.23336882626334], [92.3408268656006, 56.233369376257976], [92.34083055557873, 56.233370473670355], [92.34083424247284, 56.23337175069216], [92.34083760534818, 56.23337311580082], [92.34084080390112, 56.23337465965998], [92.34084383967375, 56.23337629246496], [92.34084671266609, 56.2333780142157], [92.34084719175519, 56.2333782862067], [92.3409846313711, 56.233469190485096], [92.34098670126598, 56.23347072832946], [92.34098924871051, 56.23347262796903], [92.34099130935518, 56.23347470464191], [92.34099337000006, 56.23347678131478], [92.34099510816739, 56.23347885627018], [92.34099652077361, 56.23348110911769], [92.34106718149907, 56.23360138573598], [92.34106827163515, 56.23360363686542], [92.34106920053195, 56.23360588713624], [92.34106996664781, 56.233608226353226], [92.34107010630504, 56.23360948447854], [92.34108201298916, 56.233686158348945], [92.34108215573018, 56.23368723686473], [92.34108227688932, 56.233689572647215], [92.3410820755689, 56.233691906712494], [92.34108155176888, 56.233694239060604], [92.34108086672897, 56.23369657055012], [92.34107985920936, 56.23369890032241], [92.34107853075156, 56.23370113857274], [92.34107704259532, 56.233703286159695], [92.34107523195924, 56.233705432029396], [92.34107506609466, 56.2337057005851], [92.34046793149183, 56.23436330995066], [92.3404661254195, 56.23436518639683], [92.34046383407609, 56.234367150069524], [92.34046138303293, 56.23436902307801], [92.34045861104735, 56.234370804562865], [92.34045584060456, 56.23437249624294], [92.34045258797671, 56.234374095539906], [92.34045144847676, 56.23437471815716], [92.34024520158103, 56.234468461183994], [92.3402383738052, 56.234471658047276], [92.34023723892963, 56.23447201124831], [92.34023675056977, 56.234472278083416], [92.34023318006905, 56.23447360624093], [92.34023074598743, 56.23447449139267], [92.34011835922406, 56.234511433941236], [92.34005640611302, 56.234531940158135], [92.3400557611399, 56.234531936718376], [92.3400555983526, 56.23453202566315], [92.34005187122887, 56.23453308354126], [92.34004798440567, 56.234534050754576], [92.34004410067034, 56.23453483835831], [92.34004005723563, 56.2345355352972], [92.34003585564558, 56.23453605176655], [92.34003181838688, 56.23453638948624], [92.34002746172963, 56.23453654587639], [92.34002326785976, 56.23453661332161], [92.33996747767858, 56.234536315754866], [92.33982319025385, 56.23454344959719], [92.33970909775647, 56.23451077762275], [92.3397089365133, 56.234510776762356], [92.33866120226544, 56.23429789326516], [92.33865959603197, 56.23429752542874], [92.33811556394339, 56.234182440238456], [92.33799393731289, 56.23431561096108], [92.33787885084475, 56.234649189325104], [92.3394246986474, 56.23495706721366], [92.33867432833827, 56.23620352515512], [92.33814062987533, 56.23610484137362], [92.3381089654578, 56.23615487745516], [92.33802148861189, 56.23614030889378], [92.3380170001104, 56.236148098609924], [92.33798789226502, 56.23619949553154], [92.33798805351523, 56.236199496394185], [92.33795894559164, 56.23625089330838], [92.33805396116985, 56.236267837376566], [92.3380237291734, 56.23631895885353], [92.33792983758961, 56.23630229021509], [92.33783610733843, 56.236285622368435], [92.33786553640448, 56.236234317014194], [92.33789512664151, 56.23618301251509], [92.33789496694052, 56.23618292184764], [92.33792439584822, 56.23613161647816], [92.33795382467673, 56.236080311101055], [92.33804661021236, 56.23609562661247], [92.33805077000696, 56.236088194388735], [92.33726083883869, 56.23594206182347], [92.33698784838127, 56.23650049350326], [92.33694471892247, 56.23658863836917], [92.33657287689819, 56.237519352968896], [92.33655163345556, 56.23757276759662], [92.33655146443766, 56.2375732157552], [92.33655062555772, 56.237575097329675], [92.33654929670026, 56.23757733552902], [92.33654780813906, 56.237579483059164], [92.33654599706573, 56.23758162886022], [92.33654566679175, 56.237582076154254], [92.33641962645937, 56.237717736403916], [92.33634229182499, 56.23782527684915]], [[92.33727968502207, 56.23690531694485], [92.33717931429398, 56.23689022967615], [92.33719570176461, 56.23685645796659], [92.33729591115802, 56.23687154435834], [92.33727968502207, 56.23690531694485]], [[92.33732269479796, 56.236478486666066], [92.33734713986756, 56.236426346427535], [92.33736895989354, 56.23637679670335], [92.33739413510638, 56.23631972065193], [92.33754021904933, 56.236339722754444], [92.33751504404013, 56.23639679883588], [92.33749306293974, 56.236446347722804], [92.33744109660809, 56.2364392437122], [92.33741631675238, 56.23649210067992], [92.33732269479796, 56.236478486666066]], [[92.33738448367586, 56.2365891976635], [92.33741375077874, 56.236537981362424], [92.33747709944919, 56.23654900828131], [92.33744928368918, 56.236600232367685], [92.33738448367586, 56.2365891976635]], [[92.33748656083942, 56.23622510359058], [92.33751084586616, 56.23618221319701], [92.33753512928828, 56.23613941260291], [92.33755941420587, 56.23609652219897], [92.33758369596907, 56.23605381139917], [92.33767710459419, 56.236070387905244], [92.33765282137443, 56.23611318852816], [92.33763967660006, 56.23613664916638], [92.33775527752323, 56.2361568471023], [92.33772616777158, 56.23620833376609], [92.33761056670906, 56.23618813580282], [92.33760457572201, 56.23619888128938], [92.33758029233907, 56.236241681896765], [92.33748656083942, 56.23622510359058]], [[92.3375348476008, 56.23652946878052], [92.33757187478807, 56.2364958075117], [92.33757460211332, 56.23649663042795], [92.33760605834739, 56.236468058665565], [92.33760333257335, 56.236467145945355], [92.33763757187648, 56.236436164122416], [92.33772433305722, 56.23646420106633], [92.33766152928486, 56.23652439886505], [92.3376243393467, 56.2365581491022], [92.3375348476008, 56.23652946878052]], [[92.33768205701497, 56.23609178989709], [92.33770149969209, 56.236058483535544], [92.33779394553017, 56.2360747853614], [92.33777274157225, 56.23610736380797], [92.33768205701497, 56.23609178989709]], [[92.33768573596848, 56.23639259319196], [92.33772210549063, 56.236359646861935], [92.33781766564519, 56.236391772415104], [92.33778064652121, 56.23642498473547], [92.33768573596848, 56.23639259319196]], [[92.3377525801094, 56.23662161472313], [92.33780336461884, 56.23657572263459], [92.33785398775495, 56.236529829661684], [92.33790477202118, 56.236483937530245], [92.33790493172343, 56.23648402819768], [92.33795571586788, 56.23643813604468], [92.33803811885446, 56.236466418890274], [92.33816573162238, 56.2365102116868], [92.33824813491911, 56.23653849439296], [92.33818047725296, 56.236599654437796], [92.33809807387546, 56.236571371686665], [92.33797030127987, 56.23652748815316], [92.33793655211412, 56.236558113437624], [92.33788576778697, 56.23660400558143], [92.33783498333811, 56.236649897703735], [92.3377525801094, 56.23662161472313]], [[92.33821216581151, 56.23630505779594], [92.3382324360687, 56.23627049839763], [92.33825270783751, 56.23623584919104], [92.338272816771, 56.23620128892324], [92.33829308691813, 56.23616672951415], [92.33838825904391, 56.23618394360204], [92.33848166059848, 56.236200968525445], [92.33846139060257, 56.236235527965604], [92.33844128182048, 56.23627008826421], [92.33842101020333, 56.23630473750188], [92.33840074009737, 56.23633929693125], [92.33838046995469, 56.236373856357034], [92.33828690522633, 56.236356920299244], [92.3381918955176, 56.23633961719067], [92.33821216581151, 56.23630505779594]]], [[[92.32225980549327, 56.23204698836832], [92.32219866753157, 56.2319479488577], [92.32191750707428, 56.23198134572973], [92.32196426836433, 56.23204527948222], [92.32203780133104, 56.2320724467046], [92.32215254537113, 56.23206696804186], [92.32225980549327, 56.23204698836832]]], [[[92.33624126611716, 56.234155156520956], [92.33649748225193, 56.23422164503464], [92.33652381977622, 56.23418128059084], [92.33627402712231, 56.234116353405945], [92.33624126611716, 56.234155156520956]]], [[[92.32218305588093, 56.23187322862845], [92.32225112461532, 56.2318628239041], [92.32217443311825, 56.23173145627018], [92.32207496633313, 56.23170279984703], [92.32218305588093, 56.23187322862845]]], [[[92.33627642983416, 56.23544155697922], [92.33631015840392, 56.2354401212496], [92.33634281414155, 56.23543544648975], [92.33637358925183, 56.23542761818139], [92.33640151003661, 56.23541699035627], [92.33642560435347, 56.23540382724218], [92.33644538225121, 56.23538848546601], [92.33645986693665, 56.235371498669956], [92.33646905065265, 56.235353315879166], [92.33647227755262, 56.23533456226894], [92.3364696995769, 56.23531577753234], [92.33646114462037, 56.23529758943699], [92.33644725146638, 56.235280360658926], [92.33642800614822, 56.23526489943826], [92.33640437304165, 56.23525139057011], [92.33637682501745, 56.23524046527878], [92.33634632644467, 56.23523230835965], [92.33631383858378, 56.23522728421815], [92.33628016610514, 56.23522548698166], [92.33624643772298, 56.235226922703596], [92.33621362090533, 56.235231596573634], [92.33618284592019, 56.23523942484276], [92.3361549252048, 56.23525005261901], [92.33613082933923, 56.23526330548538], [92.3361112141806, 56.23527855827187], [92.33609656657688, 56.235295633966636], [92.33608754549844, 56.235313727790036], [92.3360841571659, 56.23533248052472], [92.33608689620053, 56.23535126613397], [92.33609528819127, 56.23536954319417], [92.336109344019, 56.23538668307164], [92.33612842646903, 56.23540223328097], [92.33615206112374, 56.23541565239684], [92.3361796092089, 56.23542657773805], [92.33621010790002, 56.235434734698295], [92.33624275716944, 56.235439759732174], [92.33627642983416, 56.23544155697922]]], [[[92.32435849504529, 56.238145636164745], [92.32450315758234, 56.23812729572955], [92.32464997171365, 56.23811498434041], [92.32479812805761, 56.23810887719938], [92.32487876328133, 56.238108957884286], [92.32488680234916, 56.23810118800869], [92.32489692512691, 56.23809414800429], [92.3249089656173, 56.23808810640408], [92.32492259972533, 56.23808315125249], [92.32493734209892, 56.238079369714434], [92.32495286548506, 56.238077029443374], [92.32496901178673, 56.23807594995059], [92.32498513123632, 56.23807639713062], [92.32557791263473, 56.23757496978959], [92.32266153190713, 56.23846794923263], [92.32266645921817, 56.23848117871782], [92.32285013587173, 56.23846377224842], [92.32305007925632, 56.23843846113232], [92.32324738549151, 56.238407207612056], [92.3234410885218, 56.23836991660579], [92.32363102384207, 56.238326766857526], [92.32381638192079, 56.23827793358736], [92.3239448421498, 56.23823642332219], [92.32407852714216, 56.2382004200568], [92.32421662748817, 56.23817009898018], [92.32435849504529, 56.238145636164745]]], [[[92.3365047785874, 56.23523621169644], [92.33660907431145, 56.23521054547777], [92.33663964914018, 56.235204961354526], [92.33663850972077, 56.23519624338707], [92.33663995023663, 56.23518753924999], [92.33664380478405, 56.23517911749279], [92.33664974931777, 56.23517106619111], [92.33665794042649, 56.23516365562305], [92.33666805406578, 56.23515697386408], [92.33667976463977, 56.235151198794384], [92.33663066778207, 56.23509947276493], [92.33653430365706, 56.23501147828828], [92.33642820473604, 56.234926934238345], [92.33631317106634, 56.23484620413306], [92.33618935925534, 56.234769558226674], [92.33605724838792, 56.23469726850246], [92.33591731442851, 56.234629786553285], [92.33624358448775, 56.23518676099462], [92.33628875042379, 56.23518601531123], [92.33633335653525, 56.235189667445184], [92.33637611597496, 56.23519753086984], [92.33641590469145, 56.23520933012032], [92.33645143738302, 56.235224788868365], [92.33648175433979, 56.235243452906744], [92.3365047785874, 56.23523621169644]]], [[[92.32376661067053, 56.23300213191766], [92.32422654682895, 56.23299036431199], [92.32422734826753, 56.232990638128136], [92.32425536072596, 56.232974894188715], [92.32423601572721, 56.23288299955358], [92.32419834730246, 56.23265035751897], [92.32414888742161, 56.232345620944734], [92.3241448140101, 56.23232054083793], [92.32405676842751, 56.23223832997286], [92.32398449849795, 56.23218512505345], [92.32393528310321, 56.232168779619414], [92.32386738046323, 56.232160594862634], [92.32386657588103, 56.232160500653094], [92.32385460669207, 56.23216259076505], [92.32380412963347, 56.23217210456189], [92.32380348312022, 56.23217219084198], [92.32379943964409, 56.23217288725035], [92.32379539933164, 56.23217340404964], [92.3237912009501, 56.23217374035876], [92.32378781189657, 56.23217390146435], [92.32378587077469, 56.232174250108855], [92.32375747481025, 56.232175172682766], [92.32310680159453, 56.23219550526853], [92.32337282194437, 56.232380717846844], [92.32337393633405, 56.23238153225858], [92.32337632001563, 56.23238352118152], [92.32337695703593, 56.23238397373042], [92.3236468977201, 56.23262138856045], [92.32364864440315, 56.2326229249306], [92.32365054282744, 56.232625001008806], [92.32365227843489, 56.23262716601017], [92.32365368999075, 56.23262941905336], [92.32365494031204, 56.232631671215245], [92.32365570692916, 56.23263392073326], [92.32365601674057, 56.23263464093153], [92.32376661067053, 56.23300213191766]]], [[[92.33610034598819, 56.235459383313085], [92.33603860202348, 56.23551419720751], [92.33598728614776, 56.235572120669985], [92.33594672710586, 56.23563279622554], [92.33591742422163, 56.23569532843436], [92.33589970781136, 56.23575927001207], [92.33589391441248, 56.23582381445269], [92.33589989215886, 56.235888422064846], [92.33591765509402, 56.23595228460524], [92.3359468900993, 56.2360148615105], [92.33598744840732, 56.23607543347028], [92.33603901688677, 56.23613345991543], [92.33610080175387, 56.23618821806971], [92.33617216735465, 56.236239165630025], [92.33625263927273, 56.2362857611574], [92.3363410949705, 56.23632763936201], [92.33643689875379, 56.23636425794028], [92.3365387668059, 56.23639525074027], [92.33662293016724, 56.23641492192535], [92.33663896370034, 56.23642030684158], [92.33665631052811, 56.2364243516012], [92.33667432564464, 56.23642705274617], [92.336692850901, 56.23642822980258], [92.33671575787427, 56.23642781370908], [92.33673821989082, 56.23642514990234], [92.33675942603571, 56.23642050347523], [92.33677889410468, 56.236413782031086], [92.33679613413535, 56.23640534219669], [92.33681049646769, 56.23639544993012], [92.33682149424604, 56.23638428224918], [92.33682912126554, 56.23637219837336], [92.33683272476712, 56.236359643869896], [92.33683262260118, 56.2363468898814], [92.3368284845116, 56.23633438370279], [92.33682409828002, 56.236326905720205], [92.33631891910827, 56.23547438698219], [92.33629502347749, 56.23547605507967], [92.33627098678555, 56.23547655484719], [92.33622989982908, 56.235474538202496], [92.33618984403726, 56.23546884474344], [92.33615194193771, 56.23545983974489], [92.33611699977367, 56.23544752753425], [92.33610034598819, 56.235459383313085]]], [[[92.32399445192699, 56.232031958255966], [92.32384260871221, 56.23180012927034], [92.32375233317389, 56.23181714949083], [92.32391909459751, 56.23205337112869], [92.32393231230742, 56.232071944849], [92.32401823193082, 56.23205508032626], [92.32399445192699, 56.232031958255966]]], [[[92.33701380195622, 56.23500731226898], [92.33703241960534, 56.23500310099286], [92.33705197369991, 56.23500069099055], [92.33707214020119, 56.23500017033862], [92.33709195009021, 56.23500162365861], [92.3371112452267, 56.23500487047757], [92.33712905814201, 56.23500990561317], [92.33713215436917, 56.2350080361264], [92.33720632732546, 56.23495239013168], [92.33727008428258, 56.234892916163076], [92.33732293223372, 56.23483015047429], [92.3373643750835, 56.23476480892632], [92.33739375860455, 56.23469742690519], [92.33741106890369, 56.2346288126617], [92.33741581146268, 56.23455959224369], [92.33741442845826, 56.23454629251633], [92.33739833978805, 56.23454414066924], [92.33738324338334, 56.23454055712566], [92.33736929738814, 56.234535722358714], [92.33735682428974, 56.234529638095744], [92.33734646596055, 56.23452248740043], [92.33733821774918, 56.234514539687375], [92.33733256183362, 56.23450588735212], [92.33732933076784, 56.23449688875027], [92.3373288439355, 56.234487725218386], [92.33568307863206, 56.23404788821919], [92.33701380195622, 56.23500731226898]]], [[[92.32497043887412, 56.234858854431224], [92.32529448887377, 56.23479011846843], [92.32482484957741, 56.23412383825234], [92.32482469149559, 56.23412365776364], [92.32494260091646, 56.23409439330313], [92.32494653560072, 56.234099893366114], [92.32500980664469, 56.2340873952443], [92.3249422722181, 56.23400305160661], [92.32540928967924, 56.233891805310606], [92.32559759479618, 56.23414197320885], [92.32581749976293, 56.23395195947465], [92.32581369308578, 56.23394834621157], [92.32581086016064, 56.23394437900147], [92.32580932031333, 56.2339402392103], [92.32580891072583, 56.23393601576411], [92.32580962982047, 56.23393179846742], [92.32581163725985, 56.23392767800315], [92.32581476864874, 56.23392383310175], [92.32581886116931, 56.23392035268909], [92.32574245615957, 56.23385437284142], [92.32566166954287, 56.23378998570266], [92.3256405443028, 56.23379921113745], [92.32556028143416, 56.2337417423926], [92.32531852576602, 56.233771230377734], [92.32484390205121, 56.23382908585666], [92.32483623823613, 56.23381557207846], [92.32530970470582, 56.23375932695499], [92.32554563043927, 56.233731244220465], [92.32550661437914, 56.23370327931412], [92.3255285505285, 56.23369378888286], [92.325396531123, 56.23360846529434], [92.32528606979893, 56.23354436518749], [92.32525653900015, 56.23352722949], [92.32430793471649, 56.233377633776996], [92.32430042134335, 56.23338307134839], [92.32429147105384, 56.23338769275494], [92.32428124666687, 56.23339140907234], [92.32427007223963, 56.233394132256834], [92.32425811059169, 56.233395773384174], [92.32424600825685, 56.23339624617185], [92.32423585658721, 56.23339583148025], [92.32422604162257, 56.23339461030877], [92.32421656336355, 56.23339258265748], [92.32416790241241, 56.23346371830711], [92.32412968858162, 56.23353679707474], [92.32467180591192, 56.233537870847364], [92.32489411850098, 56.233917017406625], [92.32481451334951, 56.233923049615356], [92.32484542811916, 56.23398985960293], [92.32473422144224, 56.23401395138922], [92.32437856903339, 56.23406446090379], [92.32446985253833, 56.234237849455994], [92.3239921800259, 56.23433107139591], [92.32396112996814, 56.233988175027285], [92.32388668781836, 56.23353627788812], [92.32410050281781, 56.233536727472284], [92.32414057887125, 56.233458629351446], [92.32419238718354, 56.233382750807614], [92.32418617795771, 56.23337822624105], [92.3241811068851, 56.233373169011706], [92.32417733046009, 56.233367849413725], [92.32417484868218, 56.233362267447234], [92.32417398244542, 56.23335651467799], [92.32385928316157, 56.23330692512228], [92.32385788907872, 56.23329452329699], [92.32417660971691, 56.23334467369845], [92.32418091415579, 56.233338320477706], [92.32418714554053, 56.23333242684641], [92.32419497665197, 56.23332726045644], [92.3242042462522, 56.23332282042693], [92.32421462870391, 56.23331928460531], [92.32422612084561, 56.23331683260025], [92.32423807772743, 56.233315460889294], [92.32425017529413, 56.23331525751572], [92.32430973048714, 56.23325729403426], [92.32437617760206, 56.23320170329487], [92.32444950871928, 56.23314893430881], [92.32452923853623, 56.233099074227866], [92.32458947919633, 56.23306626202125], [92.324615039833, 56.23305239069308], [92.32396295322545, 56.23306975627485], [92.32396133927776, 56.233069837270364], [92.32378147503371, 56.2330737043805], [92.32384026839773, 56.23354419723794], [92.32387306317776, 56.23380627141664], [92.32402984175366, 56.235058583443774], [92.32497043887412, 56.234858854431224]]], [[[92.33670926190273, 56.23514264504941], [92.33672574776399, 56.235140488091034], [92.33674269098, 56.23513986040257], [92.33675960781555, 56.23514075939111], [92.33677601298372, 56.23514327226862], [92.33679142585255, 56.235147216833454], [92.33680552548354, 56.23515250155291], [92.33681782969184, 56.23515903403029], [92.3368556171809, 56.23514666272187], [92.33695582406843, 56.235105616279974], [92.33696753613485, 56.23509975137818], [92.33695835763682, 56.23508964314452], [92.33695257770911, 56.235078834616644], [92.33695019169527, 56.23506759520902], [92.33695119338715, 56.235056284140555], [92.33695590061855, 56.235045172553086], [92.33696382034277, 56.235034796682314], [92.33697495100645, 56.23502524633229], [92.33555377741891, 56.234009113274496], [92.33590400026651, 56.23460708222539], [92.33604986596401, 56.23467657190326], [92.33618807451268, 56.23475060079343], [92.33631798093917, 56.23482916546218], [92.33643959300063, 56.23491181691212], [92.33655194631567, 56.234998370371144], [92.33665504706349, 56.23508846664558], [92.33670926190273, 56.23514264504941]]], [[[92.33654291346373, 56.234233474503775], [92.33736599179333, 56.23444696942556], [92.33737881679262, 56.23444200857457], [92.33739307437092, 56.23443813314915], [92.33738835333847, 56.23442203134433], [92.3373562907748, 56.23435503878889], [92.33731241888357, 56.23429022830602], [92.33725721213975, 56.23422814130221], [92.33719098221532, 56.23416940812264], [92.33711468573622, 56.2341146625652], [92.33702895838051, 56.23406444689509], [92.33693475984487, 56.23401921530026], [92.33683272732863, 56.233979420241404], [92.33672430422061, 56.23394551850112], [92.33661029048281, 56.233917873603495], [92.33649181320298, 56.233896581389764], [92.33637015449034, 56.23388209778832], [92.33624644451952, 56.2338743390393], [92.33612196849042, 56.23387358147095], [92.33599801936519, 56.23387965239322], [92.3358758854478, 56.23389264853524], [92.33575653877926, 56.23391230568141], [92.33564143202169, 56.23393854182612], [92.33553153878734, 56.233971002957325], [92.33619374671702, 56.23414286667344], [92.33622987985162, 56.23410488997646], [92.33607496383958, 56.234064630979745], [92.33619763391172, 56.2339180855805], [92.33677909178223, 56.23406912540652], [92.33665642343834, 56.23421567138277], [92.3365735874021, 56.2341941212426], [92.33654291346373, 56.234233474503775]]], [[[92.33544861854011, 56.23382398283283], [92.33551399750385, 56.23394100103116], [92.33562825348683, 56.233908024461286], [92.3357480407957, 56.233881544015475], [92.33587190520953, 56.23386173149872], [92.33599855065067, 56.233848939195944], [92.3361270081912, 56.233843251713125], [92.33625582673929, 56.23384466126089], [92.3363837148914, 56.23385325072518], [92.33650954714045, 56.23386883444781], [92.33663187394029, 56.2338913148509], [92.3367495713214, 56.23392041648118], [92.33686151375157, 56.23395595369385], [92.33696658034033, 56.23399747143336], [92.33706364863015, 56.234044604451576], [92.33715192018094, 56.2340968994252], [92.33723043684608, 56.23415381236308], [92.3372982404617, 56.234214799274305], [92.33735501936599, 56.23427922981655], [92.33739997815786, 56.234346471054984], [92.33743264390775, 56.23441589177937], [92.3374379665255, 56.23443451156724], [92.33745422879561, 56.23443594583493], [92.33746998098758, 56.23443890419026], [92.33748457968188, 56.23444329337561], [92.33749770549406, 56.23444893205541], [92.33750903903888, 56.23445563889427], [92.33751825938047, 56.2344633223615], [92.33752504868217, 56.23447171131702], [92.33752941004259, 56.234480626151814], [92.3375310256239, 56.23448979572566], [92.33779029592164, 56.23455710621315], [92.33787959455965, 56.23429757547004], [92.33827567276758, 56.2338280861706], [92.33824668667661, 56.23382577564852], [92.33825437643804, 56.23381935023671], [92.33805639749826, 56.233779492113], [92.3378675786633, 56.233741478946435], [92.33781503137885, 56.23373086926369], [92.33774593220183, 56.23371693770736], [92.33768101747076, 56.233694137022646], [92.33761650587896, 56.23366666818565], [92.33759361127335, 56.23364777471276], [92.33757071669022, 56.233628881235624], [92.33754869950292, 56.23358717994943], [92.33754504403508, 56.2336401500493], [92.33738883556286, 56.2336374276079], [92.33709960464708, 56.23362465186735], [92.33703901276546, 56.2336223513666], [92.33544861854011, 56.23382398283283]]], [[[92.33544342246333, 56.22956933152556], [92.33545923380315, 56.22965258334912], [92.33559794008079, 56.22964084420703], [92.33565254419038, 56.22991425893611], [92.33550990738034, 56.22992013918444], [92.33560313985402, 56.23041182747323], [92.33585690241375, 56.230432230158165], [92.33566755254868, 56.22953146640642], [92.33544342246333, 56.22956933152556]]], [[[92.33524676517946, 56.23653138903774], [92.33585771236169, 56.23655532645837], [92.33677731969435, 56.23667288398924], [92.3368235833682, 56.23657137384692], [92.33671802445419, 56.2365392837458], [92.33553795114364, 56.23640452036663], [92.33537478620279, 56.236476931522276], [92.33528689292123, 56.236514360502575], [92.33524676517946, 56.23653138903774]]], [[[92.33540366211612, 56.23728666069161], [92.33518853773612, 56.23769577076342], [92.33519756965089, 56.23769572947209], [92.33520693963388, 56.23769479186669], [92.33521081600985, 56.23769445343919], [92.33521501178755, 56.23769429635334], [92.33522065731736, 56.2376942368684], [92.33533190091258, 56.23769618161539], [92.33531597434737, 56.23768460001252], [92.33531358971823, 56.23768261131904], [92.33531136634569, 56.237680623491656], [92.33530946704138, 56.23767854759195], [92.3353077305489, 56.23767638275376], [92.3353063165693, 56.23767421964786], [92.33530506540147, 56.23767196760352], [92.33530413830172, 56.23766962748689], [92.33530353371467, 56.23766728910258], [92.33530353838063, 56.23766701968878], [92.33528586224209, 56.23757953673556], [92.33528557550332, 56.2375774694973], [92.33528545468654, 56.237575133711424], [92.33528565638159, 56.237572799657954], [92.3352860193325, 56.23757046647061], [92.335286866051, 56.23756813588186], [92.33528737314884, 56.23756679141138], [92.33537931194768, 56.2373610746723], [92.33540366211612, 56.23728666069161]]], [[[92.33540366522624, 56.2372864810824], [92.33541890138694, 56.23727273171235], [92.33542971740721, 56.23718827580178], [92.33545153232323, 56.23701810757536], [92.33546942585161, 56.23687881394349], [92.33547495781832, 56.23682010597008], [92.33545456149128, 56.23687110001776], [92.33522584879576, 56.2368451730088], [92.33531871937959, 56.23661350535199], [92.33528830343234, 56.23660983926886], [92.33520299083284, 56.23660066911968], [92.33496057447034, 56.237235422011686], [92.33540366522624, 56.2372864810824]]], [[[92.33544634321282, 56.23400197999801], [92.33535014686788, 56.234044304144874], [92.33526192528241, 56.23409170058613], [92.33518233274904, 56.23414363397598], [92.33511250418863, 56.234199751177016], [92.33505277455046, 56.23425933550147], [92.3350039578554, 56.23432194227329], [92.33516587407773, 56.23435837826061], [92.33532399961119, 56.23439955376273], [92.33547801201635, 56.234445467062336], [92.33562726947207, 56.234495935102686], [92.33577161387727, 56.234550777426094], [92.33544634321282, 56.23400197999801]]], [[[92.32419544011817, 56.23599372344328], [92.32406411306606, 56.23589627749755], [92.32401440891472, 56.23590741224606], [92.3239907717283, 56.23591267190399], [92.3255799433655, 56.23715654195654], [92.32571363095714, 56.23712008788339], [92.32419544011817, 56.23599372344328]]], [[[92.33556562481002, 56.23039007089643], [92.33553061628149, 56.2302048679968], [92.33545972659994, 56.23021095383244], [92.3354785788676, 56.23031416047545], [92.33530539896908, 56.230323918044185], [92.33527977144423, 56.23018367199379], [92.33545295071607, 56.2301739144592], [92.33545750875791, 56.230199356035996], [92.33552839064662, 56.23019371922515], [92.33543237933202, 56.22968566995462], [92.33540865618379, 56.22975209402198], [92.33537270951847, 56.229816745979164], [92.33532471138669, 56.22987899804847], [92.3352654802978, 56.2299381361088], [92.33540731730942, 56.22993189259389], [92.33542599739667, 56.230063658880354], [92.33507374443812, 56.23007910036608], [92.3350721685067, 56.23006768563775], [92.33499397401488, 56.2301045378335], [92.33491020340857, 56.230137498046], [92.33482167060296, 56.23016612157408], [92.33472886084841, 56.23019032120346], [92.33556562481002, 56.23039007089643]]], [[[92.32403906934745, 56.235230536069636], [92.32404609979338, 56.23517013027724], [92.32414242806264, 56.23518529596608], [92.32424764708962, 56.23518093088236], [92.32431037004463, 56.235108075738374], [92.3245391451151, 56.23506531632588], [92.32471561139, 56.23500763151668], [92.32479763589873, 56.23500170238005], [92.32478518824024, 56.23498510885459], [92.32480621108981, 56.23493591619067], [92.32403673360574, 56.23513424369832], [92.32403906934745, 56.235230536069636]]], [[[92.33449580987792, 56.23586740690323], [92.33450288338457, 56.23590588490315], [92.33451965053175, 56.2359433372776], [92.33454579974705, 56.23597913365615], [92.33458086131763, 56.23601246319014], [92.33462531900842, 56.236043328473194], [92.33467726430243, 56.23607019241323], [92.33473573904058, 56.23609251097188], [92.33479929819158, 56.23610991712021], [92.33486698202051, 56.23612195662696], [92.33493686017336, 56.23612834967202], [92.33500780698344, 56.236128910576625], [92.33507820680896, 56.23612381028369], [92.33514644867692, 56.23611295032593], [92.33521107508933, 56.23609668212888], [92.33527078980534, 56.23607535798708], [92.33532413378803, 56.23604941913563], [92.33537029145374, 56.23601940008013], [92.33540796192578, 56.23598592253291], [92.33543582723506, 56.2359505960572], [92.33576462937205, 56.23515940259258], [92.33578163782826, 56.23511773084964], [92.33578683648017, 56.23507824103865], [92.33578155417844, 56.235038694969134], [92.33576577386067, 56.23500008049096], [92.33573996685921, 56.234963118634106], [92.33570460139204, 56.23492871003573], [92.3356604712667, 56.234897577453296], [92.33560853152524, 56.23487044450909], [92.33555006279632, 56.23484785694777], [92.33548618445322, 56.23483035964928], [92.33541850270183, 56.23481832048368], [92.33534814156194, 56.234812014921204], [92.33527703593498, 56.23481145335128], [92.33520647263292, 56.23481682231191], [92.3351382284223, 56.23482795172458], [92.33507359789685, 56.23484457911054], [92.33501403845749, 56.23486635305546], [92.33496101062613, 56.234892742538015], [92.3349154912019, 56.23492321393856], [92.33487862135156, 56.234957054895105], [92.33485138567681, 56.23499328276475], [92.33449871822424, 56.23582988071528], [92.33449580987792, 56.23586740690323]]], [[[92.32406272719535, 56.2358193001341], [92.3252110642706, 56.235554511613785], [92.32514882746088, 56.23547136457584], [92.32507530579628, 56.23549808714075], [92.32473166919212, 56.23558898929821], [92.32443240559674, 56.2356508537034], [92.32417708580789, 56.23570810748539], [92.3241066852914, 56.235722362507346], [92.32404781349314, 56.23558561489146], [92.3240534996749, 56.235821315430314], [92.3240620806212, 56.23581938641536], [92.32406224186936, 56.235819387296154], [92.32406272719535, 56.2358193001341]]], [[[92.3248239128123, 56.232261019754894], [92.32474963841868, 56.23215670068942], [92.32468130447889, 56.23202636819499], [92.32466710322977, 56.23200868731882], [92.32441584832162, 56.23205626392173], [92.3242451632607, 56.232088562752224], [92.32418160901817, 56.23214479791773], [92.32414099390162, 56.23220780451657], [92.3241746281973, 56.23225738543434], [92.32427762299147, 56.23229647774497], [92.32441701249752, 56.23232912251047], [92.32452257299454, 56.23232323225614], [92.3248239128123, 56.232261019754894]]], [[[92.3259310854083, 56.23706136728802], [92.32618306901645, 56.23699241602044], [92.3258770827638, 56.23658263908186], [92.32550085365008, 56.236701567121706], [92.32444582140207, 56.2358781539856], [92.32591480658814, 56.235554934281176], [92.32589415526074, 56.235500395073444], [92.32418876616188, 56.23586902646884], [92.32449073942787, 56.23609314221321], [92.32575439007154, 56.23703067656334], [92.32583223653519, 56.237088401405046], [92.3259310854083, 56.23706136728802]]], [[[92.32428231286906, 56.23246059190724], [92.3243507318074, 56.23282425952429], [92.32449512932493, 56.23281983872699], [92.32448973884769, 56.23278711733062], [92.3244552060161, 56.23278854544237], [92.32444331379172, 56.23269462582425], [92.32447413339206, 56.23269344688389], [92.32444451611349, 56.2325163533743], [92.32428231286906, 56.23246059190724]]], [[[92.32429252910765, 56.23244816367392], [92.32447669656032, 56.23251114027349], [92.32466594820438, 56.23256929443707], [92.32485980186715, 56.232622533697715], [92.3250577769467, 56.23267067578641], [92.32525971372331, 56.232713629999665], [92.32526219381275, 56.23271014081253], [92.32465700106907, 56.2323721058386], [92.32455973618302, 56.232392231961605], [92.32455747100931, 56.23239266866244], [92.32455342910355, 56.232393275290924], [92.32454922754407, 56.232393791234664], [92.32454502756461, 56.23239421737378], [92.3245437361141, 56.232394300137216], [92.32438152229516, 56.23240329399197], [92.32438022768287, 56.23240355636264], [92.3243504136604, 56.23241174619221], [92.32431476833295, 56.23242143099531], [92.32429252910765, 56.23244816367392]]], [[[92.33498658817695, 56.229646631102824], [92.3339818668476, 56.23001197549744], [92.33469642415314, 56.230182602502985], [92.33479827805532, 56.230157553389084], [92.3348949078735, 56.2301269077008], [92.33498582212628, 56.23009111187425], [92.33506972633225, 56.230050428404944], [92.33505522677706, 56.22994733489607], [92.3352338539916, 56.22993949302209], [92.33529108669774, 56.22988402657718], [92.33533788947156, 56.2298256300617], [92.33537360812925, 56.22976483885179], [92.33539790938848, 56.229702279858294], [92.33541045686515, 56.229638759598544], [92.33541140251135, 56.22957481777054], [92.33498658817695, 56.229646631102824]]], [[[92.32498361731685, 56.23306410169036], [92.3249970549013, 56.23304270966354], [92.3249265566341, 56.233044480588916], [92.32466456631616, 56.233051134180904], [92.32463576200585, 56.23306606557272], [92.32457375884218, 56.23309823948959], [92.32448950022663, 56.2331488831938], [92.32441211610737, 56.23320288745855], [92.32434193529049, 56.23325989483959], [92.3242796090655, 56.23331954965324], [92.32429018751884, 56.23332319994333], [92.32429945868371, 56.23332783103793], [92.32430726448423, 56.233333262448], [92.32431328402552, 56.23333940260842], [92.32431736081153, 56.23334598122569], [92.32431933676511, 56.233352817810605], [92.32431905222813, 56.233359821678334], [92.32431683599809, 56.233366635371894], [92.32521916279428, 56.233506907545134], [92.32512983886222, 56.23346043611251], [92.3250731091066, 56.23342195613805], [92.32502563793021, 56.23337966467776], [92.32498821571322, 56.23333446418473], [92.32496163914075, 56.23328689789278], [92.3249460536218, 56.23323786473315], [92.32494176895587, 56.233188084904924], [92.32494893054341, 56.23313845733357], [92.32496752570636, 56.23308970045278], [92.32498361731685, 56.23306410169036]]], [[[92.33395168596974, 56.23002294986265], [92.33368167889168, 56.23012118866948], [92.33377883707449, 56.23015305659629], [92.33388141244666, 56.230179385198745], [92.33398812140786, 56.230199808302174], [92.33409800123893, 56.23021405127582], [92.33421008454054, 56.23022210890611], [92.33432292334933, 56.2302237937712], [92.33443538903431, 56.23021909979842], [92.33454651263325, 56.230208111590834], [92.33465516396207, 56.23019091288808], [92.33395168596974, 56.23002294986265]]], [[[92.32787341293775, 56.23281560204776], [92.327578579856, 56.23269050724092], [92.32747373755592, 56.23272900615602], [92.32736413194152, 56.23276325787497], [92.32725057236217, 56.23279308715925], [92.32713354570332, 56.23281831701937], [92.32713200170774, 56.232823607595385], [92.32712900973868, 56.232828710671455], [92.32712457451812, 56.23283335683387], [92.32711869447154, 56.232837635887], [92.32711169836689, 56.23284119036616], [92.32710358463007, 56.23284411007565], [92.32709484011698, 56.23284621803667], [92.32708562606393, 56.2328475151259], [92.32707594404569, 56.2328479115387], [92.32706772731797, 56.232847507601676], [92.32705952161066, 56.232846475032474], [92.32705165097006, 56.23284472578027], [92.32704443471931, 56.23284244120796], [92.32703787443299, 56.232839531511125], [92.32703212977262, 56.23283608737127], [92.32690217658637, 56.23285361259844], [92.32677038610177, 56.23286555928198], [92.32663724050691, 56.23287201985294], [92.32650354761323, 56.23287290889052], [92.32640220116724, 56.232868315646684], [92.32639998533573, 56.23287512937907], [92.3263958394002, 56.23288166316523], [92.32638960527565, 56.23288773651821], [92.32638193105686, 56.23289317333962], [92.32637249742355, 56.23289779226474], [92.32636211213159, 56.232901507877415], [92.32635061552138, 56.232904229495176], [92.32633849287762, 56.232905869946585], [92.3263259070133, 56.23290634030476], [92.32631334006149, 56.23290573300755], [92.32630095641143, 56.232903869323835], [92.32628939785594, 56.23290093237411], [92.32627898686778, 56.23289692391436], [92.32626972029507, 56.23289202355388], [92.32626224150556, 56.232886324609055], [92.32625638611054, 56.23288000581127], [92.32625263466473, 56.23287324940352], [92.32625098401466, 56.232866234994994], [92.32625126977106, 56.23285914131688], [92.32602359297358, 56.232840208253656], [92.32579780040457, 56.23281499812062], [92.32579505659847, 56.23282432373245], [92.3257895765163, 56.232833364996004], [92.32578152927853, 56.232841673767], [92.32577091646128, 56.23284916024039], [92.32575838773893, 56.232855558516256], [92.3257441059248, 56.232860779668115], [92.3257285610366, 56.23286446711312], [92.32571191115676, 56.232866801338425], [92.32569496877598, 56.23286742751878], [92.3256786965787, 56.2328666203395], [92.32566293333096, 56.23286437892221], [92.32564783869256, 56.23286079395026], [92.32563405760799, 56.232855868938756], [92.32562190939427, 56.232849785254636], [92.32561171336775, 56.2328427242648], [92.32560362918609, 56.23283477665301], [92.32559781335094, 56.23282621271191], [92.32548252383593, 56.23283510449846], [92.32536844681862, 56.232848403629966], [92.32529484171678, 56.232870994463696], [92.32522663330478, 56.23289846459017], [92.3251651193503, 56.23293037203038], [92.32511111234517, 56.23296636197332], [92.32507336728142, 56.23296705423332], [92.32513162803501, 56.232927584795775], [92.32519883736616, 56.23289274459921], [92.32527353468201, 56.23286306454342], [92.32516432004887, 56.23288411392688], [92.32505809772465, 56.232909221125276], [92.3249550289175, 56.232938387025726], [92.32485576328514, 56.232971345741554], [92.32479543408317, 56.232972543383795], [92.32491631315985, 56.23293009263256], [92.32504305979705, 56.232893242181405], [92.32517485838237, 56.23286252644284], [92.32531090278869, 56.23283794100526], [92.32545005968974, 56.232819749115706], [92.32550194571384, 56.23281266728085], [92.32555459845084, 56.23280783493062], [92.32435426636488, 56.23284331920157], [92.32436355802993, 56.23289258751572], [92.3243876454343, 56.23290744838269], [92.32444235985781, 56.23294124739504], [92.32451032098645, 56.23296452075078], [92.32459912269296, 56.23297641174667], [92.32461727286646, 56.23298046258956], [92.32575621940263, 56.232951467083275], [92.32590576576779, 56.23294770138592], [92.32726550767391, 56.23286097723603], [92.32726599138145, 56.23286097986579], [92.32773833997254, 56.2328308550152], [92.32787341293775, 56.23281560204776]]], [[[92.32447900340082, 56.23123463905456], [92.32464379856683, 56.23126194367625], [92.3246468524394, 56.23126249922301], [92.32465070771771, 56.2312633285831], [92.3246545598365, 56.23126433755208], [92.32465824914661, 56.23126543544547], [92.32466193529724, 56.23126671294773], [92.32466241582478, 56.231266895196626], [92.32487077080533, 56.23134787605742], [92.32508683550931, 56.23142144412713], [92.32541288729121, 56.23151240654205], [92.32541320817334, 56.23151249810455], [92.326033063491, 56.231685443008885], [92.3260332231452, 56.23168553369158], [92.32613335040067, 56.23171347201609], [92.32625193675257, 56.231608407746535], [92.32578427666385, 56.23144581349704], [92.3261472468514, 56.2311330855621], [92.32622618402192, 56.231164770381795], [92.32631967183546, 56.23108399854105], [92.32627224296664, 56.23106694525418], [92.32636393014721, 56.23098769039846], [92.32675495947689, 56.231078823387364], [92.32717172842221, 56.23122865324294], [92.32721418969508, 56.231243972723874], [92.32697219640949, 56.23145353788516], [92.32692925603673, 56.2314379462767], [92.32650815417996, 56.231801553557204], [92.3264765543863, 56.23182886436809], [92.32666842380424, 56.231894035146944], [92.32666922681271, 56.231894219142795], [92.32684907377194, 56.23195537244079], [92.32685179739413, 56.23195637520168], [92.32685532087768, 56.23195774156622], [92.3268561207389, 56.23195810516992], [92.32708089808479, 56.23205937955883], [92.32715292739567, 56.232052945455884], [92.32715325143461, 56.2320528574048], [92.32719496135222, 56.23202829578826], [92.32710681567417, 56.2319330636641], [92.32704146113834, 56.231862294777535], [92.32703164897251, 56.23185173328042], [92.32697908304735, 56.23183330513509], [92.32671496905628, 56.23174088764257], [92.32830142038661, 56.23065648430929], [92.32887121810468, 56.2308242933675], [92.32852614748849, 56.23111072131842], [92.3299841052799, 56.231637833980315], [92.3302705426319, 56.23129216728358], [92.33035108816605, 56.23119488657746], [92.33027095623892, 56.23116679045663], [92.33028674583542, 56.23115825386117], [92.3303299559175, 56.2311029832375], [92.33033011714605, 56.231102984110066], [92.33033028464087, 56.23110262576422], [92.33040560781275, 56.23112907918942], [92.33055598864668, 56.230947572313646], [92.33133791029661, 56.23124997965359], [92.33120062238461, 56.2313742574893], [92.3307158452005, 56.231813247211214], [92.33072482406587, 56.231816169794904], [92.33089191622702, 56.23167507898504], [92.33091008365275, 56.23165963956189], [92.33091040924505, 56.23165946169634], [92.3309105720412, 56.231659372763566], [92.33091106512539, 56.23165883655138], [92.33091351645898, 56.231656963731965], [92.33091367925513, 56.231656874799185], [92.33127382567392, 56.23140213593264], [92.3317518376898, 56.23106396757998], [92.33175444704626, 56.23106227522352], [92.33175737885936, 56.23106058460843], [92.33175981917086, 56.23105934040433], [92.3318713877789, 56.231004438400355], [92.32820869784139, 56.23061089475102], [92.3279323540266, 56.23059107222944], [92.32737421306173, 56.23055902980249], [92.32700718071658, 56.23054329266521], [92.32632463991784, 56.23051604743057], [92.32575795209179, 56.23049338154983], [92.32571864137623, 56.230491550700705], [92.32566015267778, 56.230489166257726], [92.32565999145194, 56.23048916537908], [92.32565902409696, 56.23048916010713], [92.32537902982, 56.230475329461], [92.32519021372401, 56.23046630649884], [92.3250642331037, 56.230460050965746], [92.32525845935656, 56.23051903972292], [92.32539130111331, 56.23055694668598], [92.32567416276729, 56.23060034144722], [92.32579943682089, 56.230591773341985], [92.3258480307643, 56.23067098384315], [92.32589645813593, 56.23076887454549], [92.32601204500382, 56.23083452889884], [92.32589384832939, 56.230917501041894], [92.32571769638663, 56.23096764491825], [92.32564134005513, 56.23103692378335], [92.325524855451, 56.23102236785807], [92.32536620413856, 56.23103084352768], [92.32535733103819, 56.23105863721718], [92.3253478016364, 56.23113295052403], [92.3251972098927, 56.231150720672886], [92.32512956157689, 56.2312107061487], [92.32508641393078, 56.23128950635612], [92.32486183064438, 56.23125109854655], [92.32485548887144, 56.231134935576335], [92.32490644899252, 56.23108869042188], [92.32476652990587, 56.23097637905625], [92.32480926718958, 56.23092092812934], [92.32493437982109, 56.23092161076785], [92.32510939250628, 56.23092714592769], [92.3252260363104, 56.23094179292696], [92.32530979981972, 56.230918988089456], [92.32531069786874, 56.230867889318716], [92.32545282257512, 56.23085474315905], [92.3254868527517, 56.23080840547192], [92.32548840379883, 56.230720127625624], [92.32538005939551, 56.23071953696857], [92.32528050892576, 56.230686481817465], [92.32520676483126, 56.230607133936104], [92.32501555922067, 56.230568908410774], [92.32492333200113, 56.23059624734221], [92.32475662405862, 56.23059533770452], [92.32475768710773, 56.230534899267525], [92.3248836149624, 56.23048915302052], [92.32506358820093, 56.23046004744801], [92.32467066209091, 56.230440659416615], [92.32447900340082, 56.23123463905456]]], [[[92.33364695549643, 56.23013375513431], [92.3336873694067, 56.2302578250008], [92.33556900349738, 56.23040912940784], [92.33468920512347, 56.230199089291766], [92.33457389219515, 56.23021921603094], [92.33445546985313, 56.23023267977094], [92.33433523418502, 56.2302391282231], [92.33421431227387, 56.23023865725959], [92.33409415832573, 56.23023109507817], [92.33397622031534, 56.23021662910094], [92.33386146253642, 56.23019544415154], [92.33375133294946, 56.23016772766127], [92.33364695549643, 56.23013375513431]]], [[[92.32475970814778, 56.23261094051883], [92.32460792905387, 56.232567540761224], [92.32445926748957, 56.232521104190376], [92.32448994706932, 56.232692814709125], [92.32454529335557, 56.23269069188595], [92.32455718740854, 56.232784521690455], [92.32450668121137, 56.23278649131524], [92.32451255382944, 56.232819305155914], [92.3247900543744, 56.232810850450775], [92.32478514735308, 56.23277813170605], [92.32470914702127, 56.232781040053034], [92.32469741383278, 56.2326872111421], [92.32477083263964, 56.23268437852894], [92.32475970814778, 56.23261094051883]]], [[[92.33413426995594, 56.235439029913124], [92.33413494298605, 56.23543741690075], [92.33423804526367, 56.23520176346438], [92.33374460463864, 56.235135699713226], [92.3338877462539, 56.23476733887418], [92.33387897829355, 56.23477079438308], [92.333874945633, 56.234770862487835], [92.33387075484534, 56.23477075011524], [92.33386656717471, 56.234770458133255], [92.3338627035508, 56.23477007808253], [92.33376581698933, 56.23475904836068], [92.3337656557453, 56.23475904749254], [92.33376147275304, 56.23475848609316], [92.33375745256367, 56.234757835757165], [92.33375568667323, 56.23475737718443], [92.33362651420197, 56.234729737738], [92.33365692091694, 56.234845311195464], [92.3336570681303, 56.23484612030525], [92.33365751132948, 56.234848457830054], [92.33365763203987, 56.234850793618286], [92.33365742870244, 56.23485321747456], [92.33365690443512, 56.234855549789664], [92.3336568950811, 56.23485608861734], [92.33361909981801, 56.23498961665699], [92.33361892921843, 56.23499015461633], [92.33361841430143, 56.234991948103556], [92.33361824682002, 56.23499230645365], [92.33352662564383, 56.2352259555287], [92.3334854555362, 56.23533090481065], [92.33348713381312, 56.23535498373489], [92.33413426995594, 56.235439029913124]]], [[[92.33622619823731, 56.23796386425859], [92.33622099952774, 56.2379007876851], [92.3362222833735, 56.23790115382332], [92.33621887449443, 56.23787446109318], [92.33621366027594, 56.23781228256467], [92.33621466820054, 56.23780995283453], [92.33621599708566, 56.23780771463893], [92.33621649328191, 56.23780699879692], [92.33621666230476, 56.23780655063882], [92.33625995839525, 56.237746248942756], [92.33617074434531, 56.23775735627117], [92.33606682325589, 56.2377702707024], [92.33606408033752, 56.237770345799085], [92.33597357301402, 56.23778162567287], [92.33545043935707, 56.23777046486529], [92.33519869271358, 56.237770549697814], [92.33503243024491, 56.23777935619185], [92.33485941774575, 56.23784264264698], [92.33485925181962, 56.23784291119401], [92.33468407429267, 56.237882205708544], [92.33448881952228, 56.23792606227767], [92.33435306512314, 56.23795182695048], [92.33399532025791, 56.23801932753881], [92.33368937137234, 56.238094470657956], [92.33358360986166, 56.23812039597821], [92.33342489145976, 56.238196151600484], [92.3334161101942, 56.23820032550916], [92.33415962254723, 56.23840245562996], [92.33433729883623, 56.23833084263047], [92.33469362164898, 56.238187351646935], [92.33493786776377, 56.23808978047124], [92.33522801299317, 56.237977187189344], [92.3353822211938, 56.23792879799251], [92.33554165409845, 56.23788600506094], [92.33570566206828, 56.23784907432597], [92.33587360013772, 56.23781800230796], [92.33604482023974, 56.23779296513962], [92.33621835180192, 56.237774137226914], [92.33621456523657, 56.237778607563314], [92.33621436332184, 56.23779028216355], [92.33604582909557, 56.23780922669627], [92.33587992574124, 56.237834561838426], [92.33571762383258, 56.237866113184865], [92.33555941018078, 56.237903703737786], [92.33540625537792, 56.23794715909961], [92.3352586462546, 56.237996302278376], [92.33514401892602, 56.23804068277215], [92.33511739216723, 56.23805095801654], [92.3350996765883, 56.238058856185305], [92.33450827444283, 56.23830149524356], [92.33435753980201, 56.238372624717336], [92.33460919050897, 56.23829458342658], [92.33486669781728, 56.23822286001114], [92.3351297361936, 56.2381576323113], [92.3353978204144, 56.238098987498674], [92.33567030400887, 56.23804701188283], [92.33594653740924, 56.23800197138766], [92.33622619823731, 56.23796386425859]]], [[[92.3246811149427, 56.232367118098146], [92.32526810245895, 56.23270424536715], [92.32527594118903, 56.23269862988511], [92.32528553929649, 56.232693832313856], [92.32529625026258, 56.232689938940844], [92.32530823058761, 56.232687220058395], [92.32532067567556, 56.23268558146606], [92.3253334211357, 56.23268520189356], [92.32534614607746, 56.23268598977817], [92.32535852803193, 56.232687943361704], [92.32537008329497, 56.232691060007134], [92.32538049097549, 56.23269524815211], [92.32538959299531, 56.23270032730888], [92.32539690880552, 56.23270611523172], [92.32540243840575, 56.23271261192088], [92.32540602687288, 56.232719457279664], [92.32540735331374, 56.23272655974571], [92.32540658211867, 56.2327337405891], [92.32540355836397, 56.23274063971282], [92.32553812571533, 56.23276337747556], [92.32567386289192, 56.23278378632597], [92.32578244376438, 56.23278042622038], [92.32601380205662, 56.23277333398482], [92.32760173718717, 56.232445533174456], [92.32748629455378, 56.23238042000831], [92.3257090705904, 56.232780655103014], [92.3254093284112, 56.23242147541619], [92.32529965146298, 56.23223954478317], [92.32529932741822, 56.23223963282937], [92.32529916934186, 56.232239452341226], [92.3246811149427, 56.232367118098146]], [[92.32541393107932, 56.23257247632976], [92.32514981901392, 56.23262663050277], [92.32497625787404, 56.23236387861591], [92.32524052960416, 56.23230972568647], [92.32541393107932, 56.23257247632976]]], [[[92.33359619603159, 56.23464622799253], [92.33379702258152, 56.23468925203366], [92.3338324160066, 56.234684772301776], [92.33383822305031, 56.234693964490674], [92.3338725025147, 56.23469792117325], [92.33433506609039, 56.23461930921219], [92.33433765377276, 56.234618874067365], [92.33452920749795, 56.234582901403854], [92.3345713471509, 56.23463575843864], [92.33451758901003, 56.234769380532036], [92.33426875494041, 56.23533718705851], [92.33421848058275, 56.23544648843342], [92.33404691691558, 56.235845053449786], [92.33409888959443, 56.23585170985996], [92.3339669144548, 56.23616193217101], [92.33547366180842, 56.23633609691061], [92.33553465922631, 56.23634316042963], [92.33566518487886, 56.23635823130519], [92.33668492707731, 56.236476147451796], [92.33678964437232, 56.23647293657704], [92.33690146012731, 56.23644156238095], [92.33673867978648, 56.236463861754785], [92.33662307848219, 56.23644366286925], [92.33651178160311, 56.23641702042077], [92.33640607609834, 56.236384120948024], [92.33630676049441, 56.23634541781276], [92.33621511860905, 56.23630127716852], [92.33613227299395, 56.236252064306385], [92.33605869497056, 56.23619850027642], [92.33599534580989, 56.23614094950511], [92.33594285805415, 56.23608013390635], [92.3359018673395, 56.236016595783006], [92.33587284337978, 56.235951145984316], [92.3358557767944, 56.235884323346326], [92.33585129853154, 56.23581693957725], [92.33585907515118, 56.23574962157991], [92.33587909571195, 56.23568299798438], [92.33591134461354, 56.235617966831], [92.33595532717997, 56.23555515414674], [92.33601071154584, 56.23549509701648], [92.33607667900799, 56.23543850953644], [92.33608581912587, 56.235432181853554], [92.3360577689905, 56.2354129910032], [92.33603604945083, 56.235391409163455], [92.33602113336566, 56.235368067565744], [92.33601349203613, 56.23534368724531], [92.33601343706725, 56.23531889856648], [92.33602095446284, 56.235294509771045], [92.33603587208825, 56.23527114862496], [92.33605753096586, 56.23524961990678], [92.33608560082862, 56.235230370905995], [92.33611894207696, 56.235214024195244], [92.33615690040894, 56.235201115138125], [92.335784614779, 56.234572941209244], [92.33563225630324, 56.234515271671725], [92.33552450881761, 56.23447957625175], [92.33545640471104, 56.234557168211225], [92.33547064963678, 56.23456335199476], [92.33548261539507, 56.23457078091919], [92.33549214385177, 56.23457927451], [92.3354990784267, 56.23458856248788], [92.3355029400522, 56.23459837284172], [92.33550373494468, 56.234608346353156], [92.33550146621116, 56.234618303413015], [92.33549630131148, 56.23462788566832], [92.33548808366423, 56.23463682283891], [92.33547746290628, 56.23464484897384], [92.33546444214643, 56.23465178446323], [92.33544950977986, 56.23465736249017], [92.33543298984952, 56.23466149498126], [92.33541553199616, 56.23466391598591], [92.33539761995297, 56.23466462810175], [92.33538005838578, 56.2346637254634], [92.33536300854047, 56.23466120893709], [92.33534695415004, 56.234657081121256], [92.33533237583691, 56.23465152422387], [92.33531959297909, 56.23464471958698], [92.3353090877524, 56.23463675961418], [92.33530117642287, 56.234628005256866], [92.33529585587894, 56.23461863612484], [92.3352936067389, 56.23460883442617], [92.33529425998138, 56.234599048318124], [92.33529781404894, 56.234589367605246], [92.33530426116378, 56.23458024131056], [92.33531343852573, 56.234571758372134], [92.3353250174266, 56.23456427627575], [92.335338509471, 56.234558061836374], [92.33535391465941, 56.23455311505343], [92.33537042211164, 56.23454970100992], [92.335387709343, 56.23454781797334], [92.33540545075928, 56.23454764382069], [92.33542284170169, 56.23454908441725], [92.33549099716623, 56.234468528922754], [92.33547400181563, 56.234462869249], [92.3353100078528, 56.234416004198636], [92.33514139995138, 56.23437486217146], [92.33499485092364, 56.23434497527466], [92.33494548067941, 56.234430211925755], [92.33496821999427, 56.23443940524959], [92.33498769712395, 56.234450736549874], [92.33500343767527, 56.2344636644007], [92.33501496102934, 56.23447800659469], [92.33502179278852, 56.2344932217056], [92.33502377948362, 56.23450885984453], [92.3350209288877, 56.23452447198844], [92.33501325032974, 56.23453951930914], [92.33500107251417, 56.234553644320236], [92.33498456445962, 56.23456639886368], [92.33496437891641, 56.234577337380884], [92.33494116552559, 56.23458619392254], [92.33491557548655, 56.234592612734964], [92.33488825533261, 56.23459650747874], [92.33486017564134, 56.23459770374376], [92.33483310853953, 56.23459630086835], [92.33480689123294, 56.23459238779109], [92.3347821671434, 56.23458605778438], [92.33475973782211, 56.23457758459725], [92.33474008544464, 56.2345670606362], [92.33472400844532, 56.23455493926015], [92.33471166495293, 56.234541400946675], [92.33470352935493, 56.23452698712545], [92.33469991946347, 56.23451196894502], [92.3347008259342, 56.23449688523359], [92.33470640533513, 56.23448200627192], [92.33471616303689, 56.234467958091074], [92.3347300959226, 56.234454920299385], [92.33474771092237, 56.23444342912266], [92.3347685211942, 56.2344336615682], [92.3347920352289, 56.234426064057146], [92.33481744525939, 56.2344207220588], [92.33484410320645, 56.2344178117144], [92.33487120130557, 56.23441741849429], [92.33489809459151, 56.234419538931576], [92.3349406818592, 56.23433489453481], [92.33479194672765, 56.23431020480176], [92.33461254777443, 56.23428696664174], [92.3344309454509, 56.234269913467514], [92.33424778464016, 56.234259048739226], [92.33420376091625, 56.23425908131619], [92.33420354452439, 56.23432733804149], [92.33423588567787, 56.23433146382143], [92.3342665630167, 56.23433854447098], [92.33429461376551, 56.234348305372805], [92.3343193960735, 56.234360563449776], [92.33434010995963, 56.234374955148375], [92.33435627792463, 56.23439111865003], [92.33436742558106, 56.23440851252662], [92.33437323822437, 56.234426686021635], [92.33437340114835, 56.23444518837797], [92.33436824773165, 56.23446339269787], [92.33435762451069, 56.23448084909015], [92.33434186175138, 56.23449711026502], [92.33432145096491, 56.23451172979959], [92.33429704646578, 56.23452417233356], [92.33426929634177, 56.23453426172523], [92.33423885335607, 56.23454155241935], [92.33420668653041, 56.23454595981468], [92.334173603645, 56.2345473984433], [92.33413912720943, 56.23454550648302], [92.3341058371228, 56.23454029781586], [92.33407469617778, 56.234532047063055], [92.33404650903748, 56.234520848369705], [92.33402223693108, 56.23450706616315], [92.33400267672482, 56.234491243612545], [92.3339883074698, 56.234473652737535], [92.33397976166611, 56.23445501544834], [92.33397702995656, 56.23443587057386], [92.33398026578404, 56.234416668005466], [92.33398945667403, 56.23439812617966], [92.33400443358511, 56.23438069325043], [92.33402437939206, 56.23436499350905], [92.33404912350082, 56.23435156491313], [92.33407753409888, 56.23434058099498], [92.33410895687206, 56.23433257710909], [92.33414242125679, 56.23432772765663], [92.3341458672697, 56.23425921887061], [92.33394219532829, 56.234259469944874], [92.33370277200562, 56.234266264160055], [92.33332579009742, 56.23429198592912], [92.33359619603159, 56.23464622799253]], [[92.33524957596752, 56.23613631685592], [92.33517409909322, 56.2361552211687], [92.33509453698879, 56.23616790638952], [92.33501250996869, 56.23617393215281], [92.33492979493678, 56.23617312837757], [92.33484800132447, 56.2361656833392], [92.33476922386599, 56.236151698113254], [92.3346949091767, 56.23613144992179], [92.33462666355565, 56.23610530666171], [92.3345660886189, 56.23607390564634], [92.33451430066175, 56.23603797139406], [92.33447336944629, 56.23599904186817], [92.33444280808722, 56.235957294086774], [92.33442324598019, 56.23591362957267], [92.33441515437828, 56.23586876936986], [92.334418516112, 56.23582370133112], [92.33477454400344, 56.23497939775063], [92.3348065694521, 56.2349366392966], [92.3348496662412, 56.234897083800746], [92.33490285443185, 56.23486144448866], [92.33496482849802, 56.23483061246108], [92.33503444884175, 56.23480521027201], [92.335109932458, 56.23478576720621], [92.33518965759934, 56.23477281341812], [92.33527200875051, 56.234766519847184], [92.3353552076028, 56.23476714637549], [92.33543732238115, 56.23477450300063], [92.33551641819753, 56.23478857933454], [92.33559104855475, 56.234809098177294], [92.33565945067473, 56.23483542138202], [92.33572001834675, 56.23486718108452], [92.33577147715981, 56.23490347232548], [92.3358128705146, 56.234943661290785], [92.3358430852155, 56.23498684388587], [92.3358614933431, 56.23503202880597], [92.33586762821444, 56.23507822560886], [92.33586150843199, 56.23512435664044], [92.33584331073646, 56.235169524717776], [92.33551266487353, 56.23596483988228], [92.33547935867746, 56.23600705275663], [92.3354354643624, 56.23604606530561], [92.33538164090116, 56.23608107274047], [92.3353191907232, 56.236111363540374], [92.33524957596752, 56.23613631685592]]], [[[92.33348316992634, 56.234682442586774], [92.33350484845161, 56.234864161259196], [92.33325670913712, 56.23491761044197], [92.33351865812261, 56.234895400752876], [92.333533636649, 56.23485003604368], [92.33348316992634, 56.234682442586774]]], [[[92.32492615724288, 56.232682082558775], [92.32502620032795, 56.232678227472746], [92.32490063574726, 56.23264790415538], [92.32477655723058, 56.23261561293075], [92.32478648507356, 56.232683745436404], [92.32479939335254, 56.232683276994265], [92.32481112678924, 56.23277710589618], [92.3248003161188, 56.232777495972414], [92.32480505875823, 56.23281039344573], [92.32502964076795, 56.23280353551308], [92.32502583218866, 56.232772529219076], [92.32493788940992, 56.232776001253924], [92.32492615724288, 56.232682082558775]]], [[[92.33325804758965, 56.23949152314342], [92.3334165943175, 56.2391195637123], [92.3333173015551, 56.23913501553825], [92.33322130160857, 56.239155873803625], [92.33312956201812, 56.23918214373004], [92.33304305657263, 56.23921347132341], [92.33296275907132, 56.239249502591846], [92.33325804758965, 56.23949152314342]]], [[[92.32497880280567, 56.23318200001905], [92.32498231133721, 56.23323006916325], [92.32499663542427, 56.23327747880148], [92.32502162650147, 56.23332350961479], [92.32505681352315, 56.23336744052259], [92.32510188667392, 56.23340855132167], [92.32515589275565, 56.23344602848496], [92.3252908873204, 56.2335179864083], [92.3254787184292, 56.233547211741964], [92.3260504161783, 56.23363609828148], [92.32606172772387, 56.233625561945395], [92.32607624196932, 56.23361630043413], [92.32609314798925, 56.233608578769385], [92.32611228296877, 56.2336024858766], [92.32613299564751, 56.23359837746042], [92.32615464107263, 56.23359625000792], [92.32617657271531, 56.23359618981103], [92.32619830686241, 56.23359819423564], [92.32621903732273, 56.23360225889206], [92.32623828353506, 56.23360820153804], [92.32625540212183, 56.23361592885807], [92.32626991567186, 56.23362507900138], [92.32628150485918, 56.23363547060416], [92.3262896891175, 56.23364692142459], [92.32629415542303, 56.23365889088064], [92.32629506974018, 56.23367111043709], [92.32629227713095, 56.23368321999817], [92.32628578232034, 56.23369495015009], [92.3262757544256, 56.23370585274771], [92.32626252065184, 56.23371566013252], [92.32624657102114, 56.23372401571924], [92.32622822958884, 56.233730831458274], [92.32620814604287, 56.23373584144698], [92.32618680883314, 56.23373877890506], [92.32616486134435, 56.23373973714849], [92.32614697637216, 56.23373892124964], [92.32612927786496, 56.233736669354435], [92.32611240762945, 56.23373316458434], [92.3260965284831, 56.23372831801331], [92.32588282743801, 56.233914144825384], [92.32588890882995, 56.233916782534564], [92.32589417455887, 56.233919954678406], [92.32589862777897, 56.23392348164807], [92.32590194443252, 56.23392745149135], [92.32590396801022, 56.23393159391651], [92.32590485975197, 56.23393590980203], [92.32590446157128, 56.23394021866053], [92.32590277504481, 56.233944430687544], [92.32589996298955, 56.2339484569569], [92.32589602855947, 56.233952117859566], [92.32589097175432, 56.233955413395456], [92.32589255734734, 56.23395694885559], [92.32597293509382, 56.23405384594527], [92.3260418193914, 56.2341532849608], [92.32609937455913, 56.2342550871902], [92.32614496658464, 56.234358620505354], [92.32617860010652, 56.23446361550572], [92.32620028291244, 56.23456962317835], [92.3262097018766, 56.234676102946366], [92.32620686162656, 56.234782785398906], [92.326185651972, 56.23478760962688], [92.32618590923327, 56.234681092735805], [92.32617439102195, 56.234574781160816], [92.32615125237211, 56.234469034994845], [92.32611664673793, 56.23436430413215], [92.32607040666208, 56.234260946903156], [92.32601300807335, 56.23415941495222], [92.32594444632132, 56.23405997767755], [92.32586519731717, 56.2339630867186], [92.32586519889433, 56.23396299691412], [92.32586083909408, 56.23396333241449], [92.32585632278493, 56.23396339762284], [92.32584971665905, 56.233963092193285], [92.32584311841944, 56.23396233774099], [92.32583685370162, 56.23396095641388], [92.32583091777413, 56.233959217625475], [92.32560673535967, 56.23415405797725], [92.32609838518088, 56.234807432157204], [92.32653358323142, 56.23470867196239], [92.3259381277177, 56.23390555458245], [92.3264252729652, 56.23380492223338], [92.3269246391291, 56.23453377811198], [92.32698173204349, 56.23460692703603], [92.3271645200163, 56.234841435001364], [92.3272394829958, 56.23482432903325], [92.32725356946894, 56.23482108253405], [92.32744005570855, 56.23466061238071], [92.3279121439422, 56.23421375282038], [92.32804348835373, 56.234089356539876], [92.32807816731038, 56.23405200299388], [92.32816016714459, 56.23398284310764], [92.32809463631622, 56.23395868683814], [92.32826517283144, 56.23381537294319], [92.32722406078152, 56.233468516991806], [92.32722273152504, 56.233470755091496], [92.32722124103002, 56.2334729923145], [92.32721975997868, 56.233474690710416], [92.32693314305281, 56.23380050068933], [92.32692233583904, 56.23385585656947], [92.32712198711899, 56.23361570448242], [92.32725261153213, 56.23366123144407], [92.32729861537135, 56.23362178416901], [92.32723308727729, 56.233597537640165], [92.32725223238911, 56.23358165500194], [92.32715671330523, 56.23354808444185], [92.32716740632686, 56.23353601782005], [92.32726532665984, 56.233570589370565], [92.32728660247291, 56.23355274242329], [92.3273513306252, 56.2335766253234], [92.3274050273487, 56.233530663472514], [92.32742009723958, 56.23353568510305], [92.32736607018103, 56.23358209423011], [92.32741685875882, 56.233600871789804], [92.32739722054679, 56.2336172906514], [92.32769306527855, 56.23372182415648], [92.32771682090909, 56.23370048789968], [92.32791685267203, 56.23376983243513], [92.32797431095652, 56.233720837126], [92.32799178543969, 56.233726680062944], [92.32793400311688, 56.23377576343326], [92.32800468691745, 56.23380030702608], [92.32797929382966, 56.233823071453756], [92.3281732137253, 56.2338915740598], [92.3281612797231, 56.233900849824565], [92.32796815342391, 56.23383307001448], [92.32795553984049, 56.233844317956176], [92.32788293054676, 56.233819224998676], [92.32783136942282, 56.23386295332842], [92.32776786307045, 56.23391658599423], [92.3275489078667, 56.23409897421713], [92.32693370826337, 56.23390621374683], [92.32695457375057, 56.23393937844778], [92.32720859718313, 56.23402877665536], [92.32713483547874, 56.23408783183594], [92.3268689524667, 56.23399423756404], [92.32686703017828, 56.23399350860259], [92.32686366774863, 56.23399214311549], [92.32686046970944, 56.23399059889645], [92.32685743448599, 56.23398896574993], [92.32685456207821, 56.23398724367599], [92.32685185248609, 56.23398543267463], [92.32684946695021, 56.23398353362297], [92.32684724580487, 56.233981455839434], [92.32684534714082, 56.23397937981012], [92.3268444001712, 56.23397820708872], [92.32679061101369, 56.23390983615699], [92.32678982056265, 56.23390893372588], [92.32678840877595, 56.23390668071837], [92.32678715822964, 56.23390442858806], [92.32678639140406, 56.23390217908941], [92.32678562615361, 56.23389983978626], [92.32678534462379, 56.233897503114754], [92.32678522590919, 56.233895077515996], [92.32678542809991, 56.233892743476176], [92.32678560981535, 56.2338915768949], [92.32680615954014, 56.233786427774646], [92.32680650091916, 56.23378535187499], [92.32680718682707, 56.23378302046671], [92.32680819521427, 56.23378069081279], [92.32680936326607, 56.23377845184056], [92.32681101346179, 56.2337763053044], [92.32681233487821, 56.23377451623184], [92.32694626714947, 56.23362220331408], [92.32700944567095, 56.23355051685466], [92.32698449303106, 56.23354813581522], [92.32701043514598, 56.233549264853096], [92.32710059964822, 56.233446739602215], [92.32719317625845, 56.23324336731623], [92.32720660230353, 56.2329373573434], [92.32663223252763, 56.232973661013176], [92.32667037633114, 56.23300539297081], [92.32669113928662, 56.233053555950086], [92.32666352910755, 56.233092384589234], [92.32668844217474, 56.23312458342249], [92.32671613998815, 56.233172694317965], [92.32672899731153, 56.23323949539423], [92.32672446033509, 56.23328671238844], [92.3267075359543, 56.23335065702659], [92.32670653571887, 56.233407682888824], [92.32662412121181, 56.23349120965809], [92.32661269019661, 56.23353614380352], [92.32649232580036, 56.2335400691992], [92.32605427978395, 56.233535438861864], [92.32541454387123, 56.23349189629659], [92.32517375161065, 56.23306307304812], [92.32606575721813, 56.23303784707354], [92.32606047835509, 56.233265045430485], [92.32649015059764, 56.23325966092576], [92.32650444821623, 56.233253541643215], [92.32639075058948, 56.23325435976553], [92.32638926613849, 56.233164358975515], [92.32634040184486, 56.233164631839394], [92.32633839691587, 56.23321455699872], [92.32623384421642, 56.23321802934205], [92.32621747023265, 56.2330484628928], [92.32651862344598, 56.23304300711617], [92.32652483551074, 56.23301061840296], [92.3266307782503, 56.23297383272545], [92.32591821713123, 56.23301917062238], [92.32591450396154, 56.23301941983386], [92.32591385901569, 56.23301941632046], [92.32556556017138, 56.23302829600722], [92.32503367612216, 56.23304174185706], [92.3250194181634, 56.23306393773064], [92.3250046591074, 56.23308711881313], [92.32498641805039, 56.233134081369165], [92.32497880280567, 56.23318200001905]], [[92.3269847577815, 56.23442516185936], [92.32697474405201, 56.23438927198436], [92.32716517155099, 56.234224692272264], [92.32724553962518, 56.234248750074414], [92.32739310872415, 56.23412803520919], [92.3276693818441, 56.23422698376989], [92.32767977686508, 56.23425955257625], [92.32744270338354, 56.23446348711327], [92.3274289089049, 56.23445928073703], [92.32738965362115, 56.23449086119114], [92.32734664673993, 56.23447886190663], [92.32730405477011, 56.23451680092289], [92.32724798861884, 56.23452305247386], [92.3269847577815, 56.23442516185936]], [[92.32680456153061, 56.23317874380844], [92.32686465356622, 56.23317269398938], [92.32688295323912, 56.2332326090475], [92.32682383168674, 56.23323848452915], [92.32680456153061, 56.23317874380844]], [[92.32677431608259, 56.233165556360944], [92.32674942678852, 56.2330860261807], [92.32682340552124, 56.23307888436653], [92.32683348649603, 56.2331109126661], [92.32684889121963, 56.23311521768416], [92.32685205357018, 56.233127988344926], [92.32684188049672, 56.23313799206792], [92.32684829653903, 56.233158324727825], [92.32677431608259, 56.233165556360944]]], [[[92.3330645912748, 56.2366842745835], [92.33308500003558, 56.23663274210817], [92.33320052613868, 56.236647914369854], [92.33333740808777, 56.23626919200068], [92.33381895891992, 56.23632423613049], [92.333930982071, 56.23633678427827], [92.33410876987726, 56.23636046378672], [92.33504659315174, 56.236477862794686], [92.3350443895312, 56.236484048048766], [92.33503626672368, 56.236506098392155], [92.33508084468606, 56.23651145726787], [92.3351411185451, 56.236485825169595], [92.33517832198548, 56.236470038339576], [92.33537746225771, 56.23638758198624], [92.33395914615781, 56.23621928085835], [92.33316309458655, 56.23615697449276], [92.33298240214839, 56.236671706842856], [92.3330645912748, 56.2366842745835]]], [[[92.333018253374, 56.2391836993706], [92.33311382224142, 56.23915053456509], [92.33321509496899, 56.23912323826101], [92.33332109933752, 56.2391020746456], [92.33343038091081, 56.23908721549839], [92.33352352394216, 56.23886866338242], [92.33351049296954, 56.23886679694255], [92.33345653533775, 56.23885348345057], [92.33340734166723, 56.23883516607116], [92.33325195071195, 56.23889558138132], [92.33309258234696, 56.238952831609204], [92.3329295622397, 56.23900673886906], [92.3329311118285, 56.23902893102146], [92.33292572871248, 56.239050995990546], [92.33291358662979, 56.23907221620837], [92.33289485775947, 56.23909196391048], [92.3328703593326, 56.23910961480886], [92.33284074732283, 56.239124543745895], [92.33281948925325, 56.239132063239815], [92.33292968624427, 56.23922229062211], [92.333018253374, 56.2391836993706]]], [[[92.3255914195039, 56.232786300850286], [92.32539172847426, 56.23275314905218], [92.32538390237573, 56.23275804610557], [92.32537479901828, 56.23276221769012], [92.32536474402933, 56.23276548595469], [92.32535373740934, 56.23276785089903], [92.32534242410051, 56.232769316039295], [92.32533064444657, 56.232769790691805], [92.32531759700656, 56.232769001047295], [92.32530489097891, 56.23276713550583], [92.32529301480606, 56.23276392729149], [92.32528228464587, 56.23275973738084], [92.32527302454794, 56.23275447772806], [92.32526555066902, 56.2327485093098], [92.32526002424392, 56.232741833005605], [92.3252566001931, 56.232734808912895], [92.32525543817216, 56.23272752771555], [92.3250281272527, 56.232678687049244], [92.32504003195697, 56.232771977983475], [92.32504432267525, 56.23280307671999], [92.3255914195039, 56.232786300850286]]], [[[92.32566313809353, 56.238139819259054], [92.32563357767876, 56.23758263781725], [92.32502868360538, 56.23808507711252], [92.32504132978319, 56.23809044505693], [92.32505234759367, 56.23809670224886], [92.32506157577899, 56.238103847809256], [92.32509466205323, 56.23810241162591], [92.32524319469157, 56.23810241328999], [92.32539128642571, 56.238109148348656], [92.32553797136424, 56.23812252172591], [92.32566313809353, 56.238139819259054]]], [[[92.33303591436254, 56.23675686854376], [92.33295248033373, 56.23674168949752], [92.33275467769406, 56.23714567965933], [92.33287824605765, 56.23716215296169], [92.33294448874376, 56.23698809324807], [92.33294545470318, 56.23698818826803], [92.33303591436254, 56.23675686854376]]], [[[92.33314989365617, 56.23301829770818], [92.33279215887097, 56.23309702142539], [92.33282885426605, 56.23311033198545], [92.33296304982728, 56.233099110321824], [92.33301658052223, 56.2330993988741], [92.3330912967473, 56.23311471055051], [92.33318167030531, 56.233156960655535], [92.33318568719733, 56.233157790619245], [92.3332460940363, 56.23317068995107], [92.33314989365617, 56.23301829770818]]], [[[92.33265946272834, 56.23952386260415], [92.33314792247063, 56.23974977067106], [92.33323148506626, 56.239553710211716], [92.332903660243, 56.23928142687554], [92.33283792501052, 56.23932400309452], [92.33278003220633, 56.239370034454346], [92.33273079752938, 56.23941898648651], [92.33269039007284, 56.239470411048266], [92.33265946272834, 56.23952386260415]]], [[[92.32537360818166, 56.2335456507892], [92.32532649152868, 56.23353820885677], [92.32533798075228, 56.233545097293536], [92.3254437725492, 56.233608812646246], [92.32555519889657, 56.23368225843064], [92.32557811034629, 56.23367232424104], [92.32564404140352, 56.2337194761805], [92.32603751711673, 56.233672761576], [92.32603754981868, 56.23366171474541], [92.32604080572625, 56.23365077528322], [92.32537360818166, 56.2335456507892]]], [[[92.33304458064087, 56.23604469823957], [92.33308575851382, 56.23601366524813], [92.33310567065256, 56.23596284859246], [92.33335303947126, 56.23533207758989], [92.3334791170235, 56.2350087114208], [92.33350462300831, 56.23493286699664], [92.33347667932412, 56.23493550068916], [92.33304064771808, 56.23603901882339], [92.33264952020926, 56.23598688427902], [92.33266988529816, 56.236002801192654], [92.33269362883233, 56.2360191853864], [92.33273095436071, 56.23602423656327], [92.33298016303655, 56.2360581822304], [92.33304458064087, 56.23604469823957]]], [[[92.32568717979515, 56.23377898789834], [92.32576779099527, 56.2338441823824], [92.3258438593531, 56.233910968698055], [92.32585096811708, 56.23391019910942], [92.32585822865784, 56.23390996922569], [92.32586547815829, 56.23391036797293], [92.32608275964321, 56.23372267461565], [92.32606790785559, 56.23371442073912], [92.32605565797803, 56.23370492364877], [92.32604632933494, 56.23369436471073], [92.32604007528015, 56.23368319382626], [92.32565837309737, 56.2337297929747], [92.32571204034186, 56.233768255987655], [92.32568717979515, 56.23377898789834]]], [[[92.33265801607844, 56.23313303158754], [92.33265166651205, 56.23312724930903], [92.33260979097138, 56.23314292036952], [92.33245893989472, 56.23294353002827], [92.33228156054795, 56.232841712939965], [92.33168157554032, 56.23263621488021], [92.33163909135061, 56.23265906737001], [92.33224249993458, 56.23286242859674], [92.3322455462348, 56.2328634329795], [92.33224890875849, 56.232864798320804], [92.33225210692206, 56.23286634240118], [92.33225514228766, 56.232867975416006], [92.33225801485536, 56.23286969736527], [92.33226726344496, 56.23287567493454], [92.3323881176195, 56.23297323531224], [92.33240020447634, 56.232982910519354], [92.33253156674235, 56.23316243693937], [92.33266104307243, 56.23335776013463], [92.33298159987825, 56.233841155782486], [92.33330213724061, 56.23426114244221], [92.33366716669956, 56.23423652395367], [92.33403952321116, 56.23422640371815], [92.33423200854588, 56.23422959500515], [92.33441340489408, 56.234239911388514], [92.33459473907094, 56.23425381969173], [92.3347753795478, 56.234279848755754], [92.33495317801885, 56.23431170012653], [92.33499690915707, 56.234254095572716], [92.33504946800915, 56.234198873579075], [92.33511052584166, 56.23414639162022], [92.33517942989091, 56.2340970952417], [92.33525569175504, 56.23405125124583], [92.33533882148556, 56.234009216239436], [92.33542816634778, 56.233971435768225], [92.33534922570756, 56.23383674133149], [92.33478131258852, 56.23390958160462], [92.33476352072593, 56.233903378671705], [92.33447390137613, 56.233950140739005], [92.33429574694283, 56.23397612633949], [92.33385625192021, 56.23389670159913], [92.33356611642094, 56.23374093039809], [92.3334184653885, 56.23351470440634], [92.33330969724828, 56.233500915918825], [92.33335485514496, 56.23345409718401], [92.33320470270479, 56.23337200736298], [92.33313541132082, 56.23335070751978], [92.33302829773581, 56.2333530940458], [92.33297439790098, 56.23336474864344], [92.33294148127666, 56.23341235173594], [92.33285089979881, 56.23338204547092], [92.33285183315627, 56.23332834230785], [92.33284238547411, 56.233259584397324], [92.33276244611433, 56.23322933544296], [92.33272028283078, 56.23318734501848], [92.33265801607844, 56.23313303158754]]], [[[92.32579384169168, 56.23816325411616], [92.3258229363282, 56.238168711593055], [92.32584783037464, 56.23817459524452], [92.32652651747594, 56.23827295359823], [92.32653984101091, 56.23825811714786], [92.32655685299385, 56.238244468337726], [92.32657738586097, 56.238232365506505], [92.32576248211598, 56.237570676579296], [92.3257591899672, 56.23751021447636], [92.32662544450355, 56.23821403573117], [92.32665685151093, 56.238207201211885], [92.32668965783994, 56.23820333812755], [92.32672321688929, 56.23820253277208], [92.32675656111734, 56.23820477988111], [92.32678888266521, 56.23821016487292], [92.32681905903284, 56.23821832239], [92.326846446767, 56.23822915912072], [92.32687024430408, 56.2382424012678], [92.32688981448595, 56.2382575963026], [92.32690467983487, 56.23827438237799], [92.32691436444537, 56.23829230784215], [92.32691855524348, 56.23831083211544], [92.3269172585213, 56.2383295959806], [92.32987480420488, 56.2387579783392], [92.3298908790253, 56.238742527740264], [92.32991143776893, 56.23872889767864], [92.32993599038062, 56.23871744475054], [92.32996356302655, 56.23870852293279], [92.32999366722527, 56.238702399017534], [92.33002517102351, 56.23869924650066], [92.33005710529784, 56.238699149947436], [92.33008866375351, 56.23870210499276], [92.33011887883497, 56.23870810639935], [92.3301466264273, 56.23871687864448], [92.33017142745516, 56.2387281496977], [92.33019231905895, 56.23874164491033], [92.33020866246447, 56.238757001575074], [92.3302199848572, 56.238773588443884], [92.3302261296726, 56.23879113523185], [92.33022662565934, 56.2388089208854], [92.33028614802812, 56.23881750581712], [92.33057752459592, 56.23882959046618], [92.33086967322333, 56.23883440375257], [92.3311617843092, 56.23883212092162], [92.3314488570353, 56.23882280477066], [92.33212044717031, 56.238542712002236], [92.3322043007535, 56.238496910854906], [92.32918145849236, 56.23823321669588], [92.32720562851986, 56.23813573101195], [92.32724406986164, 56.23778279525336], [92.32706385593681, 56.23777777380798], [92.32706112244949, 56.23777730987837], [92.3270583842384, 56.237777115362036], [92.32705435912469, 56.237776734221455], [92.32705017590385, 56.23777617259491], [92.32704953245253, 56.237776079282774], [92.32681216529502, 56.23773787509216], [92.32667916396336, 56.237716763942935], [92.32667756242964, 56.237716126537784], [92.32667611427468, 56.23771593903224], [92.32667225988057, 56.23771501992998], [92.32666840548664, 56.23771410082763], [92.32666471707569, 56.23771291318923], [92.32666118992118, 56.23771172642814], [92.32666070930365, 56.237711544186986], [92.3263563574802, 56.23759393916725], [92.32635347536893, 56.2375927559087], [92.32635011579586, 56.23759121079885], [92.32634708031065, 56.23758957764014], [92.32634420765767, 56.237587855554736], [92.32634309463073, 56.2375869513655], [92.32634133185236, 56.23758631307816], [92.32579290042926, 56.237179437136994], [92.32563862929496, 56.23722170678763], [92.3257506078692, 56.23740203283304], [92.32575092091304, 56.237402573416844], [92.32575201025595, 56.237404824677874], [92.32575293834411, 56.2374070750603], [92.32575354234491, 56.23740941348992], [92.32575398509088, 56.23741175104094], [92.32575396773682, 56.23741273888968], [92.32579384169168, 56.23816325411616]]], [[[92.33319438751012, 56.22988127746019], [92.33262085191868, 56.2299931460945], [92.3329565913722, 56.2300929425676], [92.33313939139796, 56.22998417630588], [92.33342390175966, 56.23008145007386], [92.33342406142478, 56.23008154074708], [92.33358781424978, 56.230001770652905], [92.33469607662423, 56.229588576970734], [92.33319438751012, 56.22988127746019]]], [[[92.32580014882929, 56.23280064082127], [92.32602868232163, 56.23282586587931], [92.32625926285624, 56.23284472493078], [92.32626581631342, 56.23283883294914], [92.32627413232814, 56.23283357925541], [92.32628388527648, 56.23282914170251], [92.32629474953502, 56.23282569814342], [92.32630656229257, 56.23282333750447], [92.32631883984303, 56.23282205715197], [92.3263314209517, 56.23282185620799], [92.32634382033677, 56.23282282184353], [92.32635571552797, 56.23282495230312], [92.32636694686656, 56.232828156904645], [92.32637687098646, 56.2328323423328], [92.32638565069965, 56.23283741966112], [92.32664415955963, 56.2327441636689], [92.32659651673234, 56.232674838135495], [92.32602795375205, 56.23279388845056], [92.32580014882929, 56.23280064082127]]], [[[92.32836502592666, 56.23968375867389], [92.3279528485669, 56.23934912314865], [92.32793959511058, 56.23935075762009], [92.3279260395717, 56.239351222880764], [92.32791057089288, 56.23935042036801], [92.3278956127408, 56.2393480938053], [92.3278814844978, 56.239344424553444], [92.3278686683815, 56.23933950504473], [92.32785748534597, 56.23933342683582], [92.32784841603475, 56.23932637216368], [92.32784161699176, 56.23931861131803], [92.32783724790606, 56.239310234979605], [92.32783546374765, 56.239301603242275], [92.327836421059, 56.23929298639542], [92.32783995700262, 56.23928447336752], [92.32784606371249, 56.23927651318054], [92.32785441708886, 56.23926919388679], [92.32760714645404, 56.239068465773485], [92.32758171661477, 56.23907470432165], [92.32755471663272, 56.23907850938197], [92.32752711723161, 56.2390797066024], [92.3274989199907, 56.239078206178114], [92.32747189879747, 56.23907401774895], [92.32744637460725, 56.239067232872955], [92.32742347153608, 56.2390581270995], [92.32740366865009, 56.23904697247278], [92.32738760627508, 56.23903404191352], [92.32737576032488, 56.239019787074895], [92.32736860828517, 56.23900456980543], [92.32736630196867, 56.238988929809004], [92.32736883349972, 56.2389733161081], [92.32737619500273, 56.238958177724605], [92.32738821734134, 56.23894396280332], [92.32740440885783, 56.238931117735675], [92.32742427947059, 56.23891999910849], [92.32720054926389, 56.23873825882614], [92.32709911915347, 56.23870995511776], [92.32695173349887, 56.238662810101665], [92.32680958886492, 56.23861111295634], [92.32667268370511, 56.2385549535042], [92.32654198087329, 56.238494606441435], [92.32641747880648, 56.238430161592035], [92.32629981781943, 56.23836189189948], [92.32618687290238, 56.238318975041096], [92.32591492897662, 56.23823836874929], [92.32588924278303, 56.23823167247927], [92.3257963635921, 56.238212485388225], [92.32581249457589, 56.23851524312354], [92.32582622705274, 56.23855977537706], [92.32598432468517, 56.238557044051454], [92.32598853159074, 56.23862972568821], [92.32609351345249, 56.23863020762018], [92.32614981929082, 56.23864739907762], [92.32617271070944, 56.238923519086256], [92.32623299833121, 56.23891603360915], [92.32625370869673, 56.23896733977684], [92.32696659929297, 56.2391026153857], [92.3274246531086, 56.240196243642366], [92.32762679827306, 56.24005480891046], [92.3277568304714, 56.239978904865694], [92.32786858725588, 56.239905865255935], [92.32786972869683, 56.23990515295157], [92.32787201000575, 56.23990381814728], [92.3281559083125, 56.23974468432709], [92.32815655966029, 56.23974432861133], [92.32815965199006, 56.23974272876581], [92.32816290244007, 56.239741309404586], [92.32816631258247, 56.2397399807232], [92.32817004368202, 56.23973874359712], [92.3281726380674, 56.239737949364816], [92.32836502592666, 56.23968375867389]]], [[[92.33282992100416, 56.235284890663664], [92.3329472845816, 56.234989948763854], [92.33278153738024, 56.235118206286046], [92.33267669081195, 56.235231074748306], [92.33267554023162, 56.23523232592562], [92.33243483967225, 56.23586852036856], [92.33250771116221, 56.235934566769075], [92.33259426971296, 56.235881235655356], [92.3326064199057, 56.23585022588708], [92.33263834802867, 56.235766871989064], [92.33268589659319, 56.235647677117484], [92.33270294295721, 56.23560403010876], [92.33282992100416, 56.235284890663664]]], [[[92.32834177233826, 56.23770415416721], [92.32831835834992, 56.237503115388655], [92.32822867992654, 56.23750379616732], [92.32808391835334, 56.23758330306818], [92.32721777341911, 56.2376269165274], [92.32708149288197, 56.23744331623606], [92.32710868607758, 56.23743762625856], [92.32700936296655, 56.23730775539306], [92.3290312644507, 56.236852246036065], [92.32906720069072, 56.23684453733592], [92.32966184192696, 56.23672184210442], [92.33004181073282, 56.23675748988381], [92.33013453846003, 56.23676679354648], [92.33050344194791, 56.235976100331], [92.33053304285004, 56.23598021224913], [92.33055428436373, 56.23592733748638], [92.33217257829995, 56.23613070643687], [92.33213543572495, 56.23621708571306], [92.33231363998655, 56.23624454219964], [92.33197601810241, 56.23702822450617], [92.33237970339184, 56.23708213533868], [92.33231103135252, 56.237256630712615], [92.33254049297467, 56.23728589022565], [92.33268530392603, 56.23700816115207], [92.33273075113848, 56.23691715622852], [92.33211348152663, 56.236839281464704], [92.33236701260243, 56.236254170718496], [92.33296875426159, 56.236334205876496], [92.33301210221146, 56.23621543731358], [92.3330116574759, 56.236213189591645], [92.3330372765155, 56.236140219898516], [92.33244665302784, 56.23606087373181], [92.33049171021737, 56.235798117274825], [92.33044026756215, 56.23590902745377], [92.33032197760483, 56.23616336650312], [92.3300251285232, 56.23612412802707], [92.32989000494841, 56.23610471526918], [92.32999662341722, 56.235853995762824], [92.33029318705809, 56.23589098744505], [92.33034997167239, 56.23577893866481], [92.32997735799287, 56.23572896153946], [92.32997736426353, 56.235728602321316], [92.32997672083926, 56.23572850902445], [92.32964595050318, 56.23651446759015], [92.32890144746861, 56.23668601670196], [92.3289607797371, 56.23676061381927], [92.328965192745, 56.236766475595424], [92.3284710808035, 56.236894832405], [92.32846333968482, 56.23688562946902], [92.3283576607395, 56.23675015678516], [92.32832302857557, 56.236710989962226], [92.32722658879405, 56.2369952196861], [92.32713832479662, 56.23701647454314], [92.32723724342942, 56.23713260172111], [92.32672954473972, 56.23727183492312], [92.32656848043464, 56.23708549462453], [92.32648873675384, 56.236988781069535], [92.32600324258712, 56.23712166560825], [92.32591103656019, 56.23714693970813], [92.32643845412883, 56.2375382529093], [92.32672566795507, 56.23764911832444], [92.32707817894016, 56.237705911471515], [92.32749566570193, 56.23771770116506], [92.32834177233826, 56.23770415416721]]], [[[92.3328531519295, 56.23723270049227], [92.33272073465977, 56.23721501188165], [92.33223214352869, 56.238212892870685], [92.33224103778161, 56.23825784734961], [92.33228619901554, 56.23828539417631], [92.33249161102583, 56.23835323337886], [92.33323953628872, 56.2381898540827], [92.33350721029917, 56.238062144978585], [92.33351046040967, 56.2380607254757], [92.33351387021828, 56.238059396645774], [92.33351760098293, 56.238058159357344], [92.3335213301878, 56.23805701187335], [92.33352327307985, 56.23805657327239], [92.33394632084222, 56.23795269204109], [92.33394826372415, 56.23795225343344], [92.3339516625986, 56.237951553223404], [92.3342231670722, 56.23790029402399], [92.33341477547988, 56.237803614455], [92.3326700436704, 56.23770960803874], [92.3328531519295, 56.23723270049227]]], [[[92.32601624559022, 56.235527105893475], [92.32688028161616, 56.23534365058122], [92.32664071332348, 56.23535824410145], [92.32599107488818, 56.2354819724574], [92.32601624559022, 56.235527105893475]]], [[[92.3326511680934, 56.23914759142408], [92.33261306290146, 56.23914082958385], [92.33257760039211, 56.2391304894664], [92.33254590316183, 56.23911693638053], [92.33233421780929, 56.23916842486158], [92.33211859096889, 56.239214682558334], [92.33210392601056, 56.23923256600237], [92.3320842884603, 56.239248895786204], [92.33207581526698, 56.239253879579564], [92.33260922563137, 56.239500599571926], [92.3326433986019, 56.23944599796266], [92.33268705166472, 56.23939342334911], [92.33273968850689, 56.2393435915489], [92.33280098189495, 56.23929677022527], [92.33286995330681, 56.23925358278108], [92.33274308611901, 56.23914817688648], [92.3327308036297, 56.23914963747979], [92.33269079024467, 56.239150589288464], [92.3326511680934, 56.23914759142408]]], [[[92.32617583970007, 56.23580585660564], [92.32645683765779, 56.23573715259338], [92.32641099773126, 56.2356843624459], [92.32639869572583, 56.23565941726676], [92.32616263935655, 56.235703487664125], [92.32610208073544, 56.235689955366404], [92.32611806688035, 56.23573467950904], [92.32619217704689, 56.235885699550806], [92.32623136786603, 56.235876302947716], [92.32651137669201, 56.23580885080814], [92.326504589568, 56.23580046125551], [92.32622505665461, 56.2358683650362], [92.32617583970007, 56.23580585660564]]], [[[92.32653274677604, 56.23155784483246], [92.32649750140453, 56.23154480972267], [92.32643823377123, 56.23154996571408], [92.32621779425077, 56.23174383962691], [92.32639434532119, 56.23179976648468], [92.32661431216262, 56.23161442193334], [92.326590270869, 56.2315785454813], [92.32653274677604, 56.23155784483246]]], [[[92.33360043526223, 56.231866268049345], [92.3335429239753, 56.23179814945015], [92.3335426061894, 56.231797878299375], [92.33310335065605, 56.23185469847474], [92.33210105161089, 56.23211352246061], [92.33196765191023, 56.232199651569445], [92.33198068059193, 56.23225711245122], [92.33206798428976, 56.232197588618476], [92.3323526837336, 56.23213643556506], [92.33279162550674, 56.232042254121666], [92.33334532324717, 56.231923092721416], [92.33360043526223, 56.231866268049345]]], [[[92.32657847694381, 56.23839996251673], [92.32655692600628, 56.23838736123088], [92.32653927523985, 56.23837307471934], [92.32652567959784, 56.23835746307911], [92.32651645529067, 56.23834088728447], [92.32651192010313, 56.238323618504914], [92.32651222425633, 56.238306286249596], [92.32612466980406, 56.238251905263446], [92.32621634994301, 56.23828428809125], [92.32631640670051, 56.23832641625756], [92.32660312648494, 56.23841060477405], [92.32657847694381, 56.23839996251673]]], [[[92.33169811304788, 56.23880870327337], [92.33174412246501, 56.23880607771915], [92.33203321725796, 56.23878249087161], [92.33232017903846, 56.23875170680436], [92.33260451918302, 56.238713992336315], [92.3328854296819, 56.23866943294296], [92.33316275069653, 56.23861793797367], [92.33343550985145, 56.23855977165407], [92.333703545765, 56.2384949331456], [92.33396620860763, 56.23842368842054], [92.33332439290648, 56.23824401941159], [92.33331479752566, 56.23824863799203], [92.33331414937093, 56.23824881412609], [92.33331187458938, 56.238249789813544], [92.33330846475684, 56.238251118637784], [92.3333048952254, 56.2382523567886], [92.33330116599507, 56.23825350426598], [92.33329728018596, 56.238254381460784], [92.33329663203108, 56.23825455759476], [92.3331224404388, 56.238292597836605], [92.33310236163439, 56.23829724971874], [92.33252134202081, 56.238424166361526], [92.33246386607044, 56.23845556031238], [92.33220790501716, 56.238595634753345], [92.33220774219446, 56.23859572368767], [92.33220465012543, 56.23859732363527], [92.33220221090974, 56.238598478041], [92.33220090989046, 56.23859909971099], [92.33169811304788, 56.23880870327337]]], [[[92.33216698398185, 56.23292093841329], [92.331745346483, 56.23277999073679], [92.33174210613639, 56.2327808713678], [92.33204243345916, 56.232887574193064], [92.33233427666666, 56.23308350467051], [92.33207524124903, 56.233142820338166], [92.33208088142537, 56.23314303040865], [92.33237658790803, 56.2330798710015], [92.33231097455057, 56.23301404326713], [92.33216698398185, 56.23292093841329]]], [[[92.32639502020254, 56.23284564365752], [92.32639785783559, 56.2328493414414], [92.326400050526, 56.232853035714356], [92.32650639366574, 56.23285774596942], [92.32663651883983, 56.23285800508438], [92.32676641919538, 56.23285269442802], [92.3268951288361, 56.23284171893393], [92.32702184152753, 56.232825074221175], [92.32701983677936, 56.23281985415914], [92.32701960877259, 56.23281446413404], [92.32702083031205, 56.23280917180562], [92.32702382229391, 56.232804068732186], [92.32702826067198, 56.232799242964354], [92.32703397948715, 56.23279496303859], [92.3270409787392, 56.23279122895475], [92.32704909246957, 56.23278830924933], [92.32705783854622, 56.23278611148698], [92.32706721539526, 56.23278472547211], [92.32710481505453, 56.232700326018936], [92.32704397722229, 56.23261099039914], [92.3268257116754, 56.232689916443476], [92.32685951582154, 56.23273922810064], [92.32666852724654, 56.2327798622513], [92.32665044829554, 56.23275335882524], [92.32639502020254, 56.23284564365752]]], [[[92.33164785721793, 56.23523037210944], [92.3310832839579, 56.23530429127091], [92.3304696588757, 56.234464454148124], [92.33012678182538, 56.23454082563505], [92.33070021903129, 56.235354491144435], [92.33048104724757, 56.23538321324486], [92.33045763589573, 56.23545879895336], [92.33132213790446, 56.235561998360964], [92.33119206183181, 56.23581753192889], [92.3322569810113, 56.23596033758281], [92.33231261436822, 56.235941956669386], [92.33198487861985, 56.235898335025205], [92.33198488018283, 56.23589824522064], [92.33228916765165, 56.23521326704047], [92.33253883124544, 56.23507235013858], [92.33187093915684, 56.234152383507315], [92.3315100978814, 56.23423279321742], [92.33217090663264, 56.235151645822306], [92.33205015325207, 56.235177668539144], [92.33164785721793, 56.23523037210944]], [[92.33163253384849, 56.23529540378264], [92.33180461214353, 56.2353132179399], [92.33187817508224, 56.23532088999826], [92.33183792094967, 56.2354285380801], [92.33162843288837, 56.235410521918034], [92.33159639014772, 56.23540774426628], [92.33163253384849, 56.23529540378264]]], [[[92.32643122326215, 56.2383913473715], [92.32645963580347, 56.23840811742399], [92.32659308803339, 56.238477191398765], [92.32673485793852, 56.23854101151303], [92.32688414550319, 56.23859921413491], [92.32704014597032, 56.23865170504807], [92.32712310967636, 56.2386754177482], [92.32696966212512, 56.23855091079783], [92.32643122326215, 56.2383913473715]]], [[[92.33181148126744, 56.234066380825524], [92.33130102831451, 56.23336730289214], [92.33094598844299, 56.23344828117798], [92.33144853984832, 56.23414704845382], [92.33181148126744, 56.234066380825524]]], [[[92.32690669630286, 56.238499644361376], [92.32680540431554, 56.238417543170215], [92.3267759369982, 56.238424118840754], [92.32674490276476, 56.23842808140239], [92.32671311106809, 56.238429255632], [92.32668748660791, 56.2384282180839], [92.32666237743835, 56.23842538707413], [92.32663794324634, 56.23842085328491], [92.32690669630286, 56.238499644361376]]], [[[92.33182082748266, 56.23142655626938], [92.3321782238851, 56.23114404769601], [92.33353283453975, 56.231292627223134], [92.33364181251798, 56.23128468190729], [92.33469916063335, 56.23128076150836], [92.33482816131387, 56.23128046709997], [92.33526811420141, 56.231350460594264], [92.3370718192313, 56.23176007461767], [92.33763061052531, 56.23193344239845], [92.33763262350564, 56.23219058785321], [92.33762591951917, 56.2323267983156], [92.33789911297313, 56.23190389390589], [92.33760578900399, 56.23180200288543], [92.33644878231445, 56.231525735988946], [92.33553665417709, 56.23136519526543], [92.3353926182478, 56.231339812939694], [92.33482755338548, 56.23125971701694], [92.33469800498284, 56.231245099512726], [92.33463326240361, 56.23124061999086], [92.33355695217743, 56.231166569771055], [92.33352377643546, 56.23116423556938], [92.33334903643733, 56.23115215743384], [92.33288351791809, 56.23110617897928], [92.33230065554733, 56.231048608426846], [92.33229920761566, 56.23104842098744], [92.33212294843933, 56.23103103394834], [92.3319802978639, 56.23104669969148], [92.33184953863307, 56.23111101835547], [92.33159355487263, 56.231292136004], [92.33139732343575, 56.231430824982546], [92.3310538265659, 56.23167397851767], [92.33095899945572, 56.23174881899797], [92.33040125088942, 56.23222010487052], [92.33152881839398, 56.232620750213876], [92.33157736558904, 56.23261086359336], [92.33051135657773, 56.23215693336845], [92.33111685361509, 56.231647375314715], [92.33182082748266, 56.23142655626938]]], [[[92.32703800616144, 56.23260206642974], [92.32702621426208, 56.23258484799868], [92.32678797911426, 56.23263474555294], [92.32681958099306, 56.232680901782075], [92.32703800616144, 56.23260206642974]]], [[[92.33032107658501, 56.23215734071884], [92.32990974046157, 56.23200907780385], [92.32988026401398, 56.23203496396586], [92.33029243779922, 56.23218143525001], [92.33032107658501, 56.23215734071884]]], [[[92.32990332702951, 56.23368818810698], [92.33045524942884, 56.23356175510237], [92.33044848836037, 56.233561089827674], [92.3304473565553, 56.23356126332969], [92.33044315807837, 56.233561599864174], [92.33043896116784, 56.233561846593965], [92.33043476895665, 56.233561823909895], [92.33043057674546, 56.23356180122566], [92.33042638923374, 56.23356150912759], [92.33042220328856, 56.23356112722481], [92.33041802047649, 56.23356056571272], [92.33041400203643, 56.23355982546386], [92.33041014640193, 56.23355899628278], [92.33040629390068, 56.23355798749243], [92.33040260420502, 56.2335568897699], [92.33040164303799, 56.23355652531656], [92.33012288950954, 56.23346098232053], [92.32927622275302, 56.23317052097691], [92.32925658241717, 56.23318711974632], [92.3292594658579, 56.233188213132955], [92.32949747577618, 56.233271232934015], [92.32947800613368, 56.23328729378474], [92.32957189070892, 56.233322200890264], [92.32959332184666, 56.23330462383001], [92.3298917578471, 56.23340871704648], [92.32971048181369, 56.23357649395872], [92.32965239402205, 56.233707845227656], [92.32913163173711, 56.23383183902326], [92.32873215905519, 56.23363145520317], [92.3287001038746, 56.2336571474682], [92.32869535726253, 56.2336611633053], [92.32829152072502, 56.23402370264233], [92.3279861380949, 56.234297950268804], [92.32798597528077, 56.23429803919767], [92.32813168302079, 56.23436645964491], [92.32840251889199, 56.23433398053757], [92.32849314201096, 56.234454013521926], [92.32824309340064, 56.234505735857994], [92.32816277656329, 56.234404978639475], [92.3280202969907, 56.234373219486784], [92.32792822667697, 56.234345146859255], [92.32741878126647, 56.23476117718288], [92.32746339605006, 56.23481027797031], [92.32872968438284, 56.23451987250853], [92.32831316408294, 56.2340309153588], [92.32916640852514, 56.233853403068785], [92.32957838792568, 56.23376267931737], [92.33006572736822, 56.23445409496265], [92.33040681756448, 56.23437843248111], [92.32990332702951, 56.23368818810698]]], [[[92.32844045220925, 56.23883884823051], [92.32862217819982, 56.238831481666026], [92.32880257213938, 56.23881728182325], [92.32898082762874, 56.23879624433567], [92.32913050523563, 56.238777027555685], [92.32928232420291, 56.238764468361815], [92.32943547830415, 56.238758562377264], [92.32958900005424, 56.238759304355554], [92.32974175757109, 56.23876686779056], [92.32986203430575, 56.23877811710789], [92.32986270600676, 56.23877659392469], [92.32690186988191, 56.23836103664453], [92.32688904755305, 56.23837488791649], [92.3268726948417, 56.23838773204084], [92.3268534646576, 56.23839912350277], [92.32701708381674, 56.23853212834154], [92.32802888500056, 56.23882906979342], [92.3280762375425, 56.23883264999168], [92.32825820371269, 56.238839206278925], [92.32844045220925, 56.23883884823051]]], [[[92.33047186085285, 56.233496910148375], [92.33104910398231, 56.23336998281471], [92.33022803435797, 56.233081642259755], [92.32997541039573, 56.233290796424654], [92.3295525924619, 56.233134566660375], [92.32980537892254, 56.2329254142298], [92.33006701318654, 56.23302221247607], [92.3297884151504, 56.232853382086155], [92.33009341754193, 56.23252559937479], [92.33033330146912, 56.23231619638643], [92.33027146736315, 56.23232978275414], [92.32984627193154, 56.23268897828121], [92.32934725406065, 56.23311055159733], [92.3300430851554, 56.23334918208239], [92.3302565959647, 56.233422457771006], [92.33047186085285, 56.233496910148375]], [[92.33006903702395, 56.233331270164285], [92.33017977170825, 56.23323226695353], [92.3303257738883, 56.23328380156888], [92.33021714336036, 56.233382367232906], [92.33006903702395, 56.233331270164285]]], [[[92.32712371577438, 56.23269836309869], [92.32708559781851, 56.23278473562678], [92.32709428564567, 56.232785860629214], [92.32710247559883, 56.232787791241336], [92.32711000959132, 56.232790346977424], [92.32711688604914, 56.23279361764211], [92.32712262598831, 56.23279733119162], [92.32712722783454, 56.23280157743062], [92.32713069631009, 56.23280608694567], [92.3272431957482, 56.232781550979105], [92.32735222811915, 56.232752415596465], [92.327457142157, 56.232719036519526], [92.32755745098592, 56.23268159073908], [92.32743964733481, 56.23263155330124], [92.32712371577438, 56.23269836309869]]], [[[92.32722952304289, 56.23870464665894], [92.32736956761903, 56.23873818967858], [92.32754154362979, 56.238771816245126], [92.32771718252052, 56.23879890612198], [92.32786204200818, 56.238815410270306], [92.32708068700633, 56.23858384725179], [92.32722952304289, 56.23870464665894]]], [[[92.32751503249094, 56.23213906879859], [92.32769902546634, 56.23197283664005], [92.32791358676619, 56.23176437846523], [92.32791606340831, 56.23176106883274], [92.32779459393495, 56.23171792741561], [92.32778477539637, 56.23172613688064], [92.32774666030967, 56.23171120046379], [92.3276838588077, 56.23168795691462], [92.3276584637916, 56.23171090089626], [92.32740055270207, 56.23194543824259], [92.32729078357589, 56.23204435443315], [92.32727488908158, 56.232058817742015], [92.32725746934764, 56.232095905655825], [92.32725043317431, 56.23211095600083], [92.32725702764434, 56.23214871335276], [92.3275385265779, 56.2323075062093], [92.32760123934156, 56.232317457008065], [92.32763641419115, 56.232288548703664], [92.327703809584, 56.232215268162555], [92.32766663942331, 56.2322015942408], [92.32768858438355, 56.23218231384971], [92.32765155661839, 56.232169718453996], [92.32763845035628, 56.232181502566526], [92.32751503249094, 56.23213906879859]]], [[[92.32886868708638, 56.235137911520674], [92.32918388345944, 56.23554782083663], [92.32959960354601, 56.23560405137513], [92.32955603259298, 56.23555037656623], [92.3291699200679, 56.235073442512984], [92.32886868708638, 56.235137911520674]]], [[[92.3272676767324, 56.23366652250668], [92.32757075996783, 56.23377208359966], [92.32779819245486, 56.23385136684628], [92.32781453986259, 56.233857113872375], [92.32786594133034, 56.23381329486929], [92.32766767205872, 56.23374458852019], [92.32768127200539, 56.23373226820987], [92.32738429225782, 56.233628087759605], [92.32736334364724, 56.23364566706285], [92.32731335493689, 56.233627253082], [92.3272676767324, 56.23366652250668]]], [[[92.32759998624945, 56.2331898944673], [92.32752216781236, 56.233121662708214], [92.32749262771004, 56.233095815626235], [92.32741477780779, 56.233103026611765], [92.32732837602654, 56.23311055031159], [92.32732224247543, 56.233248918919756], [92.32759998624945, 56.2331898944673]]], [[[92.32841688988606, 56.239669221001606], [92.32925077716847, 56.239434481815906], [92.32925191229145, 56.23943412871651], [92.32925369403807, 56.23943368930891], [92.3296332035746, 56.23934018470701], [92.32806291862248, 56.238874879591805], [92.32790491175088, 56.23886315417784], [92.32773686823381, 56.23884436862568], [92.32757150890687, 56.2388196697724], [92.32740932077108, 56.23878888064943], [92.32730298486673, 56.23876441240468], [92.3274748778382, 56.23890401794497], [92.32750220337488, 56.238900035045475], [92.32753044769233, 56.23889884133548], [92.32755864322927, 56.23890043155674], [92.32758582557129, 56.238904620843044], [92.32761134810507, 56.23891149549471], [92.32763425113386, 56.238920601233495], [92.32765405244895, 56.23893184562802], [92.32767011329827, 56.238944865957436], [92.3276817965004, 56.238959209696596], [92.32768878739458, 56.23897442607229], [92.32769093100693, 56.238990154991384], [92.32768823834402, 56.23900576782303], [92.32768071411971, 56.23902099515361], [92.32766853060306, 56.239035209227225], [92.32765217944197, 56.239047963648716], [92.32790231044675, 56.23925113215779], [92.3279171749245, 56.23924959625272], [92.32793233990928, 56.23924931935967], [92.32794731689663, 56.23925056826456], [92.3279617880806, 56.2392530718026], [92.32797526810174, 56.23925691715128], [92.32798743758073, 56.23926192295056], [92.32799797556507, 56.239267997645], [92.32800656267418, 56.23927495987476], [92.32801287952688, 56.23928262827998], [92.32801692926702, 56.23929082325211], [92.32801855692024, 56.23929918469792], [92.32801760279452, 56.239307621937364], [92.3280142328685, 56.23931586643276], [92.32800829059511, 56.23932364789486], [92.32800026290715, 56.23933078934148], [92.32841688988606, 56.239669221001606]]], [[[92.33040290901168, 56.239150445644505], [92.33081946258741, 56.23903172078124], [92.33133006604899, 56.23886509355398], [92.3312109598229, 56.238869928512784], [92.33091671134855, 56.23887453504165], [92.33062258498343, 56.238872136119774], [92.33032890654495, 56.238862553884715], [92.33046497919172, 56.238902089365666], [92.33059498206138, 56.23894751951887], [92.33068048808502, 56.23897357871372], [92.3307686292232, 56.23899650864557], [92.33085940859074, 56.239016129699785], [92.33078450004531, 56.239038986193336], [92.33068604587514, 56.23901555143017], [92.33058956612678, 56.23898988194434], [92.3304551949592, 56.238945236468595], [92.3303150796671, 56.23890630779142], [92.33017371671046, 56.2388741979873], [92.33015127143702, 56.23888503367835], [92.33012596263522, 56.23889360854046], [92.33009859661419, 56.23889992693668], [92.3300698246936, 56.23890363313969], [92.33004029035648, 56.23890482044517], [92.33000983705062, 56.23890321856603], [92.32998007739576, 56.23889883623279], [92.32995213709114, 56.238891859166934], [92.3299268208796, 56.23888238154014], [92.32990444815042, 56.23887058470939], [92.32988597706327, 56.23885701274259], [92.32987172543434, 56.238841936801435], [92.32986217233893, 56.23882562892067], [92.32971483655614, 56.23881234697106], [92.3295590133382, 56.23880485670742], [92.3294024305884, 56.238803918479135], [92.32924637831381, 56.23880953927567], [92.32909150304832, 56.238821632791435], [92.3289257693294, 56.23884597160967], [92.32875772172184, 56.23886428018563], [92.32858784565626, 56.23887647133042], [92.32841678782847, 56.238882458732924], [92.32824551745986, 56.23888215783623], [92.32820441786966, 56.23888067734685], [92.32970755117512, 56.239321816517936], [92.33040290901168, 56.239150445644505]]], [[[92.3278033944561, 56.23255979330188], [92.32762600725368, 56.232459226831665], [92.32747144649457, 56.232491617723156], [92.32755083730913, 56.23260808769608], [92.32745955474755, 56.23262735047443], [92.32757304439231, 56.23267511912305], [92.32765429738802, 56.23263927615797], [92.32773124407514, 56.2326007153514], [92.3278033944561, 56.23255979330188]]], [[[92.3278999106205, 56.23281260251682], [92.32819267788804, 56.23277943469524], [92.32782623714252, 56.23257213196881], [92.32775297699095, 56.23261197024546], [92.32767556704525, 56.23264936097834], [92.32759449415965, 56.232684127179084], [92.3278999106205, 56.23281260251682]]], [[[92.3295454004625, 56.23215224215771], [92.33002387508648, 56.23232484990562], [92.32967847828044, 56.23262044018265], [92.3291949738736, 56.23244025954842], [92.32939557593696, 56.232273665866366], [92.32895046130976, 56.23212997678308], [92.32889293197154, 56.23210945683732], [92.3284117183326, 56.232517830654], [92.32820372062936, 56.23268285577712], [92.32836339392932, 56.23277299675755], [92.32855830491452, 56.232839887529614], [92.32860447380513, 56.23285540626703], [92.32882519408827, 56.23266359537737], [92.32862616367252, 56.232592551270265], [92.32875650243697, 56.23247910596307], [92.32888550475009, 56.23252507148102], [92.32951000203067, 56.2327479600851], [92.32917024386869, 56.233043399873466], [92.32923296688683, 56.23307131250778], [92.32923729517245, 56.23307277297939], [92.33022108096021, 56.23224176266181], [92.3296728137228, 56.23204910854232], [92.3295454004625, 56.23215224215771]], [[92.3283479975832, 56.23259310740827], [92.32853794221583, 56.23268574761261], [92.3284539546434, 56.23273046780919], [92.32827331447655, 56.23264057237924], [92.3283479975832, 56.23259310740827]], [[92.32848521099986, 56.23277805873998], [92.32859096399854, 56.232678221582226], [92.3286767394968, 56.23270643920974], [92.32857098664232, 56.23280627644067], [92.32848521099986, 56.23277805873998]]]]}}, {"type": "Feature", "properties": {"name": "†Ё«лҐ §®­л", "source": "ѓҐ­Ґа «м­л© Ї« ­"}, "geometry": {"type": "MultiPolygon", "coordinates": [[[[92.31664960766874, 56.24219510011821], [92.31771882039541, 56.24145932349658], [92.3191454157673, 56.24244973462874], [92.32019890026838, 56.24184380961705], [92.32097996874586, 56.24139112908639], [92.31844968943426, 56.239629727849405], [92.3161434986902, 56.241487990690565], [92.31518229631705, 56.24190874852167], [92.31146905684449, 56.243061283270514], [92.30568215904216, 56.24480734106068], [92.30580258361142, 56.24540841689829], [92.31172855396629, 56.243674173900935], [92.31664960766874, 56.24219510011821]]], [[[92.33783458568386, 56.23255056159147], [92.33884691198608, 56.232606719053614], [92.33865959523644, 56.23237885040063], [92.33783012740817, 56.23236031377015], [92.33783458568386, 56.23255056159147]]], [[[92.30394058771338, 56.24589193055366], [92.30504978604884, 56.24561273798525], [92.30491277225536, 56.24503761401946], [92.30398749467135, 56.24529799112113], [92.30305449131308, 56.2453791407459], [92.30224644722014, 56.24529438465084], [92.30137465620999, 56.2450609820249], [92.29952915952303, 56.244099609306105], [92.29885766896474, 56.24461178326259], [92.29862260229494, 56.24482636204251], [92.29854744901623, 56.24509914760166], [92.29823322672343, 56.24695137808838], [92.29910759458187, 56.24705386982324], [92.30394058771338, 56.24589193055366]]], [[[92.33861602857488, 56.23330710436982], [92.33876277923527, 56.23308182934008], [92.33888414292285, 56.23289800191789], [92.33890665063551, 56.23278019769932], [92.33780375625523, 56.23271125171418], [92.33776506751072, 56.23323402580391], [92.33773832490319, 56.23361576755866], [92.33820495294427, 56.233674307375374], [92.33832266609987, 56.23369316891199], [92.33851370153212, 56.23346220331958], [92.3384453264697, 56.23344369556069], [92.33848417651113, 56.23336953809762], [92.33857409984824, 56.23338214354774], [92.33861602857488, 56.23330710436982]]], [[[92.30225820524264, 56.24266975289488], [92.3014853254887, 56.24272098730725], [92.2998951332159, 56.24372904552442], [92.3002978166307, 56.24398971518999], [92.30176760569428, 56.244732148527035], [92.30229452508692, 56.24488582653978], [92.3028980762691, 56.244967993676994], [92.30225820524264, 56.24266975289488]]], [[[92.3335429239753, 56.23179814945015], [92.33360043526223, 56.231866268049345], [92.33365004570558, 56.231925093329174], [92.333328877642, 56.23199727951187], [92.33212983122738, 56.232266629436864], [92.33202284059408, 56.23235478721658], [92.33198504860108, 56.232386017768526], [92.33168157554032, 56.23263621488021], [92.33228156054795, 56.232841712939965], [92.33245893989472, 56.23294353002827], [92.33260979097138, 56.23314292036952], [92.33265166651205, 56.23312724930903], [92.33279215887097, 56.23309702142539], [92.33314989365617, 56.23301829770818], [92.3332460940363, 56.23317068995107], [92.33318568719733, 56.233157790619245], [92.3334184653885, 56.23351470440634], [92.33356611642094, 56.23374093039809], [92.33385625192021, 56.23389670159913], [92.33429574694283, 56.23397612633949], [92.33447390137613, 56.233950140739005], [92.33476352072593, 56.233903378671705], [92.33478131258852, 56.23390958160462], [92.33534922570756, 56.23383674133149], [92.33544861854011, 56.23382398283283], [92.33703901276546, 56.2336223513666], [92.33704833807465, 56.23342786636129], [92.3370504221475, 56.233372552715295], [92.33718336935812, 56.23336823538928], [92.33720503891665, 56.23334598802192], [92.33754401583413, 56.23333531921906], [92.33756399386996, 56.23333632430152], [92.33757965537448, 56.2330735254777], [92.33696590190166, 56.23306583750286], [92.33678335366936, 56.23306647585881], [92.3367471453017, 56.23305289964679], [92.3375794258836, 56.23306813546874], [92.33758965148888, 56.2327839320361], [92.33761630543594, 56.23245410170836], [92.33762263301325, 56.232349054351154], [92.33762182839266, 56.232348960230965], [92.33762263456282, 56.23234896454643], [92.33762312748429, 56.23233908775317], [92.33762329026786, 56.23233899881154], [92.33762365302479, 56.23233666561494], [92.33762433824961, 56.23233433414451], [92.3376253443927, 56.23233209420497], [92.3376256777076, 56.23233146729808], [92.33762591951917, 56.2323267983156], [92.33763262350564, 56.23219058785321], [92.33706499089021, 56.23214614423569], [92.33694843293297, 56.2321820736171], [92.3353057178724, 56.232158710535764], [92.33526811420141, 56.231350460594264], [92.33482816131387, 56.23128046709997], [92.33469916063335, 56.23128076150836], [92.33364181251798, 56.23128468190729], [92.33353283453975, 56.231292627223134], [92.3321782238851, 56.23114404769601], [92.33182082748266, 56.23142655626938], [92.33111685361509, 56.231647375314715], [92.33051135657773, 56.23215693336845], [92.33157736558904, 56.23261086359336], [92.33190651182521, 56.23232164685988], [92.33195743067898, 56.23227737449542], [92.33198068059193, 56.23225711245122], [92.33196765191023, 56.232199651569445], [92.33210105161089, 56.23211352246061], [92.33310335065605, 56.23185469847474], [92.3335426061894, 56.231797878299375], [92.3335429239753, 56.23179814945015]]], [[[92.30418377121195, 56.2423021218216], [92.3038280249316, 56.240938464378864], [92.30248806627228, 56.24210082512867], [92.30258337522034, 56.242447681672296], [92.30418377121195, 56.2423021218216]]], [[[92.33304064771808, 56.23603901882339], [92.33347667932412, 56.23493550068916], [92.33329577634576, 56.23495230912986], [92.33309403673258, 56.23497107071016], [92.33298226638617, 56.235009177690266], [92.33263592165711, 56.2359435210765], [92.33264633738493, 56.235984442163264], [92.33264952020926, 56.23598688427902], [92.33304064771808, 56.23603901882339]]], [[[92.30424394005148, 56.24253301035404], [92.30264238019048, 56.24266221846121], [92.30326982280525, 56.24494440049359], [92.30383269751293, 56.2448682630502], [92.3047680136238, 56.24457857463435], [92.30424394005148, 56.24253301035404]]], [[[92.30504337048761, 56.23988424294997], [92.30459571523173, 56.24027250520297], [92.30473749929, 56.24087693590658], [92.30809424474518, 56.24156135381895], [92.30870704643503, 56.24062641121475], [92.30504337048761, 56.23988424294997]]], [[[92.33348316992634, 56.234682442586774], [92.33292544542928, 56.23391755339939], [92.33240920201513, 56.234032514206405], [92.33187093915684, 56.234152383507315], [92.33253883124544, 56.23507235013858], [92.33228916765165, 56.23521326704047], [92.33198487861985, 56.235898335025205], [92.33231261436822, 56.235941956669386], [92.33232575208017, 56.235937626718204], [92.33240142513517, 56.23578696952271], [92.33260229437003, 56.23524351678339], [92.33269099052745, 56.23514133885231], [92.3328220142469, 56.235016127508366], [92.33283537214463, 56.23500838579624], [92.33295542081245, 56.23493933808422], [92.33306294401932, 56.23493219372682], [92.33317143621525, 56.234924964684794], [92.33325670913712, 56.23491761044197], [92.33350484845161, 56.234864161259196], [92.33348316992634, 56.234682442586774]]], [[[92.3050581173608, 56.24222270021366], [92.3073633233434, 56.24267633623293], [92.30796454947476, 56.24175920538107], [92.30479221053103, 56.24110644636357], [92.3050581173608, 56.24222270021366]]], [[[92.30746037735231, 56.243098821223775], [92.30516016423132, 56.24265302889765], [92.30515709510428, 56.242653281105135], [92.3055332266795, 56.24435564383587], [92.30648040962049, 56.244059452768035], [92.30690009311337, 56.24397100285573], [92.30690324344233, 56.24396626040621], [92.30799587597734, 56.24363539611126], [92.3074700418996, 56.24310848530455], [92.30746037735231, 56.243098821223775]]], [[[92.306983620985, 56.240042776422165], [92.30884552053364, 56.240415315552404], [92.30946657803297, 56.23946766177453], [92.30766125534747, 56.239090149373595], [92.30628929015354, 56.23880332687742], [92.30525834909211, 56.2396976507499], [92.306983620985, 56.240042776422165]]], [[[92.33243170807901, 56.23321129542332], [92.33237034988896, 56.233123306857564], [92.3318428932222, 56.233243773197884], [92.33130102831451, 56.23336730289214], [92.33181148126744, 56.234066380825524], [92.33222152813549, 56.23397527860124], [92.33234731043464, 56.233947306970904], [92.33286500404517, 56.23383235424191], [92.33243170807901, 56.23321129542332]]], [[[92.30740095626847, 56.237838853130434], [92.3064968831112, 56.23862315767507], [92.30958907202044, 56.23926581666016], [92.31016018772122, 56.238411825227], [92.30740095626847, 56.237838853130434]]], [[[92.33106815199392, 56.23433117513844], [92.33101375864254, 56.23434327528335], [92.3304696588757, 56.234464454148124], [92.3310832839579, 56.23530429127091], [92.33164785721793, 56.23523037210944], [92.33205015325207, 56.235177668539144], [92.33217090663264, 56.235151645822306], [92.3315100978814, 56.23423279321742], [92.33106815199392, 56.23433117513844]]], [[[92.3093300541421, 56.23603091863793], [92.30766178428901, 56.23761254651561], [92.31033643527937, 56.23817094084932], [92.31141707885723, 56.236672678559216], [92.3093300541421, 56.23603091863793]]], [[[92.32990332702951, 56.23368818810698], [92.33040681913107, 56.234378342676564], [92.33095220780602, 56.234257171058324], [92.33111829918836, 56.234220347492574], [92.33144853984832, 56.23414704845382], [92.33094598844299, 56.23344828117798], [92.33045524942884, 56.23356175510237], [92.32990332702951, 56.23368818810698]]], [[[92.30872509119529, 56.241916766899706], [92.30787940743657, 56.243180021253416], [92.30826299111182, 56.243554441021196], [92.31049798034935, 56.242877508112635], [92.30966063484486, 56.24211041695779], [92.30872509119529, 56.241916766899706]]], [[[92.33133791029661, 56.23124997965359], [92.33055598864668, 56.230947572313646], [92.33040560781275, 56.23112907918942], [92.33056330469154, 56.23118453881213], [92.33056522691034, 56.231185267716306], [92.33056858922738, 56.23118663310316], [92.33056922944505, 56.231186906006066], [92.33066826761547, 56.23123118074581], [92.33067098658952, 56.23123245283671], [92.33067402175892, 56.231234085890264], [92.33067689413372, 56.23123580787622], [92.33067960371385, 56.23123761879463], [92.3306819892702, 56.23123951777332], [92.33068421046616, 56.23124159548907], [92.33068610920402, 56.231243671460554], [92.33068784671293, 56.23124574655989], [92.33068925863218, 56.2312479995242], [92.33069050932241, 56.23125025161639], [92.3306912763252, 56.231252501092236], [92.33069204176232, 56.23125484037269], [92.33069232351188, 56.23125717703682], [92.33069244403225, 56.23125951282882], [92.33069224052842, 56.231261936681236], [92.33069187736105, 56.231264269856915], [92.33067405101407, 56.231334137820355], [92.33067336695156, 56.23133637944708], [92.33067235886404, 56.23133870913415], [92.3306711911126, 56.23134094814443], [92.3306695412381, 56.231343094733695], [92.33066789136338, 56.23134524132295], [92.33066575936546, 56.23134729549111], [92.33066461196873, 56.23134836704142], [92.32990974046157, 56.23200907780385], [92.33032107658501, 56.23215734071884], [92.33054234463222, 56.23197037965266], [92.3307158452005, 56.231813247211214], [92.33120062238461, 56.2313742574893], [92.33133791029661, 56.23124997965359]]], [[[92.31173094496185, 56.240528394996836], [92.31025286433712, 56.24109802304728], [92.31069033303835, 56.24146276647376], [92.3121830124058, 56.24092491836278], [92.31173094496185, 56.240528394996836]]], [[[92.33043711245017, 56.23231810535768], [92.33034140388379, 56.23231390509618], [92.33033395737014, 56.23231557124465], [92.33033330146912, 56.23231619638643], [92.33009341754193, 56.23252559937479], [92.3297884151504, 56.232853382086155], [92.33006701318654, 56.23302221247607], [92.33022803435797, 56.233081642259755], [92.33104910398231, 56.23336998281471], [92.33190670718805, 56.233181338437625], [92.33207524124903, 56.233142820338166], [92.33233427666666, 56.23308350467051], [92.33204243345916, 56.232887574193064], [92.33174210613639, 56.2327808713678], [92.33157078825433, 56.23272004073757], [92.33152285567681, 56.2327038848904], [92.33152221386325, 56.232703701797014], [92.33152093180003, 56.23270324580565], [92.33043711245017, 56.23231810535768]]], [[[92.32029258907552, 56.23846663594844], [92.32024318871031, 56.23847857917697], [92.32014928352308, 56.23850833031838], [92.32010056398109, 56.23848183724463], [92.3201919224004, 56.238450186075646], [92.32020764088473, 56.23844596139636], [92.31993400755867, 56.23837943329626], [92.31876527324512, 56.23934127954088], [92.32082249771734, 56.24088389923393], [92.32125349408338, 56.24097266395865], [92.32198539228312, 56.24096437160705], [92.3216056504057, 56.239216954157], [92.32145088668554, 56.238748179746786], [92.32029258907552, 56.23846663594844]]], [[[92.33049131618898, 56.23124423427364], [92.33035108816605, 56.23119488657746], [92.3302705426319, 56.23129216728358], [92.3299841052799, 56.231637833980315], [92.32973011229376, 56.23194433763249], [92.32980141843431, 56.23197005115393], [92.330548429862, 56.2313163039403], [92.33055899620022, 56.23127441839771], [92.33049131618898, 56.23124423427364]]], [[[92.32420231875331, 56.23124318729931], [92.32351383606357, 56.231104166604545], [92.32186767110032, 56.23142512930415], [92.32183434039814, 56.231431592805414], [92.32107936674608, 56.231578787866056], [92.32143604658997, 56.23214414219011], [92.3217710542554, 56.232202650958214], [92.32194793770168, 56.23210258058607], [92.32183105364138, 56.23202838308305], [92.32179242579825, 56.231933059262246], [92.32218305588093, 56.23187322862845], [92.32207496633313, 56.23170279984703], [92.32205271441029, 56.23165714267292], [92.32351419087024, 56.23137684121176], [92.32412365949762, 56.231259911977986], [92.32420231875331, 56.23124318729931]]], [[[92.3303454547819, 56.235695837179115], [92.33045763589573, 56.23545879895336], [92.33048104724757, 56.23538321324486], [92.33070021903129, 56.235354491144435], [92.33012678182538, 56.23454082563505], [92.32960501591911, 56.234657092081164], [92.328950823377, 56.234802725635404], [92.3291699200679, 56.235073442512984], [92.32955603259298, 56.23555037656623], [92.3295894986027, 56.23559169224552], [92.32959960354601, 56.23560405137513], [92.33020920051456, 56.23568584901275], [92.3303454547819, 56.235695837179115]]], [[[92.32364738200638, 56.23176107136063], [92.32485088218947, 56.23153439920202], [92.32477950323651, 56.23142138406406], [92.32473903890003, 56.23138425005513], [92.32459714540946, 56.23132913868963], [92.3244035705645, 56.23129709640538], [92.3240587564798, 56.23132871355468], [92.32358169312018, 56.231416817826634], [92.32356226397546, 56.231467096779134], [92.32362669576554, 56.23156238146876], [92.32353938279056, 56.231585165767164], [92.32348816809372, 56.23152677667722], [92.3234367493825, 56.231479972343166], [92.32334566285232, 56.231460703327556], [92.32231881310628, 56.231654738355026], [92.3222524286463, 56.23171589676179], [92.32228764384601, 56.231767103500516], [92.32239359820295, 56.23192153366131], [92.32242535227056, 56.2319678714954], [92.32364689514858, 56.23176124832571], [92.32364738200638, 56.23176107136063]]], [[[92.32954267251526, 56.23457035416625], [92.33006572736822, 56.23445409496265], [92.32957838792568, 56.23376267931737], [92.32916640852514, 56.233853403068785], [92.32831316408294, 56.2340309153588], [92.32872968438284, 56.23451987250853], [92.32889512518413, 56.23471413735494], [92.32954267251526, 56.23457035416625]]], [[[92.32554819320357, 56.23163052986296], [92.32537104683081, 56.23158106508883], [92.32490713832242, 56.23159964102387], [92.32384260871221, 56.23180012927034], [92.32399445192699, 56.232031958255966], [92.32401870772097, 56.23205553199108], [92.32562216901754, 56.23175191131796], [92.32554819320357, 56.23163052986296]]], [[[92.32811251524262, 56.23145398698372], [92.32799238351568, 56.23140815862737], [92.3276838588077, 56.23168795691462], [92.32774666030967, 56.23171120046379], [92.32778477539637, 56.23172613688064], [92.32779459393495, 56.23171792741561], [92.32811251524262, 56.23145398698372]]], [[[92.32592615299967, 56.23556999486875], [92.32591480658814, 56.235554934281176], [92.32444582140207, 56.2358781539856], [92.32534094706293, 56.236578280249034], [92.32550085365008, 56.236701567121706], [92.32641387943201, 56.23641150451828], [92.3261341576637, 56.23602145037765], [92.32592615299967, 56.23556999486875]]], [[[92.32733057355297, 56.23190850390948], [92.32848633318942, 56.23086109427468], [92.32856698454404, 56.230887038862626], [92.328056610463, 56.23134994928321], [92.32818139888809, 56.23139688061831], [92.32852614748849, 56.23111072131842], [92.32887121810468, 56.2308242933675], [92.32830142038661, 56.23065648430929], [92.32671496905628, 56.23174088764257], [92.32697908304735, 56.23183330513509], [92.32703164897251, 56.23185173328042], [92.32704146113834, 56.231862294777535], [92.32710681567417, 56.2319330636641], [92.32719496135222, 56.23202829578826], [92.3271970211719, 56.23203037268934], [92.32721467664761, 56.23201663746987], [92.32733057355297, 56.23190850390948]]], [[[92.32466710322977, 56.23200868731882], [92.32468130447889, 56.23202636819499], [92.32474963841868, 56.23215670068942], [92.3248239128123, 56.232261019754894], [92.3264883909416, 56.23191703544821], [92.32608894391679, 56.23178139832094], [92.32599924608645, 56.2317563907903], [92.32528544933739, 56.23189162117933], [92.32528447879031, 56.23189179551337], [92.32466710322977, 56.23200868731882]]], [[[92.32722658879405, 56.2369952196861], [92.32832302857557, 56.236710989962226], [92.3283576607395, 56.23675015678516], [92.32846333968482, 56.23688562946902], [92.3284710808035, 56.236894832405], [92.328965192745, 56.236766475595424], [92.3289607797371, 56.23676061381927], [92.32890144746861, 56.23668601670196], [92.32964595050318, 56.23651446759015], [92.32955393953647, 56.23639954733777], [92.3296967398866, 56.236367269746694], [92.3295531783954, 56.23618462066613], [92.3293998534227, 56.23621935582098], [92.32930840220102, 56.23611862886684], [92.32946044313243, 56.23608352761581], [92.3293114468711, 56.23589824421267], [92.32915304092593, 56.23593771161227], [92.32907130202803, 56.2358349714269], [92.32872315210139, 56.23592612961318], [92.32869317452061, 56.23588824551944], [92.32849037713908, 56.235635219642006], [92.32825431479434, 56.2356889937974], [92.32796038263783, 56.235741375478966], [92.32785524444382, 56.23563976477834], [92.32840843208494, 56.23638309708616], [92.32894219826356, 56.23623690316426], [92.32899912732601, 56.23630133836689], [92.32845790678167, 56.23644955778146], [92.32860317755134, 56.236644881046956], [92.3284840044529, 56.236672345880976], [92.32834188377572, 56.23648135059779], [92.327007124043, 56.23684682278403], [92.32683470706117, 56.23689402476272], [92.32683422015269, 56.236894201740064], [92.32648873675384, 56.236988781069535], [92.32656848043464, 56.23708549462453], [92.32672954473972, 56.23727183492312], [92.32723724342942, 56.23713260172111], [92.32713832479662, 56.23701647454314], [92.32722658879405, 56.2369952196861]]], [[[92.3253952896707, 56.234835215321674], [92.32532933902785, 56.23482578464449], [92.32480621108981, 56.23493591619067], [92.32478518824024, 56.23498510885459], [92.32479763589873, 56.23500170238005], [92.32514882746088, 56.23547136457584], [92.3252110642706, 56.235554511613785], [92.32582010540163, 56.23542868009462], [92.32566554150495, 56.2352126458218], [92.3253952896707, 56.234835215321674]]], [[[92.32829241081136, 56.23641480005235], [92.32773449606972, 56.23566524444393], [92.32628892841291, 56.23602390973289], [92.32627694238424, 56.23602689811984], [92.32652691253334, 56.23637556583335], [92.32653420977923, 56.2363732704086], [92.32652707378392, 56.23637556671094], [92.32684017011954, 56.23681241443915], [92.32829241081136, 56.23641480005235]]], [[[92.32609838518088, 56.234807432157204], [92.32560673535967, 56.23415405797725], [92.32559759479618, 56.23414197320885], [92.32540928967924, 56.233891805310606], [92.3249422722181, 56.23400305160661], [92.32500980664469, 56.2340873952443], [92.32494653560072, 56.234099893366114], [92.32541491833855, 56.234764370005976], [92.3254259286848, 56.23476182544942], [92.32554985149038, 56.234931888382135], [92.32570204289186, 56.23489733144472], [92.32609838518088, 56.234807432157204]]], [[[92.32624204903752, 56.23595683359244], [92.32774251967487, 56.23558463592474], [92.32774462532704, 56.23558410848568], [92.3277486706653, 56.235583322144976], [92.32775271443055, 56.23558262560866], [92.32775691629723, 56.23558210955714], [92.32776095377082, 56.235581772238525], [92.32776515091882, 56.23558152560023], [92.3277695045956, 56.235581549251236], [92.3277736970251, 56.235581572026135], [92.3277778847362, 56.23558186421435], [92.32778207087456, 56.23558224620696], [92.32778609262016, 56.235582806932456], [92.32779011122035, 56.235583547266806], [92.32779412824792, 56.235584377405544], [92.32779781963555, 56.235585385401286], [92.32779942424487, 56.23558584318298], [92.32775740778143, 56.23554483981581], [92.3273182664428, 56.23565660577578], [92.3265459541985, 56.23585098168478], [92.32651137669201, 56.23580885080814], [92.32623136786603, 56.235876302947716], [92.32619217704689, 56.235885699550806], [92.32619264345063, 56.23588669003393], [92.32622876672986, 56.23596017416898], [92.32624204903752, 56.23595683359244]]], [[[92.3257090705904, 56.232780655103014], [92.32748629455378, 56.23238042000831], [92.32743392436349, 56.23235076648841], [92.32730072601841, 56.23230513588977], [92.32719379534676, 56.232288028911576], [92.32703829390033, 56.2322913147055], [92.32570919700602, 56.23256232015685], [92.32568050791748, 56.23250647969772], [92.32686304295666, 56.23227141090373], [92.32700220116047, 56.23224378690767], [92.32708809241211, 56.23221928598945], [92.32710896728494, 56.232196676796576], [92.32710181956412, 56.23213529558451], [92.32703281812485, 56.23208857677387], [92.32681089371506, 56.23200851371046], [92.32668815375656, 56.23196428653829], [92.3266356997793, 56.23196705474796], [92.3266111688753, 56.23196826844845], [92.32529916934186, 56.232239452341226], [92.32529932741822, 56.23223963282937], [92.32529965146298, 56.23223954478317], [92.3254093284112, 56.23242147541619], [92.3257090705904, 56.232780655103014]]], [[[92.32672414468625, 56.23684420573091], [92.32641387785597, 56.23641159432276], [92.3258770827638, 56.23658263908186], [92.32618306901645, 56.23699241602044], [92.32672414468625, 56.23684420573091]]], [[[92.3264746372612, 56.23141427663922], [92.32657879096816, 56.23132296471502], [92.32657911185153, 56.2313230562745], [92.3265918846569, 56.23131189914945], [92.32659100864973, 56.23130668522169], [92.32659969242884, 56.231298828927216], [92.32622618402192, 56.231164770381795], [92.3261472468514, 56.2311330855621], [92.32578427666385, 56.23144581349704], [92.32625225763752, 56.23160849930687], [92.3264746372612, 56.23141427663922]]]]}}, {"type": "Feature", "properties": {"name": "ЋЎйҐбвўҐ­­®-¤Ґ«®ўлҐ §®­л", "source": "ѓҐ­Ґа «м­л© Ї« ­"}, "geometry": {"type": "MultiPolygon", "coordinates": [[[[92.32322682662638, 56.23514652207671], [92.32325765456437, 56.23514498422705], [92.32378737931191, 56.235100189363806], [92.32390386473803, 56.235097053709005], [92.32380538329521, 56.23429789769418], [92.32377596504207, 56.23426522459631], [92.32367973258211, 56.23424476016406], [92.3232893977708, 56.23426831269264], [92.32331272327893, 56.23441788922983], [92.3230964537874, 56.23444661412631], [92.3229906702405, 56.23446480635313], [92.32290708904824, 56.23431220566743], [92.32290192376696, 56.23424849992166], [92.32315700526398, 56.234231753181696], [92.3231986562321, 56.234229106977764], [92.32351897396016, 56.23420732749631], [92.32354301158605, 56.23420674039972], [92.32377516291542, 56.23420091404289], [92.32372800686468, 56.233847870518616], [92.32367115740075, 56.23345929779915], [92.32358008152042, 56.23288094246628], [92.32351375663106, 56.23288381315694], [92.32307911786587, 56.2329058653842], [92.32163849199245, 56.23297916708019], [92.32158167973, 56.23298208888551], [92.32157107605605, 56.23291601810545], [92.3213821513574, 56.23292162831279], [92.3212712870224, 56.23292640904418], [92.32148501224961, 56.23356121271137], [92.32172986244275, 56.23365784677933], [92.32192398157778, 56.23376004022423], [92.32211087397181, 56.23386973807063], [92.32201326355317, 56.23387261619368], [92.32257186180732, 56.2341553535142], [92.32263200624055, 56.234265254737544], [92.32078131246435, 56.23438973999165], [92.32129416519074, 56.23528960716136], [92.32309795965777, 56.23515677441218], [92.32312143366985, 56.235151603845715], [92.32322682662638, 56.23514652207671]]], [[[92.33768072002343, 56.230131881504114], [92.3362880724791, 56.230524805806304], [92.33774836425711, 56.23100558558523], [92.33802848963293, 56.23086266517065], [92.33797652117121, 56.23075326429613], [92.33768072002343, 56.230131881504114]]], [[[92.30515709510428, 56.242653281105135], [92.30516016423132, 56.24265302889765], [92.30511506123462, 56.24246273113643], [92.30454664436468, 56.242508576163836], [92.30459234397323, 56.24269250076165], [92.30515709510428, 56.242653281105135]]], [[[92.33434853708697, 56.237162167009956], [92.33422366392112, 56.23745329757692], [92.33450118027977, 56.237845656341136], [92.33481300494049, 56.23777557233236], [92.33497813374235, 56.237720506367666], [92.33497959438742, 56.237719975339374], [92.33498332195992, 56.23771891761569], [92.33498720923265, 56.23771795056304], [92.33499109339311, 56.23771716311947], [92.33499513725386, 56.237716466346924], [92.33499933770288, 56.237716039854604], [92.33499966177189, 56.237715951783116], [92.33518803685544, 56.237696756015076], [92.33518853773612, 56.23769577076342], [92.33540366211612, 56.23728666069161], [92.33540366522624, 56.2372864810824], [92.33496057447034, 56.237235422011686], [92.33477837062124, 56.237215043084824], [92.33477836750822, 56.237215222694026], [92.33476372449056, 56.23721334771835], [92.33441485855032, 56.23716916990227], [92.33441451735358, 56.237170245822746], [92.33434853708697, 56.237162167009956]]], [[[92.30924279826166, 56.241452629596175], [92.30909576300942, 56.24133289627968], [92.30869749448931, 56.24125513935226], [92.3085696663515, 56.24144806225538], [92.30844697392037, 56.241633379610676], [92.30893839246951, 56.24173339228938], [92.30906117987223, 56.24154268620125], [92.30924279826166, 56.241452629596175]]], [[[92.33423804526367, 56.23520176346438], [92.33447103117918, 56.23464581688298], [92.3338877462539, 56.23476733887418], [92.33374460463864, 56.235135699713226], [92.33423804526367, 56.23520176346438]]], [[[92.31011645139445, 56.24115887444728], [92.30922984221793, 56.24155413587904], [92.30909699444376, 56.24176616148068], [92.30955578784477, 56.24185988226171], [92.31054555440831, 56.241513422870725], [92.31011645139445, 56.24115887444728]]], [[[92.33413426995594, 56.235439029913124], [92.33348713381312, 56.23535498373489], [92.33335035197736, 56.23568179493761], [92.33348390702939, 56.23569868070508], [92.33346520380263, 56.23574492347067], [92.33345543345631, 56.23576894072681], [92.3339664655913, 56.23583465122074], [92.33404691691558, 56.235845053449786], [92.33421848058275, 56.23544648843342], [92.33413426995594, 56.235439029913124]]], [[[92.31221505839943, 56.240243774463956], [92.31210981893203, 56.240284413730976], [92.3120701913992, 56.24029973111498], [92.31164776828803, 56.240462907699545], [92.31173094496185, 56.240528394996836], [92.3121830124058, 56.24092491836278], [92.31271484103522, 56.24072282985206], [92.31221505839943, 56.240243774463956]]], [[[92.33342406142478, 56.23008154074708], [92.33342390175966, 56.23008145007386], [92.33313939139796, 56.22998417630588], [92.3329565913722, 56.2300929425676], [92.33323249985854, 56.23017490217743], [92.33342406142478, 56.23008154074708]]], [[[92.33122983802393, 56.23941546466198], [92.33172720919369, 56.23994409617128], [92.33265309552756, 56.240158985403866], [92.33278653555291, 56.24007204748931], [92.33263638074175, 56.239960857733564], [92.33251028859486, 56.23978297675057], [92.3324861065544, 56.23958768278275], [92.3319377621505, 56.23932794857946], [92.33123177788089, 56.23941520570634], [92.33122983802393, 56.23941546466198]]], [[[92.32210579911359, 56.232120869270254], [92.32203446645586, 56.23225214450332], [92.32251054366573, 56.23232121373463], [92.32257283869143, 56.232172015943526], [92.32234108834145, 56.232146677051034], [92.32210579911359, 56.232120869270254]]], [[[92.33132213790446, 56.235561998360964], [92.33045763589573, 56.23545879895336], [92.3303454547819, 56.235695837179115], [92.33115907946204, 56.23581313245235], [92.33119206183181, 56.23581753192889], [92.33132213790446, 56.235561998360964]]], [[[92.32381000140461, 56.23209507699529], [92.32367486008475, 56.2319037549778], [92.32343554689011, 56.231950766170904], [92.32339220236294, 56.2318849655881], [92.32288322689399, 56.23198088605115], [92.32284284937889, 56.23202117081105], [92.32284564402653, 56.23206384733897], [92.32287450675956, 56.23209130847596], [92.32299271899606, 56.232126892610154], [92.32362112835315, 56.23210715743552], [92.3237710099023, 56.23210249802803], [92.32381000140461, 56.23209507699529]]], [[[92.3295525924619, 56.233134566660375], [92.32997541039573, 56.233290796424654], [92.33022803435797, 56.233081642259755], [92.33006701318654, 56.23302221247607], [92.32980537892254, 56.2329254142298], [92.3295525924619, 56.233134566660375]]], [[[92.32329343548759, 56.23595098277717], [92.32348840496734, 56.235914327336786], [92.32348935029867, 56.23591558988779], [92.32356558483048, 56.235899750471496], [92.32341631134211, 56.235704399297845], [92.32333594620336, 56.235725874257945], [92.32330533421789, 56.23573343078486], [92.3233058084616, 56.235733972256654], [92.32335935692439, 56.23579749347246], [92.323338103131, 56.23582306379143], [92.32332919173547, 56.23582544001465], [92.32326231551691, 56.23591416886138], [92.32329343548759, 56.23595098277717]]], [[[92.32947800613368, 56.23328729378474], [92.32949747577618, 56.233271232934015], [92.3292594658579, 56.233188213132955], [92.32873215905519, 56.23363145520317], [92.32913163173711, 56.23383183902326], [92.32965239402205, 56.233707845227656], [92.32971048181369, 56.23357649395872], [92.3298917578471, 56.23340871704648], [92.32959332184666, 56.23330462383001], [92.32957189070892, 56.233322200890264], [92.32947800613368, 56.23328729378474]]], [[[92.32483443417229, 56.24130713659585], [92.32704259007856, 56.24107837530786], [92.32620755045295, 56.24065943461509], [92.32469948500493, 56.24093780781156], [92.32483443417229, 56.24130713659585]]], [[[92.32951000203067, 56.2327479600851], [92.32875650243697, 56.23247910596307], [92.32862616367252, 56.232592551270265], [92.32882519408827, 56.23266359537737], [92.32860447380513, 56.23285540626703], [92.32861328523308, 56.232858687346976], [92.32916484301887, 56.23304795106017], [92.32951000203067, 56.2327479600851]]], [[[92.32517375161065, 56.23306307304812], [92.32541454387123, 56.23349189629659], [92.32605427978395, 56.233535438861864], [92.32649232580036, 56.2335400691992], [92.32649015059764, 56.23325966092576], [92.32606047835509, 56.233265045430485], [92.32606575721813, 56.23303784707354], [92.32517375161065, 56.23306307304812]]], [[[92.32848521099986, 56.23277805873998], [92.32857098664232, 56.23280627644067], [92.3286767394968, 56.23270643920974], [92.32859096399854, 56.232678221582226], [92.32848521099986, 56.23277805873998]]], [[[92.3271645200163, 56.234841435001364], [92.32698173204349, 56.23460692703603], [92.3269246391291, 56.23453377811198], [92.3264252729652, 56.23380492223338], [92.3259381277177, 56.23390555458245], [92.32653358323142, 56.23470867196239], [92.32609838518088, 56.234807432157204], [92.32570204289186, 56.23489733144472], [92.32554985149038, 56.234931888382135], [92.32572384609553, 56.235170841210554], [92.32590323791203, 56.2351301453218], [92.3271645200163, 56.234841435001364]]], [[[92.32827331447655, 56.23264057237924], [92.3284539546434, 56.23273046780919], [92.32853794221583, 56.23268574761261], [92.3283479975832, 56.23259310740827], [92.32827331447655, 56.23264057237924]]], [[[92.3265459541985, 56.23585098168478], [92.3273182664428, 56.23565660577578], [92.32775740778143, 56.23554483981581], [92.32776390131995, 56.23543189028704], [92.32770694898561, 56.23542421621323], [92.32770453657808, 56.23542384385461], [92.32758311474886, 56.23540495206977], [92.32701879781338, 56.23533488379452], [92.3269608137348, 56.23533088610013], [92.32692770629477, 56.23533366985631], [92.32688028161616, 56.23534365058122], [92.32601624559022, 56.235527105893475], [92.32610208073544, 56.235689955366404], [92.32616263935655, 56.235703487664125], [92.32639869572583, 56.23565941726676], [92.32641099773126, 56.2356843624459], [92.32645683765779, 56.23573715259338], [92.326504589568, 56.23580046125551], [92.32651137669201, 56.23580885080814], [92.3265459541985, 56.23585098168478]]], [[[92.3299841052799, 56.231637833980315], [92.32852614748849, 56.23111072131842], [92.32818139888809, 56.23139688061831], [92.32970659666198, 56.23197052548152], [92.32980141843431, 56.23197005115393], [92.32973011229376, 56.23194433763249], [92.3299841052799, 56.231637833980315]]], [[[92.32697219640949, 56.23145353788516], [92.32721418969508, 56.231243972723874], [92.32675495947689, 56.231078823387364], [92.32636393014721, 56.23098769039846], [92.32627224296664, 56.23106694525418], [92.32631967183546, 56.23108399854105], [92.32622618402192, 56.231164770381795], [92.32659969242884, 56.231298828927216], [92.32659100864973, 56.23130668522169], [92.32669873315618, 56.23135190855479], [92.32674654137357, 56.23131058522002], [92.32683963610238, 56.23134414293754], [92.32689299996146, 56.23129862855459], [92.32698161815252, 56.23133000629886], [92.32703372174325, 56.2313471745487], [92.3269289367261, 56.23143776491358], [92.32697219640949, 56.23145353788516]]], [[[92.32924759414671, 56.23188352408909], [92.32811251524262, 56.23145398698372], [92.32779459393495, 56.23171792741561], [92.32791606340831, 56.23176106883274], [92.3281001911209, 56.23182646477562], [92.32828495496095, 56.23189240277369], [92.32794791624768, 56.2321797708366], [92.32794758749287, 56.2321801283034], [92.32787143507024, 56.23216417701432], [92.32767328805716, 56.23238359168048], [92.32820372062936, 56.23268285577712], [92.3284117183326, 56.232517830654], [92.32889293197154, 56.23210945683732], [92.32895046130976, 56.23212997678308], [92.32939557593696, 56.232273665866366], [92.3291949738736, 56.23244025954842], [92.32967847828044, 56.23262044018265], [92.33002387508648, 56.23232484990562], [92.3295454004625, 56.23215224215771], [92.3296728137228, 56.23204910854232], [92.3296765769558, 56.232045985471146], [92.32924759414671, 56.23188352408909]]], [[[92.32621747023265, 56.2330484628928], [92.32623384421642, 56.23321802934205], [92.32633839691587, 56.23321455699872], [92.32634040184486, 56.233164631839394], [92.32638926613849, 56.233164358975515], [92.32639075058948, 56.23325435976553], [92.32650444821623, 56.233253541643215], [92.32653013224105, 56.23325098704141], [92.32651862344598, 56.23304300711617], [92.32621747023265, 56.2330484628928]]], [[[92.32768858438355, 56.23218231384971], [92.32774803354873, 56.23213000637223], [92.32771004628157, 56.23211695671553], [92.32775231742274, 56.23207874637182], [92.32779110768469, 56.23209198000415], [92.32784973782825, 56.23204038653323], [92.32780982683398, 56.23202669776542], [92.32782260423585, 56.232015271100664], [92.32769902546634, 56.23197283664005], [92.32751503249094, 56.23213906879859], [92.32763845035628, 56.232181502566526], [92.32765155661839, 56.232169718453996], [92.32768858438355, 56.23218231384971]]], [[[92.32677431608259, 56.233165556360944], [92.32684829653903, 56.233158324727825], [92.32684188049672, 56.23313799206792], [92.32685205357018, 56.233127988344926], [92.32684889121963, 56.23311521768416], [92.32683348649603, 56.2331109126661], [92.32682340552124, 56.23307888436653], [92.32674942678852, 56.2330860261807], [92.32677431608259, 56.233165556360944]]], [[[92.32889512518413, 56.23471413735494], [92.32872968438284, 56.23451987250853], [92.32746339605006, 56.23481027797031], [92.32731444846115, 56.234880690110614], [92.32763672016819, 56.23535512766801], [92.32776841124056, 56.235358537531866], [92.32779350905244, 56.23536190714093], [92.32781687404868, 56.23536293219309], [92.32791448143169, 56.23534199704469], [92.32886868708638, 56.235137911520674], [92.3291699200679, 56.235073442512984], [92.328950823377, 56.234802725635404], [92.32889512518413, 56.23471413735494]]], [[[92.32680456153061, 56.23317874380844], [92.32682383168674, 56.23323848452915], [92.32688295323912, 56.2332326090475], [92.32686465356622, 56.23317269398938], [92.32680456153061, 56.23317874380844]]], [[[92.32759998624945, 56.2331898944673], [92.32732224247543, 56.233248918919756], [92.32722406078152, 56.233468516991806], [92.32826517283144, 56.23381537294319], [92.32809463631622, 56.23395868683814], [92.32816016714459, 56.23398284310764], [92.32900341072222, 56.233270440871145], [92.32916593501217, 56.23313309976597], [92.32886699272908, 56.23303052885821], [92.3285994674205, 56.23293881544671], [92.32854512879715, 56.23292019873199], [92.32831046664727, 56.232839620207244], [92.32798586951382, 56.23287638759778], [92.32790298252368, 56.23288581686017], [92.32782704436676, 56.232894385683686], [92.32776080078331, 56.23290183955859], [92.32758822710424, 56.23291302666542], [92.32733639354865, 56.23292908166325], [92.32732837602654, 56.23311055031159], [92.32741477780779, 56.233103026611765], [92.32749262771004, 56.233095815626235], [92.32752216781236, 56.233121662708214], [92.32759998624945, 56.2331898944673]]], [[[92.32783136942282, 56.23386295332842], [92.32781453986259, 56.233857113872375], [92.32779819245486, 56.23385136684628], [92.32757075996783, 56.23377208359966], [92.3272676767324, 56.23366652250668], [92.32725261153213, 56.23366123144407], [92.32712198711899, 56.23361570448242], [92.32692233583904, 56.23385585656947], [92.32691577314195, 56.233889860025656], [92.32692681272637, 56.233904020726136], [92.32693370826337, 56.23390621374683], [92.3275489078667, 56.23409897421713], [92.32776786307045, 56.23391658599423], [92.32783136942282, 56.23386295332842]]], [[[92.32739310872415, 56.23412803520919], [92.32724553962518, 56.234248750074414], [92.32716517155099, 56.234224692272264], [92.32697474405201, 56.23438927198436], [92.3269847577815, 56.23442516185936], [92.32724798861884, 56.23452305247386], [92.32730405477011, 56.23451680092289], [92.32731995657379, 56.23450197840048], [92.32734664673993, 56.23447886190663], [92.32738965362115, 56.23449086119114], [92.3274289089049, 56.23445928073703], [92.32744270338354, 56.23446348711327], [92.32767977686508, 56.23425955257625], [92.3276693818441, 56.23422698376989], [92.32739310872415, 56.23412803520919]]]]}}]}