{"type": "FeatureCollection", "features": [{"type": "Feature", "properties": {"name": "Ља б­лҐ «Ё­ЁЁ", "source": "Џа®ҐЄв Ї« ­Ёа®ўЄЁ Ё ¬Ґ¦Ґў ­Ёп вҐааЁв®аЁЁ ь667-Ї", "status": "‘гйҐбвўгойЁ©"}, "geometry": {"type": "MultiLineString", "coordinates": [[[92.83005799099894, 56.0125838250411], [92.83015477285673, 56.01376600152371], [92.83015732959929, 56.013950662784225], [92.83002386457744, 56.016412192433876], [92.82966774060175, 56.0207111875937]], [[92.82952092537867, 56.011228956694005], [92.82958235394874, 56.011296132720815], [92.82977863101168, 56.01187004645454], [92.82991996081239, 56.012179561174946], [92.82995030610566, 56.012352135897096], [92.83005799099894, 56.0125838250411]], [[92.82324135542548, 56.01278360220973], [92.82588727098455, 56.01285463603096], [92.82668048666216, 56.013806884306824], [92.82651272033966, 56.016323777451625], [92.8235715624985, 56.016281704565365]], [[92.82324458909302, 56.01211053991096], [92.82441401839836, 56.01214418389895], [92.82527542592483, 56.011688522665686], [92.82531824871572, 56.01122307673296]], [[92.82290437181565, 56.01708772776656], [92.82330401795396, 56.0166528823596], [92.82335644540471, 56.01654868333355], [92.82649467686797, 56.016593104393756], [92.82642030357266, 56.017766959002635], [92.82640029185087, 56.01801005740478], [92.82637449030287, 56.01829266581345], [92.82428874276421, 56.018232501105295]], [[92.82232203101088, 56.01844119619152], [92.82650395124857, 56.0185661520016], [92.8286853069223, 56.02036143881757], [92.82865650322923, 56.02070978724695]], [[92.82719231826162, 56.01659758639422], [92.82710310169054, 56.01819139096592], [92.82849301035034, 56.018232040969366], [92.82883154941815, 56.01804255451864], [92.8289227350553, 56.016640055345775], [92.82788542785354, 56.016611578414576], [92.82719231826162, 56.01659758639422]]]}}, {"type": "Feature", "properties": {"name": "Ља б­лҐ «Ё­ЁЁ «Ё­Ґ©­лҐ (ЏЏЁЊ)", "source": "ЏЏЁЊ’ Ља б­®пабЄ п вҐе­®«®ЈЁзҐбЄ п ¤®«Ё­ ", "status": "Ћв¬Ґ­пҐ¬л©"}, "geometry": {"type": "LineString", "coordinates": [[92.96687616124416, 56.08869797118777], [92.96723591904491, 56.08879838810072], [92.97329617135537, 56.091216261103746], [92.98275797957047, 56.09577863668494], [92.98990850641498, 56.0992125185181], [92.99042670465558, 56.09994273679318], [92.99122039775683, 56.10117861792714], [92.9920416054194, 56.10249308153621], [92.99236338067048, 56.1038613072853]]}}, {"type": "Feature", "properties": {"name": "Ља б­лҐ «Ё­ЁЁ «Ё­Ґ©­лҐ (ЏЏЁЊ)", "source": "ЏЏЁЊ’ Ља б­®пабЄ п вҐе­®«®ЈЁзҐбЄ п ¤®«Ё­ ", "status": "Ћв¬Ґ­пҐ¬л©"}, "geometry": {"type": "LineString", "coordinates": [[92.97644092298388, 56.088689119396086], [92.97561541431428, 56.0883687763848], [92.97349639495846, 56.088339150596525], [92.97062083885787, 56.08819569752902], [92.96814924950485, 56.08794001629175], [92.96728151049881, 56.0884566623429], [92.9675336587135, 56.08852992635696], [92.97324761497087, 56.09080850048027], [92.97644092298388, 56.088689119396086]]}}, {"type": "Feature", "properties": {"name": "Ља б­лҐ «Ё­ЁЁ «Ё­Ґ©­лҐ (ЏЏЁЊ)", "source": "ЏЏЁЊ’ Ља б­®пабЄ п вҐе­®«®ЈЁзҐбЄ п ¤®«Ё­ ", "status": "Ћв¬Ґ­пҐ¬л©"}, "geometry": {"type": "LineString", "coordinates": [[92.98197039242255, 56.090888668257534], [92.97690094576151, 56.08879294012443], [92.97538493846498, 56.08980708310095], [92.97371825539804, 56.0909154787747], [92.97363950025911, 56.09096665528561], [92.9782343918087, 56.09318098667722], [92.98014125229618, 56.09202362135473], [92.98197039242255, 56.090888668257534]]}}, {"type": "Feature", "properties": {"name": "Ља б­лҐ «Ё­ЁЁ «Ё­Ґ©­лҐ (ЏЏЁЊ)", "source": "ЏЏЁЊ’ Ља б­®пабЄ п вҐе­®«®ЈЁзҐбЄ п ¤®«Ё­ ", "status": "Ћв¬Ґ­пҐ¬л©"}, "geometry": {"type": "LineString", "coordinates": [[92.99336105820035, 56.10382445195763], [92.99330823964306, 56.10351252990744], [92.99303167201238, 56.10258295399008], [92.99231841206365, 56.10209927067165], [92.99148997883299, 56.10075427201854], [92.99146786318757, 56.1004821381439], [92.99167714423307, 56.100211367253024], [92.99182323908231, 56.100090129916175], [92.99210867114185, 56.09987639433893], [92.99126063949376, 56.099460953643714], [92.97842906272676, 56.09327487517486], [92.98216409673934, 56.090982999825655], [92.98519314153471, 56.092450492046], [92.98475200312238, 56.09277241716293], [92.98637170458102, 56.093466410150434], [92.98633122710224, 56.093438563720746], [92.98631243802289, 56.093414312193865], [92.9857960801484, 56.09249861270111], [92.98229203194926, 56.09051329728109], [92.9821227726035, 56.090367327083136], [92.98095805796572, 56.0897034362922], [92.97959417855876, 56.08904758484499], [92.97938220083324, 56.08920876365863], [92.97588361777163, 56.08770960278432], [92.9739792796407, 56.08763512059016], [92.96935299720961, 56.08745443338598], [92.9690393048191, 56.08740998758465]]}}, {"type": "Feature", "properties": {"name": "Ља б­лҐ «Ё­ЁЁ", "source": "ЏЏЁЊ’ Џ®«ЁЄ«Ё­ЁЄ  ў ‘ўҐа¤«®ўбЄ®¬ а ©®­Ґ Ј. Ља б­®пабЄ  б Ё­¦Ґ­Ґа­л¬Ё бҐвп¬Ё 11.04.2022", "status": "Ћв¬Ґ­пҐ¬л©"}, "geometry": {"type": "LineString", "coordinates": [[92.84408989177145, 55.98404842276659], [92.84407873733663, 55.98399362182286], [92.84406343386233, 55.98369586742609], [92.84184387808335, 55.98338722208472], [92.84162323796475, 55.98335640194784], [92.84137352828908, 55.983734649077604], [92.84131513939798, 55.983830675460965], [92.84131449856359, 55.98383067463624], [92.84122457594206, 55.983958993607516], [92.8411794413149, 55.98402629635179], [92.84149153514436, 55.98406442003552], [92.84198090117881, 55.984122529426614], [92.84256820081053, 55.98416998421362], [92.84343972584207, 55.98409609878066], [92.84408989177145, 55.98404842276659]]}}, {"type": "Feature", "properties": {"name": "Ља б­лҐ «Ё­ЁЁ", "source": "Џа®ҐЄв Ї« ­Ёа®ўЄЁ Ё ¬Ґ¦Ґў ­Ёп вҐааЁв®аЁЁ ь667-Ї", "status": "‘гйҐбвўгойЁ©"}, "geometry": {"type": "MultiLineString", "coordinates": [[[92.82059174443978, 56.02347402344703], [92.82059071307673, 56.023488931063255], [92.82852668869893, 56.0236957413074], [92.82855718989276, 56.02336320268781]], [[92.8201766061188, 56.02383878220453], [92.82018501465363, 56.02375490823256], [92.81560447893376, 56.0236353407845], [92.8155915834529, 56.02378369416864]], [[92.81132237430302, 56.02326341330726], [92.81239867335937, 56.023288765524576], [92.81240245800817, 56.02323587085079]], [[92.81352756367693, 56.02331670264294], [92.81352654085023, 56.02332927505242], [92.82018858973056, 56.02350325475353], [92.82019100356149, 56.02346697343467]], [[92.82700071709165, 56.024056279625505], [92.8270043911059, 56.02402368231987], [92.82597717079555, 56.023990892602164], [92.82597347814546, 56.02402744166486]], [[92.8152711884108, 56.02377656861843], [92.81528256201082, 56.02364491838453], [92.81236075192871, 56.023568478366194], [92.81235562148565, 56.02363430420005]], [[92.82297526025067, 56.02392024927452], [92.82297626605273, 56.02391073043993], [92.82049716214655, 56.02384607487643], [92.8204969967726, 56.02384715240319]], [[92.81130630661484, 56.023532740831676], [92.81204105574474, 56.02355002892827], [92.81203490318609, 56.023628067891615]], [[92.82332671767873, 56.02393898529949], [92.82332872911044, 56.023919947624506], [92.82565694661042, 56.023980650779755], [92.82565274865759, 56.024022498141264]]]}}, {"type": "Feature", "properties": {"name": "Ља б­лҐ «Ё­ЁЁ", "source": "Џа®ҐЄв Ї« ­Ёа®ўЄЁ Ё ¬Ґ¦Ґў ­Ёп вҐааЁв®аЁЁ ь667-Ї", "status": "‘гйҐбвўгойЁ©"}, "geometry": {"type": "MultiLineString", "coordinates": [[[92.73089458909915, 56.02051398536345], [92.73089490919314, 56.02051407587589], [92.73963569752115, 56.021712631772985], [92.7394070811402, 56.02229809663618], [92.73922161184788, 56.022738692207724], [92.73894424565067, 56.023369319400246], [92.74299015373037, 56.02392379427681], [92.74310734421375, 56.023640584986104], [92.7437411543807, 56.022234605482886], [92.74791192942214, 56.02284010302089], [92.74865460273645, 56.023384185390015], [92.74635102588144, 56.02499450807816], [92.74506456474957, 56.0259029306514], [92.74393067084151, 56.026554069718564], [92.74274711281332, 56.02738391461003], [92.74257818989075, 56.02753337214591], [92.74241950784362, 56.02768626376325], [92.74227122833727, 56.027842410210766], [92.74213351364641, 56.028001542422594], [92.74200652545827, 56.02816348114373], [92.7418905870602, 56.02832786782706], [92.74178569857084, 56.02849470250364], [92.74169202350465, 56.02866353647337], [92.74160972298758, 56.02883428028487], [92.74153911974724, 56.02900666519448], [92.74147989554098, 56.02918033129898], [92.74143253230453, 56.02935518981044], [92.74139687219902, 56.02953088115519], [92.7413729165824, 56.02970722571795], [92.74129366021796, 56.03170075127401], [92.74123029556958, 56.031965030839835], [92.74082462659388, 56.031964179396326], [92.7387429649238, 56.03189772780865], [92.73796931720143, 56.031920786131295], [92.73747655844787, 56.031941832948576], [92.73698487926369, 56.031969167080995], [92.73649428002318, 56.03200269872841], [92.7360052404887, 56.03204260855837], [92.73551808307992, 56.03208862783869], [92.73503280634215, 56.032140936216656], [92.73454989188576, 56.03219944493669], [92.73406934010654, 56.032264064213436], [92.73359163201333, 56.03233479511313], [92.73311692780368, 56.03241163801533], [92.73264538829993, 56.0324945034892], [92.73090062034387, 56.03281350222596], [92.73081387536305, 56.03266970038969], [92.73069400293157, 56.032491786672836], [92.73057949190637, 56.03235034903596], [92.73047655047505, 56.03220615232637], [92.73038549684024, 56.03205955652438], [92.73030633025736, 56.031910651468664], [92.73023952806277, 56.03175997710997], [92.73018492783633, 56.03160780255532], [92.73014268859176, 56.03145430779685], [92.73011312786096, 56.031299942612115], [92.73009595414061, 56.03114048511239], [92.73009155261153, 56.03098967769499], [92.73009969318137, 56.030834496821114], [92.73012050351474, 56.03067961309824], [92.73015365952587, 56.03052547488169], [92.73019947999018, 56.030372352300944], [92.73025943653822, 56.03021620692667], [92.73032064323299, 56.03006473458359], [92.73037178442196, 56.02990749211119], [92.7304110626593, 56.029749235739644], [92.73043831581306, 56.02959023456801], [92.73045354277829, 56.02943066822975], [92.73045674119997, 56.02927089598026], [92.73044790934972, 56.02911118725876], [92.7304270448731, 56.028951901313626], [92.73039430768576, 56.02879312830215], [92.73034953440963, 56.02863531692812], [92.73029288370259, 56.02847873696741], [92.73022451421629, 56.028323658192726], [92.73014458522186, 56.02817026056113], [92.73005309433974, 56.02801890330125], [92.7299502002003, 56.027869856176885], [92.72983622181383, 56.02772338930039], [92.72971131778968, 56.027579772430855], [92.72957580774248, 56.02743918586394], [92.72942968987189, 56.02730189900317], [92.72927344290025, 56.02716827211789], [92.72910722664584, 56.02703839533476], [92.7289313600447, 56.02691253875676], [92.72874616201786, 56.02679097248633], [92.72855195147108, 56.02667396662564], [92.72834920893999, 56.026561612004556], [92.72813809354774, 56.02645408856012], [92.7278917707796, 56.02633570941133], [92.72765382609693, 56.026212139041625], [92.7274242576166, 56.02608364693736], [92.72720370623632, 56.02595032437622], [92.72699233042505, 56.0258124411993], [92.72679045028612, 56.02567008797648], [92.72659822362571, 56.02552362436035], [92.72641629127754, 56.025373141631015], [92.72624449025733, 56.02521899872868], [92.7260833016266, 56.0250611967636], [92.72593304351102, 56.02490009574045], [92.72579371390273, 56.024735965137026], [92.72566563217356, 56.02456898532867], [92.72554895667005, 56.02439942614514], [92.72544384636541, 56.02422746760074], [92.72535045958608, 56.02405337952002], [92.72526895464914, 56.023877431724635], [92.7251994898629, 56.023699894033264], [92.72514206315613, 56.02352103590421], [92.7250968334624, 56.023341037336884], [92.72506379806278, 56.02316025759543], [92.72504295551185, 56.02297887631492], [92.7250346244618, 56.02279716365446], [92.72503848144791, 56.02261547815259], [92.72505468602752, 56.02243390997818], [92.72508307447013, 56.022252907832666], [92.72512380633374, 56.02207256187762], [92.72517671789369, 56.02189332080732], [92.7252362026164, 56.021714273977814], [92.72533070042063, 56.02145986114322], [92.72629886910923, 56.01986691247799], [92.72830499644873, 56.02015875248407], [92.73089490919314, 56.02051407587589]], [[92.7220222181411, 56.0198271725185], [92.72181290696412, 56.02177387305746], [92.72182023725135, 56.02231573868364], [92.72170894949716, 56.0235632762661], [92.72171090143995, 56.02433990385884], [92.72000085758042, 56.0243977370639], [92.72017014328745, 56.02522836332303], [92.72137987130778, 56.02518772096465], [92.72137322864728, 56.02506340316453], [92.72221148388095, 56.025070951704755], [92.72231840965898, 56.02554693799247], [92.72244120806678, 56.02660531474375], [92.72229481394628, 56.02668923097793], [92.72199848623058, 56.02676903709705], [92.71956843399722, 56.02703711151172], [92.71923263129065, 56.02685321676248], [92.71859200908237, 56.02635050449892], [92.7186005670569, 56.02517386871385], [92.71860866130291, 56.02406090990264], [92.71858267398521, 56.02276079016897], [92.71770629655066, 56.02013791906959]], [[92.73576259700698, 56.04126229968188], [92.73572993100595, 56.04111188128658], [92.7357075379781, 56.040960856183524], [92.73569557640592, 56.04080949415954], [92.73569388449657, 56.04065797449897], [92.73570262134383, 56.04050647717096], [92.73572178436993, 56.04035536142346], [92.7354135495251, 56.04031168006279], [92.73504754843546, 56.04019880702578], [92.73457713513044, 56.04022123754483], [92.73438241400436, 56.04021291494445], [92.73429681567175, 56.04015480069892], [92.73399109077613, 56.040166536364225], [92.73388354687143, 56.040150048174645], [92.73379145882599, 56.040195744457435], [92.73379406203637, 56.04026041608493], [92.73376807204822, 56.04033005560543], [92.73361057845999, 56.040460754206705], [92.73337238749325, 56.040636903735454], [92.73322200980743, 56.04068929949167], [92.73299415520307, 56.040715750862915], [92.73284574129083, 56.040692796547475], [92.73269119046907, 56.04062923287615], [92.73258667874397, 56.040545389699105], [92.7322762532121, 56.040447627782456], [92.73203761743851, 56.04036295419393], [92.73187291527508, 56.04019033336059], [92.73186499396327, 56.04012951213081], [92.73192759857268, 56.040078633844466], [92.73203834615073, 56.04004941541545], [92.73204681625138, 56.03998476779031], [92.7319885234669, 56.03992284922667], [92.7316990107483, 56.0398642901262], [92.73151613027846, 56.03986092850868], [92.73133485845646, 56.03981077707129], [92.73118892931824, 56.039684899412514], [92.73071112035221, 56.03947971059974], [92.73063637670792, 56.03940751670045], [92.73036785113084, 56.03928514257218], [92.73023433282968, 56.03919782106118], [92.72993784096724, 56.03926677833652], [92.72973649251583, 56.03926633751858], [92.72946543314083, 56.03925442700632], [92.72928488276648, 56.03919367608365], [92.72908929851411, 56.03905753799994], [92.7288302083347, 56.0390091879083], [92.72838043876231, 56.03885794000127], [92.72804441777157, 56.03884426670476], [92.72783871951519, 56.03873271335396], [92.72770351099675, 56.03879537464634], [92.7274238215689, 56.03891582635207], [92.72713663046476, 56.03903051274372], [92.72687153607626, 56.039128452170154]], [[92.71167186975521, 56.024774813328435], [92.71192490024139, 56.024867463954095], [92.71246758811512, 56.025088325610504], [92.71286620297614, 56.02505745974064], [92.71323022867435, 56.02510590792986], [92.71355918391532, 56.02519064836906], [92.71377655842267, 56.025291205855844], [92.71384702769271, 56.02536959747102], [92.71388711772497, 56.02554384013879], [92.71426419007072, 56.02575928006939], [92.71447536974962, 56.02585236738593], [92.71456900003574, 56.02594392504551], [92.71470054503294, 56.0260051233104], [92.7149287094592, 56.02601364417475], [92.71541705583104, 56.02619143603253], [92.71543358010557, 56.0262562301574], [92.71551269734866, 56.02633706573078], [92.7156003351461, 56.02637157678713], [92.71598674481356, 56.02645356908926], [92.71617377092349, 56.02647330952358], [92.71624904622612, 56.02650967777428], [92.71642490499113, 56.02665261716227], [92.71665485298882, 56.02679047130522], [92.71674686311735, 56.02690717152943], [92.71681529515037, 56.02693642840163], [92.71697448653849, 56.02694658342654], [92.71707679543911, 56.026927238593586], [92.71722288772747, 56.026996011896465], [92.71723487400747, 56.027067711055544], [92.71727879915724, 56.02715843418867], [92.7174099481059, 56.02734087772466], [92.71749793499049, 56.02741598421278], [92.71776917769392, 56.02758877868171], [92.71812435025055, 56.02777775123841], [92.71868057381225, 56.028022506846305], [92.71894068130615, 56.02822805547567], [92.71926821711313, 56.028535875638354], [92.71917596353971, 56.0286720933396], [92.7191973937519, 56.02881332990196], [92.71937131069963, 56.02896155962313], [92.71955922522099, 56.02912616707807], [92.71973012444046, 56.02915996625254], [92.71985775850621, 56.02916582458984], [92.71996770383778, 56.02915574555258], [92.72022298955079, 56.02918722074641], [92.72033212190111, 56.0292452186319], [92.72035288123483, 56.02934675562109], [92.72039703573837, 56.02942930503479], [92.72047263646485, 56.029488574011914], [92.72071352978641, 56.02955881526901], [92.72095605332862, 56.02967001496857], [92.72098465989335, 56.029818003475675], [92.72095609560566, 56.02986428294991], [92.72096339758129, 56.029919355502464], [92.72101771507906, 56.02997192976118], [92.7210939699609, 56.030007488909185], [92.72114980647375, 56.03022765963075], [92.72120135682516, 56.03033043362517], [92.72123561840237, 56.03058423582313], [92.72129698671051, 56.03074927310911], [92.72127754080269, 56.030865718042165], [92.72131645483567, 56.0309637032847], [92.72154276662744, 56.03121156219309], [92.72169546795058, 56.03136836282519], [92.72179570373393, 56.03143783551881], [92.7220946098296, 56.031562362710886], [92.72222713158459, 56.03169289151303], [92.72240234020195, 56.031843365121276], [92.72253943199365, 56.03200794338886]], [[92.73766328965397, 56.032294390850964], [92.73760667375478, 56.032907879758035], [92.7375432878592, 56.033573176853714], [92.7376158008528, 56.03357243293141], [92.73760812398395, 56.033545382594866], [92.73886026762753, 56.03357821645964], [92.73935503990604, 56.03359462078492], [92.7395063225202, 56.033569253456456], [92.7394757685241, 56.033485123056145], [92.73978999616143, 56.033441328190015], [92.73989272194872, 56.033503965501666], [92.74059367231862, 56.03282007056373], [92.74083826031384, 56.03232346405133]], [[92.71375450122659, 56.02528100568001], [92.71377111576504, 56.02576675929646], [92.71521588862268, 56.02645888749547], [92.7176760048485, 56.027696701731195], [92.71771621903783, 56.02772472594066], [92.71789188250048, 56.02765399492796]], [[92.7370274543078, 56.04113728623336], [92.73699906905864, 56.040993703154086], [92.73698224023964, 56.040849515999135], [92.73697680483558, 56.040705083681445], [92.73698308238204, 56.04056058651147], [92.73700074880973, 56.04041647286639], [92.73702996321158, 56.0402729227083], [92.73707040213624, 56.04013029459558], [92.73712238512157, 56.03998876882593], [92.73718558872467, 56.03984870395174], [92.73725985056129, 56.03971036905195], [92.73734516930276, 56.0395739437318], [92.73744122092016, 56.03943987634875], [92.73918279041584, 56.03715744610941], [92.73935813778343, 56.036919899490364], [92.73952178940694, 56.03667972332289], [92.74097541669643, 56.03445458887218], [92.74151472111495, 56.03378633626034], [92.74186772018389, 56.03334132845116], [92.74222958396743, 56.03279251315549], [92.74240230292529, 56.0324380187728], [92.742574952254, 56.0317560621306], [92.74264998763414, 56.02973612171444], [92.74267252881307, 56.02957863490906], [92.74270597257663, 56.02942179953003], [92.74275063839082, 56.02926579586284], [92.74280636393647, 56.02911089299927], [92.74287282650586, 56.02895735969421], [92.7429501851786, 56.02880537589006], [92.74303827705626, 56.02865530048351], [92.74313678064567, 56.02850722259655], [92.74324569345839, 56.02836150145558], [92.74336485381393, 56.02821831632509], [92.74349410004035, 56.02807784646771], [92.74363310948925, 56.027940360623745], [92.74378172050963, 56.02780603805293], [92.74488824699118, 56.0270302717463], [92.74602374852337, 56.02637822910009], [92.74734903463559, 56.02544230319157], [92.7502784784261, 56.023394488519166]], [[92.72423680239166, 56.01977825418995], [92.72346397048607, 56.01978712231114], [92.72274368938646, 56.01980248051778], [92.7220222181411, 56.0198271725185], [92.72130520815578, 56.01985573239162], [92.72058733762975, 56.019892279616876], [92.71987069920526, 56.01993565134633], [92.71915545221222, 56.019985937778756], [92.71844191698676, 56.02004313966976], [92.71770629655066, 56.02013791906959], [92.71742176262656, 56.02018935991608], [92.71714277811189, 56.02024934518396], [92.71670866964647, 56.02036052707788], [92.71622227968798, 56.02051559617375], [92.71600005177086, 56.020598432405684], [92.7157845171159, 56.0206868521406], [92.71557648011681, 56.02078049801103], [92.715376101104, 56.020879370424566], [92.71518386312086, 56.02098320109083], [92.71500556430617, 56.021088590501016], [92.71483557355448, 56.02119804049798], [92.71467437130742, 56.02131164204117], [92.71452195957801, 56.02142912572673], [92.71437914286858, 56.02155013419262], [92.7142457615293, 56.02167457728788], [92.71412229869912, 56.021802186719704], [92.71400875710081, 56.021932603266954], [92.71389208212875, 56.02207459847663], [92.71377524593294, 56.02221659319968], [92.71360354801551, 56.022425551688634], [92.71185265120864, 56.02455492146483], [92.71210808499845, 56.02464775696081], [92.71252169443812, 56.0248430793325], [92.71275031461332, 56.024810829655955], [92.71310901500173, 56.02482010682257], [92.71371241730317, 56.024877821976105], [92.7140621573617, 56.02505799197054], [92.71428165225684, 56.02519726339499], [92.71446663656737, 56.025536201287295], [92.7150276455834, 56.02579876780311], [92.71576541771321, 56.026037938346896], [92.71606654275232, 56.02620146478599], [92.71632701280416, 56.026244635856045], [92.7170690908221, 56.02666487379672], [92.71733569582867, 56.02670311701907], [92.71753921344241, 56.02677094373136], [92.71764371397836, 56.02689072555963], [92.71762202588803, 56.027027462866165], [92.71781241204187, 56.027290694637195], [92.71814570511098, 56.02746641442295], [92.71844442585453, 56.027456318780416], [92.71894684571595, 56.02753407575437], [92.71913581689692, 56.02761821284961], [92.71917994793561, 56.02770336728411], [92.7190124863482, 56.02785971167121], [92.71941314981781, 56.0282351483961], [92.71958326629414, 56.0283099910566], [92.7197333208173, 56.02847523072654], [92.71973272806667, 56.02855705003975], [92.71965291530478, 56.0286146191905], [92.71958495624874, 56.02871855931321], [92.71973893988822, 56.02887303019991], [92.71991239404656, 56.028908271953775], [92.72004280694048, 56.028862493295975], [92.72015559946732, 56.02885780939884], [92.72033200011275, 56.02888488416158], [92.72043306136634, 56.02892768508233], [92.72049827665889, 56.02902564039722], [92.72061778384229, 56.02906848294991], [92.72078143699304, 56.029172947959445], [92.7207796244022, 56.02931296404305], [92.72085342452166, 56.02935507421949], [92.72116838408964, 56.02938605374972], [92.72133050344532, 56.029458899993564], [92.72138971023455, 56.029589803027214], [92.72156168594103, 56.02976425095897], [92.7215469155028, 56.02987756300939], [92.72163380191645, 56.029973770327395], [92.72164170898816, 56.0300340534199], [92.72154980999483, 56.030143958129436], [92.7216207478871, 56.03029437716572], [92.72176092377725, 56.03038576483188], [92.72178506189472, 56.030508774740554], [92.72185187711925, 56.030741992916845], [92.72181926009127, 56.030816554881405], [92.72174101664892, 56.030856435528804], [92.72174344537221, 56.03094248289026], [92.72192811701309, 56.031092349838744], [92.72203715379078, 56.03123171752062], [92.7222710510802, 56.031339931289814], [92.72247047569164, 56.03140154339229], [92.72261589310365, 56.03156811622407], [92.72292180086946, 56.031835371685624], [92.72297293626126, 56.03195224477956]], [[92.73954477633407, 56.03455279771176], [92.73478711495531, 56.034542394067074], [92.73391524105368, 56.03454123552786], [92.73391098875771, 56.03515932619287], [92.73390423120608, 56.03614151721675], [92.73435009129992, 56.03676704416333], [92.73604820814838, 56.036770688241276], [92.73656204254488, 56.036019953693234], [92.73656526587294, 56.035546730805365], [92.73809552834034, 56.03554998830192], [92.73809262114943, 56.035979292854606], [92.73796537313142, 56.03617320047154], [92.73734470022332, 56.03645407631873], [92.73719583694883, 56.036640931633826], [92.73693388354639, 56.03699082747356], [92.73611437233748, 56.036807833100525], [92.73561416129556, 56.03680676236828], [92.73535838463934, 56.037166098570246], [92.73506048906204, 56.03758408211951], [92.73529354042903, 56.03770960327554], [92.73539714306095, 56.037761917559735], [92.73668476306896, 56.0380471367216], [92.73670549648872, 56.03801808124924], [92.73713064964426, 56.03801773027397]], [[92.72423680239166, 56.01977825418995], [92.72490535460534, 56.01977588480409], [92.72565012920552, 56.01981140330332], [92.72476479734377, 56.02127564837275], [92.72471059802885, 56.02136525183475], [92.72461511694237, 56.02162208699155], [92.72455433506627, 56.021802747287055], [92.72447437903058, 56.02208611216887], [92.72442336095031, 56.022336759450056], [92.72440030140221, 56.022557201779065], [92.72439285958643, 56.022746423649686], [92.72439808686343, 56.02293567381658], [92.72441550422803, 56.02312468176539], [92.72444543451897, 56.02331317876928], [92.72448771882543, 56.023500984835714], [92.72454235988256, 56.0236877407013], [92.72460903839722, 56.0238732660084], [92.7246683551268, 56.02401162240605], [92.72477899725448, 56.02423954818714], [92.7248787911745, 56.024414459313164], [92.72499648747308, 56.02459794260354], [92.72512274164733, 56.02477345138216], [92.72526040290512, 56.02494629100323], [92.72540931290504, 56.0251161916338], [92.72556931329372, 56.02528288343854], [92.72574008468895, 56.02544618603623], [92.72592162845498, 56.02560591975701], [92.72611346607553, 56.025761724234684], [92.72631527748895, 56.02591350889733], [92.72652706465453, 56.02606100425819], [92.72674834773647, 56.02620402957518], [92.7269788066308, 56.02634249427498], [92.72721828350376, 56.02647603870099], [92.72746629783704, 56.02660457192549], [92.72772269049878, 56.02672791391788], [92.72792900792645, 56.026833541391156], [92.72812630826643, 56.026944357865375], [92.72831459278174, 56.02706018375809], [92.72849306268135, 56.02718056828191], [92.72866155754907, 56.027305511126436], [92.72881975971941, 56.027434562563506], [92.72896718923242, 56.02756754195001], [92.7291036875193, 56.0277041795339], [92.72922893623782, 56.0278441153963], [92.72934261577394, 56.02798716924201], [92.72944440838549, 56.02813289133567], [92.72953431458687, 56.0282811918937], [92.72961185684932, 56.02843153101096], [92.72967719668866, 56.02858372943655], [92.72973001569329, 56.02873742723598], [92.72977031560212, 56.02889235498699], [92.72979793838309, 56.02904815309952], [92.72981272599864, 56.02920446197979], [92.72981484057149, 56.02936101254536], [92.72980412406046, 56.02951744519469], [92.72978057881946, 56.02967340067349], [92.72974436697443, 56.029828609887524], [92.72969565065625, 56.02998280373892], [92.72963427245878, 56.030135532797814], [92.72957382980354, 56.03029203606404], [92.72952508646948, 56.030449912155184], [92.72948852693816, 56.03060871307673], [92.72946383118155, 56.03076834832351], [92.72945148369293, 56.03092836989451], [92.72945116570342, 56.03108850765209], [92.72946303902246, 56.031248582322846], [92.72948694653735, 56.031408144488395], [92.72952304942918, 56.03156710468089], [92.7295711905804, 56.031725013474954], [92.72963121161153, 56.03188160106721], [92.72970295350898, 56.03203668746385], [92.72978641954249, 56.03218982358138], [92.72988161046605, 56.032340919583646], [92.72998788727432, 56.032489614788986], [92.73010557277459, 56.0326356404329], [92.73021622621967, 56.032801050414086], [92.73031659990997, 56.032968503545504], [92.73040653519413, 56.03313773006355], [92.73049170916643, 56.03332275337753], [92.7305550931703, 56.03348105428382], [92.73061339852843, 56.03365461244691], [92.7306609491333, 56.033829224869756], [92.73069774671907, 56.03400462212666], [92.73072379239215, 56.03418062460174], [92.73073876642415, 56.03435705197623], [92.7307428309571, 56.034533635166135], [92.73073524787867, 56.03472420391707], [92.73071483308068, 56.034914475217114], [92.73068190846459, 56.03510427013469], [92.73063631655445, 56.0352931392464], [92.73057821821503, 56.03548099307574], [92.73052886174668, 56.035611385015734], [92.73047728156251, 56.03573853877322], [92.73039050108969, 56.035921300267354], [92.73029170115448, 56.03610214933165], [92.7301808834829, 56.03628081649942], [92.73005853108403, 56.03645703335339], [92.72992448465197, 56.03663061988303], [92.72977922721981, 56.03680130766644], [92.7296225995003, 56.03696891668753], [92.72945524498081, 56.037133178872274], [92.72927700502568, 56.03729382438754], [92.72908836209626, 56.037450674617816], [92.72888947781118, 56.03760355024297], [92.7286806748623, 56.03775218248151], [92.72846211489691, 56.037896392011234], [92.72823428043908, 56.038036000215435], [92.72799733316585, 56.03817082777154], [92.7277517562659, 56.0383006062516], [92.72749771081521, 56.03842524614618], [92.72723551896843, 56.03854456848743], [92.72696582439875, 56.038658305206084], [92.72668862715716, 56.0387664562533], [92.7264045703132, 56.038868843376655], [92.72630824199882, 56.03890078315643]], [[92.73343718526841, 56.02278650510232], [92.73332438661552, 56.0230508538458], [92.73434869924789, 56.023188772902046], [92.7347299446089, 56.022317497755765], [92.7371447762796, 56.022649051129264], [92.73728562228055, 56.0223123684259], [92.73502475303859, 56.02200575762967], [92.7346725671923, 56.02179788921758], [92.73480310028847, 56.02144771497337], [92.73948834477899, 56.022090168867216]], [[92.7290803016957, 56.02071371305764], [92.72750508290345, 56.020505557168775], [92.7269087545631, 56.02024754952072], [92.72653355103127, 56.02049146211547], [92.72635999229682, 56.02104244670571], [92.72647738766098, 56.021154615542514], [92.72843692741421, 56.021490628358826]], [[92.7329176288563, 56.024011254809096], [92.73365045404, 56.024118101253414], [92.73488678898066, 56.024306589621496], [92.73684740219765, 56.02473111725003], [92.73717906187969, 56.024802597749684], [92.73766771637386, 56.02563369979311], [92.73708323505632, 56.02729257941767], [92.7367948401933, 56.028072628508454], [92.73649952069282, 56.02883146593181], [92.73614910830463, 56.02978786549632], [92.73645859345125, 56.02996546060922], [92.73676968015802, 56.030214550333376], [92.73828703632594, 56.031430447208905]], [[92.7248787911745, 56.024414459313164], [92.72382897924142, 56.024658563846046], [92.72387483575783, 56.02472764376161], [92.72382549169605, 56.02485506941984], [92.72267650584544, 56.02499287158967], [92.72198118335226, 56.024355871450794], [92.72197045879109, 56.02368340855157], [92.72199000316532, 56.023106037202716], [92.72205730596787, 56.022599996059775], [92.72210245488832, 56.02182895303436], [92.72211371452151, 56.021645577783396], [92.72214996718816, 56.02108584744238], [92.72225327632829, 56.02085759269917], [92.72249185178086, 56.02064024029], [92.72264213024376, 56.02050334210832], [92.72291399222385, 56.02036213635744], [92.72423680239166, 56.01977825418995]], [[92.73847454706016, 56.03190569150544], [92.73845181723838, 56.03154270488343], [92.73828703632594, 56.031430447208905], [92.73743231152504, 56.031229064536056], [92.73658447955727, 56.031123881468815], [92.73569392383286, 56.03128579780432], [92.73527083705208, 56.031370034482215], [92.7346583121948, 56.03150038613748], [92.73435130727746, 56.031568343462], [92.73467238650717, 56.03218461964977]], [[92.72988161046605, 56.032340919583646], [92.72959931299344, 56.032038975174046], [92.72910532508554, 56.03159331211549], [92.728600230096, 56.03122342566225], [92.72816821970164, 56.03095473895735], [92.72770288577692, 56.030703939996194], [92.72717240617678, 56.03045712667656], [92.7267130393935, 56.030271631970955], [92.72626537049383, 56.030111039995816], [92.7257346603741, 56.02994442391073], [92.72518840800205, 56.029798697597556], [92.72424891826792, 56.03103989773717], [92.72518736228405, 56.03132319930187], [92.72484236138234, 56.031611631679596], [92.72412312486776, 56.032236927744556], [92.72421512753682, 56.03226964610079], [92.72500389642151, 56.032626351665996], [92.72510198631042, 56.03268306327195], [92.72525736316587, 56.03278220478236], [92.72540420973331, 56.03288545855672], [92.7255278465748, 56.032981744846296], [92.72567023357061, 56.0331033104413], [92.72578877293506, 56.03321736830905], [92.72589718474413, 56.03333454705354], [92.72592151845625, 56.03336414992226], [92.72599547147679, 56.03345448745073], [92.726082832265, 56.0335770081189], [92.72616023141315, 56.03370184177917], [92.72622654911623, 56.03382853689555], [92.72883935126964, 56.03351798145466], [92.73049170916643, 56.03332275337753]], [[92.72904457408906, 56.038067510528265], [92.72980346509456, 56.038429777549005], [92.73002771786719, 56.03827417174246], [92.73061773242178, 56.0385370891837], [92.7307543666208, 56.038591455374636], [92.73093412875596, 56.038465658886984], [92.73110541174188, 56.038336251102216], [92.73126773369347, 56.038203320819875], [92.72962152353534, 56.03765060228153], [92.72942005394935, 56.037806257323375], [92.72920302024725, 56.037961967693626], [92.72897606946947, 56.0381131652019], [92.72873952307508, 56.038259760686586], [92.7284935439954, 56.038401395195585], [92.72818757604367, 56.03856355429647], [92.72845053328169, 56.03863185295073], [92.72882346569313, 56.038735240578085], [92.72911525321926, 56.03883368883354], [92.72951913386257, 56.03875643664235], [92.72973789061118, 56.038813768168595], [92.72984540443609, 56.038925642315206], [92.72983459255526, 56.03900348732583], [92.72985787189754, 56.039024195495216], [92.7299399149103, 56.03901575293632], [92.73011580481534, 56.03896269845631], [92.73022873717812, 56.03896501111722], [92.73045176578339, 56.03900824992485], [92.73066912110967, 56.039128985368095], [92.73084733473343, 56.03920302162846], [92.7311096945817, 56.039381604796056], [92.73145212772582, 56.03951240104763], [92.73168560141437, 56.0396232902285], [92.73193551170864, 56.039631467548034], [92.73232540591682, 56.03958183848214], [92.73257350118656, 56.03955085170443], [92.732992519432, 56.039628190709436], [92.73324091845403, 56.03973919904707], [92.73364052028793, 56.03970099317939], [92.73388076757027, 56.03976123776933], [92.73394555998894, 56.039858286689906], [92.73415331045692, 56.039908132078565], [92.73442599454205, 56.039941321677766], [92.73465000106208, 56.039983836471876], [92.73501863341812, 56.03996980929855], [92.73528295870055, 56.03991172812552], [92.73543658816482, 56.03994600724841], [92.73552184721464, 56.040006994021574], [92.73554153321305, 56.04008445579623], [92.73577100905084, 56.04012518399501], [92.7358218777001, 56.039959586255414], [92.73588509114823, 56.03979527230776], [92.73596080661667, 56.03963269153931], [92.73604870246915, 56.03947193305331], [92.73614877488951, 56.03931353569936], [92.73626086269748, 56.03915758891756], [92.73651145959239, 56.03882922569783], [92.73626467482228, 56.03871625147524], [92.73605552875841, 56.03858934629665], [92.73592767307832, 56.03847006930307], [92.73575882704222, 56.038339028594564], [92.7355426869242, 56.038179684728775], [92.73469112568782, 56.03768459864973], [92.73416608052447, 56.0374903686868], [92.73402717440085, 56.03739298048794], [92.73399513067936, 56.03729348737659], [92.73368864164092, 56.037069997889354], [92.73349205249525, 56.036869467968295], [92.73327886095157, 56.036587530392715], [92.73316413525365, 56.03640433131786], [92.73306585836175, 56.036185691197076], [92.73304251668745, 56.03591835433099], [92.73306615927712, 56.03574695060687], [92.73304939025321, 56.03557330391792], [92.73310632311741, 56.03545963276639], [92.73312017530668, 56.03540505582912], [92.73308435250912, 56.035272592540295], [92.7331991815823, 56.03516120210059], [92.73332391705576, 56.03510201488638], [92.73341135853238, 56.034844347888445], [92.73342164512331, 56.03467857349369], [92.73342406838886, 56.03428043330987], [92.73343604474552, 56.034195315517024], [92.73353080744967, 56.034131931890215], [92.73367248549079, 56.03412774707052], [92.73377842664296, 56.034164889240685], [92.733821213565, 56.03424132344234], [92.73382938287082, 56.03461604503095], [92.7338123089059, 56.03485922447186], [92.73369171524165, 56.03517915110692], [92.73350834215574, 56.03529704022192], [92.7334961864881, 56.03536159021868], [92.73354266493097, 56.03541459102619], [92.73355650063546, 56.03547874808121], [92.73346054852544, 56.035667689083766], [92.7335110514107, 56.03581185977402], [92.7334496379922, 56.03594725640685], [92.73344642230481, 56.036134511582446], [92.73353655729274, 56.03634765516615], [92.73365288018636, 56.03653211473756], [92.73389965590181, 56.0368064899087], [92.7341294268696, 56.03703457374788], [92.734277549825, 56.037097942199665], [92.73438669317866, 56.03730079744832], [92.73464791563364, 56.037411830610644], [92.73493405423052, 56.03751591125309], [92.73506048906204, 56.03758408211951], [92.73529354042903, 56.03770960327554], [92.73539714306095, 56.037761917559735], [92.73554423459368, 56.03783605993836], [92.73583196465812, 56.03803678168692], [92.73610923647985, 56.03824233034181], [92.73637897762421, 56.03847040557042], [92.73667042773266, 56.03862092729825], [92.7380024884324, 56.036875265099575], [92.73816488848384, 56.03665529620082], [92.7383165545922, 56.03643287934297], [92.73978645084398, 56.03418291477016], [92.74034356637027, 56.03349252073392], [92.74067813276113, 56.03307082914151], [92.7410063029835, 56.032573140554156], [92.74112763699425, 56.03232407151456], [92.74083826031384, 56.03232346405133], [92.73880661022469, 56.03225954357534], [92.73841580152413, 56.0322667989326], [92.73790028985054, 56.03228348813453], [92.7373856926264, 56.032307182622276], [92.73687216876019, 56.03233806237444], [92.73636020103017, 56.03237585899416], [92.73585010875684, 56.0324207528126], [92.73534205268918, 56.032472654384016], [92.73483651378653, 56.03253156476727], [92.73433365281163, 56.032597394525524], [92.73383395135518, 56.03267005491643], [92.73333740855084, 56.03274963579064], [92.73284450662307, 56.03283595860231], [92.7310793263798, 56.03315868785602], [92.73110619802289, 56.033216047760504], [92.73118094494413, 56.03340158675289], [92.7312441334489, 56.03358844772881], [92.73129576462394, 56.03377645108039], [92.73133567976173, 56.03396532703473], [92.73136371952498, 56.034154895628376], [92.73138208063351, 56.034421503549474], [92.73138530264087, 56.03453503545448], [92.73139424158366, 56.0346338503074], [92.73137128542113, 56.03486713708423], [92.7313421648515, 56.03506403576204], [92.73130037576105, 56.03526018832889], [92.73124607962896, 56.03545541549592], [92.73116536011258, 56.03566693121253], [92.7310849331466, 56.035859317130665], [92.7309921652473, 56.03604987980837], [92.73088705749541, 56.03623843959255], [92.73076993245313, 56.03642472771398], [92.7306409516447, 56.036608564863464], [92.73050027723009, 56.03678968191648], [92.7303479109536, 56.036967809395385], [92.7301841747989, 56.037142768333375], [92.73000939076402, 56.037314379762236], [92.72982356125738, 56.03748228438484], [92.7296763887574, 56.03760509699708], [92.73218500499769, 56.03844889041344], [92.7327706306014, 56.03788675718931], [92.73245289518724, 56.037781884517855], [92.73264431875849, 56.0375691709165], [92.73282677356313, 56.03735392280422], [92.73297634270652, 56.03716123637433], [92.73311517968689, 56.03696592194274], [92.73253072341151, 56.036851401075964], [92.73264665993065, 56.03667355124186], [92.73275362334184, 56.036493975396205], [92.73285129228559, 56.03631276268025], [92.73301678806664, 56.0359503622529], [92.73304977815441, 56.03586573905383], [92.73306615927712, 56.03574695060687], [92.73304939025321, 56.03557330391792], [92.73310632311741, 56.03545963276639], [92.73312017530668, 56.03540505582912], [92.73308435250912, 56.035272592540295], [92.73316494265337, 56.03519444905096], [92.73319508528604, 56.03501084463749], [92.73320728354899, 56.034893663763455], [92.73321639968128, 56.03480467781397], [92.73322600521267, 56.03459821622404], [92.73322561135959, 56.0345390279534], [92.73138482138864, 56.03453503440683]], [[92.73015504854261, 56.03149906222218], [92.73160301083689, 56.0310878184226], [92.7324864214914, 56.032076882980455], [92.73074322079144, 56.032565002703066]], [[92.71360354801551, 56.022425551688634], [92.71360791483005, 56.02263725394565], [92.71364149558055, 56.023257139794445], [92.71367487998508, 56.02390369993225], [92.71371241730317, 56.024877821976105]], [[92.71714277811189, 56.02024934518396], [92.71741995794058, 56.02083179703988], [92.71741061544652, 56.02164998326782], [92.71750249046084, 56.02220120391603], [92.71798448594951, 56.02346545363698], [92.71770619403938, 56.02371315342299], [92.7179882241048, 56.02442683324937], [92.71843619788281, 56.02514888462119], [92.71835427155543, 56.026092375027176], [92.71833122826747, 56.02617333478924], [92.7182427333761, 56.02632231403284], [92.71812118059731, 56.02631961139956], [92.71809510183213, 56.02639885771126], [92.71804802912074, 56.02654182408785], [92.71807992853768, 56.02654423215076], [92.71819707314705, 56.02655770245311], [92.71817648003481, 56.026896703818906], [92.71823176647555, 56.02699131457216], [92.7184028102613, 56.02702583445337], [92.71854433640503, 56.027083279183536], [92.71812109960185, 56.02745342497464]], [[92.73305547285001, 56.02034982937541], [92.73690378058927, 56.02087398911272], [92.73817885538477, 56.02108327437708], [92.73829630699255, 56.0210973549689], [92.73956010369893, 56.02124516911721]], [[92.74017518696573, 56.021280326012835], [92.74468721758882, 56.02193568960293], [92.74613606633916, 56.022142198321625]], [[92.72585121173293, 56.01935972549173], [92.72543752007364, 56.01931039559511], [92.7249927139354, 56.01928452628226], [92.72459786278303, 56.01926945478986], [92.72416369513407, 56.01925851539928], [92.72372916535235, 56.019253411594995], [92.72314288433532, 56.01925586944369], [92.7225570076932, 56.01926901331058], [92.72237399738857, 56.01927506821625], [92.72184325037627, 56.019292733646175], [92.72113008507522, 56.019323187259864], [92.72041815413418, 56.019360195989535], [92.71970729618972, 56.019403849304496], [92.7189978315886, 56.01945414795331], [92.71828992097926, 56.0195110025129], [92.7180017016393, 56.019540791044875], [92.71771599775151, 56.019577410542965], [92.71743329023782, 56.01962086212624], [92.7171540619945, 56.01967087747975], [92.71687895300197, 56.019727637724365], [92.71660844683333, 56.01979078474148], [92.71634286343141, 56.019860409111196], [92.71608284609266, 56.01993624290295], [92.71582887645498, 56.020018197447065], [92.71558143616822, 56.02010618407692], [92.71534068750067, 56.02019993376327], [92.71510743350632, 56.02029926877116], [92.71488183450025, 56.020404189513386], [92.71466437417278, 56.02051433789344], [92.71445553490902, 56.02062953544213], [92.71425563875033, 56.020749603320404], [92.71406500775247, 56.020874362689405], [92.71388412501081, 56.021003545269416], [92.71371315291562, 56.02113688203714], [92.71355241356802, 56.021274194152824], [92.71340222974824, 56.02141521296329], [92.71326292425147, 56.021559669814295], [92.71313465952356, 56.021707295677345], [92.71090907480738, 56.02441395113443]], [[92.7264750389906, 56.0194449967123], [92.72769258464879, 56.01961124195134]], [[92.74641261063915, 56.02218057882116], [92.74970060944445, 56.022657380624665]], [[92.74641261063915, 56.02218057882116], [92.74970060944445, 56.022657380624665]], [[92.72807682310324, 56.01967675573265], [92.73282254022865, 56.02031618368913]]]}}, {"type": "Feature", "properties": {"name": "Ља б­лҐ «Ё­ЁЁ", "source": "Џа®ҐЄв Ї« ­Ёа®ўЄЁ Ё ¬Ґ¦Ґў ­Ёп вҐааЁв®аЁЁ ь667-Ї", "status": "‘гйҐбвўгойЁ©"}, "geometry": {"type": "MultiLineString", "coordinates": [[[92.89869593940354, 56.07580934229428], [92.89821321454126, 56.075622493328815], [92.89188953480694, 56.0736041370661], [92.8889703307091, 56.07360154631351], [92.88896204865308, 56.07648211424098], [92.8887552988119, 56.076728015946294], [92.8874477025318, 56.07828302175619], [92.88835424853485, 56.07852131051058], [92.8912319969052, 56.0780360146773], [92.89384600972573, 56.077595062384425], [92.89831547961334, 56.07813464880601], [92.90490836706591, 56.078948848361044], [92.90561069469521, 56.07848586225395], [92.89924219881111, 56.07602085001119], [92.89869593940354, 56.07580934229428]], [[92.87983944774626, 56.06309024117592], [92.88432550581757, 56.06448815887376], [92.88514865150168, 56.06474525447998], [92.88906805465895, 56.06596652665276], [92.88770368398528, 56.067408950739505], [92.88769922415283, 56.06894304589106], [92.88480230835498, 56.06896094390015], [92.88383891686529, 56.06896695678703], [92.87757766952181, 56.06900536412132], [92.8775069303236, 56.06538869508431], [92.87983944774626, 56.06309024117592]], [[92.87420478187707, 56.06938520623377], [92.87428301348389, 56.07332044980687], [92.87669940889815, 56.073275824634166], [92.87662131734916, 56.06937049063238], [92.87420478187707, 56.06938520623377]], [[92.91210095029734, 56.07276399282809], [92.91091512938007, 56.07392685116298]], [[92.91091512938007, 56.07392685116298], [92.91093744406993, 56.0749740877798]], [[92.88478847815188, 56.0735977147149], [92.8838249918009, 56.07359681184892], [92.8836469074131, 56.07359664414588], [92.87766955246943, 56.073707264044174], [92.87773677443676, 56.07677022695098], [92.87800793240216, 56.077102623936916], [92.88241702208026, 56.079289987565794], [92.8841992033332, 56.07898684643684], [92.88607646138256, 56.077803240195216], [92.88694447130214, 56.07677046931202], [92.88735557564004, 56.07628118418381], [92.8876790044162, 56.07589636035201], [92.88768568193896, 56.073600384334554], [92.88478847815188, 56.0735977147149]], [[92.88480123668461, 56.06932028545613], [92.8838378365025, 56.06932620851752], [92.8775847196589, 56.069364623887886], [92.87766085863225, 56.07325809996253], [92.8836342899107, 56.073147566628755], [92.88382634261696, 56.073147747495774], [92.88478981776514, 56.07314865034655], [92.88768698786537, 56.07315131992131], [92.8876981796939, 56.06930229767126], [92.88480123668461, 56.06932028545613]], [[92.8733739781885, 56.07620692272711], [92.87324137828594, 56.06939113641443]], [[92.90396738316046, 56.07016880115433], [92.89347632406223, 56.066820221930776], [92.8926797820241, 56.0669491324907], [92.88897820517116, 56.07086225276099], [92.88897162169842, 56.07315248188068], [92.89210323821777, 56.07315525843745], [92.89904717138732, 56.075371611614855], [92.90396738316046, 56.07016880115433]], [[92.8733275263592, 56.07382036101439], [92.87342247007267, 56.078707727794296], [92.87970084634682, 56.08182252329228], [92.87554884592087, 56.084439510660935]], [[92.87419776288006, 56.06902603610303], [92.87412099935682, 56.06508881531413], [92.87653771473475, 56.065084430195036], [92.87661427617147, 56.069011230815214], [92.87419776288006, 56.06902603610303]], [[92.8926797820241, 56.0669491324907], [92.88897820517116, 56.07086225276099], [92.88897162169842, 56.07315248188068], [92.89210323821777, 56.07315525843745], [92.89904717138732, 56.075371611614855], [92.90396738316046, 56.07016880115433], [92.89347632406223, 56.066820221930776]], [[92.89872030100817, 56.08066492449359], [92.89084934595704, 56.08199220993672]], [[92.9038077090868, 56.079674313637426], [92.902822598896, 56.07997288900632]], [[92.902822598896, 56.07997288900632], [92.89902784578939, 56.0806130848344]], [[92.8780427050741, 56.08027952563532], [92.8816909466711, 56.079650162768466], [92.87677468952818, 56.077211240665065], [92.87670455847633, 56.07372507506197], [92.8742882958326, 56.07376961066976], [92.87438158253592, 56.07846315841288], [92.8780427050741, 56.08027952563532]], [[92.8731109754617, 56.060502453378454], [92.87646858521822, 56.061549130658975], [92.87652707470806, 56.06454562981086], [92.87314856905378, 56.064551634705516], [92.87323436854086, 56.06903187642056]], [[92.90992032646622, 56.075644702564524], [92.91093744406993, 56.0749740877798], [92.91091512938007, 56.07392685116298], [92.91210095029734, 56.07276399282809], [92.90452555610015, 56.07034697430076], [92.90254013439458, 56.072446511346335], [92.9020572701518, 56.07295707603322], [92.89955998586127, 56.07559773012264], [92.90101958361166, 56.07616275534229], [92.90205422655134, 56.07656324858414], [92.90613268407486, 56.07814173742048], [92.90992032646622, 56.075644702564524]], [[92.88239398429968, 56.07999885990709], [92.87874556056637, 56.08062824334335], [92.88035937195262, 56.081407508518325], [92.8825059198275, 56.08005438111244], [92.88239398429968, 56.07999885990709]], [[92.9038077090868, 56.079674313637426], [92.90409582746464, 56.07948440361744], [92.89389334439471, 56.07825316326473], [92.88459372323517, 56.07982095022816], [92.88431969136593, 56.07999367368638], [92.88813539652512, 56.081886136831486], [92.89084934595704, 56.08199220993672]], [[92.87324137828594, 56.06939113641443], [92.87323436854086, 56.06903187642056]]]}}, {"type": "Feature", "properties": {"name": "Ља б­лҐ «Ё­ЁЁ", "source": "Џа®ҐЄв Ї« ­Ёа®ўЄЁ Ё ¬Ґ¦Ґў ­Ёп вҐааЁв®аЁЁ ь667-Ї", "status": "‘гйҐбвўгойЁ©"}, "geometry": {"type": "LineString", "coordinates": [[92.67884857579914, 55.9737505876075], [92.67990654966198, 55.97380139009434], [92.68004660319066, 55.97385160099283], [92.68001123135662, 55.974003745676924], [92.67947104639725, 55.97409251672933], [92.67941552349787, 55.97447309829058], [92.67919739583215, 55.974489326303406], [92.67865540258228, 55.9744667184413], [92.67863182499033, 55.97460587028442], [92.67914962057928, 55.974630121760775], [92.67939807987868, 55.97458747727841], [92.67985533040624, 55.97465054805175], [92.6793902777981, 55.97586004600701], [92.67711333436141, 55.97551684841141], [92.67722228991313, 55.97478154863388], [92.67724739929292, 55.97461294173536], [92.67708743428781, 55.97460731358439], [92.67695607285889, 55.97549389287688], [92.6747540790502, 55.97515722485941], [92.67068658316819, 55.97465154626929], [92.67006478135171, 55.97455899094537], [92.66993584634874, 55.97453978466183], [92.66811445119318, 55.97426868305361], [92.66790138112735, 55.97412413572009], [92.66837395912337, 55.97392799428574], [92.67321137485854, 55.973758946320935], [92.67386383411451, 55.973766961113526], [92.67418289601873, 55.973709065696525]]}}, {"type": "Feature", "properties": {"name": "Ља б­лҐ «Ё­ЁЁ", "source": "Џа®ҐЄв Ї« ­Ёа®ўЄЁ Ё ¬Ґ¦Ґў ­Ёп вҐааЁв®аЁЁ ь667-Ї", "status": "‘гйҐбвўгойЁ©"}, "geometry": {"type": "MultiLineString", "coordinates": [[[92.9135008615091, 56.11104545176279], [92.91353151517424, 56.1110664893587], [92.90682465321095, 56.11343320220653], [92.90390074606898, 56.11120531784863], [92.90317837051407, 56.11063659954664], [92.90262016113313, 56.110053546662314], [92.90195361415803, 56.10909974873641], [92.90150605512653, 56.108253358099574], [92.90111638799183, 56.107151405389175], [92.90092085305525, 56.105813040650894], [92.90292368639895, 56.10581463096927], [92.90655667734252, 56.10667065268348], [92.90948368894307, 56.10667283230175], [92.90949953689298, 56.10669978769704]], [[92.90791583392269, 56.11348880605554], [92.90788035512169, 56.11346938010109], [92.91395090102483, 56.1113448418351], [92.91398461160738, 56.11136480369633]], [[92.89957987152597, 56.1057401076084], [92.89962021097175, 56.10574014039774], [92.89982549200832, 56.10714515609402], [92.89986713454178, 56.107324815080474], [92.90026012393061, 56.10843413903085], [92.9004198882129, 56.10874457043076], [92.90046659024462, 56.1088338817833], [92.90055247915532, 56.108997589492155], [92.90064590178102, 56.10916956595392], [92.90073900424146, 56.10934136245741], [92.90142860766831, 56.11031997357955]], [[92.90902964834449, 56.10592705403416], [92.90902958480117, 56.10595399777359], [92.90730703229734, 56.10595271711613], [92.90361554813015, 56.10511463424735], [92.90121289837987, 56.10511291563663], [92.90121296738097, 56.1050859718996]], [[92.89960584515458, 56.1050847659043], [92.89960554198576, 56.105201252654204], [92.89956070314857, 56.105201216201166]]]}}, {"type": "Feature", "properties": {"name": "Ља б­лҐ «Ё­ЁЁ", "source": "Џа®ҐЄв Ї« ­Ёа®ўЄЁ Ё ¬Ґ¦Ґў ­Ёп вҐааЁв®аЁЁ ь667-Ї", "status": "‘гйҐбвўгойЁ©"}, "geometry": {"type": "MultiLineString", "coordinates": [[[92.74944298981859, 56.05208519214517], [92.749770652404, 56.05281388661144], [92.75027203823902, 56.05269006108931], [92.7533920905588, 56.05157887278153], [92.75280200734956, 56.051196163767926], [92.75236808300303, 56.05131555444221], [92.75234203802353, 56.0513226872784], [92.75197727878765, 56.051442574601715], [92.75198102445808, 56.05145910784829], [92.75106553069453, 56.05176730160972], [92.75103497122599, 56.051777568543805], [92.7502786856745, 56.052033805951], [92.75019767263855, 56.051953797640365], [92.74882262585834, 56.052193234462784], [92.74861145691855, 56.05223645398618], [92.74839179169679, 56.05225343023087], [92.74799009180387, 56.05195577641984], [92.74778940030198, 56.051967491323644], [92.74749614349824, 56.0519732684845], [92.74660991814024, 56.05194693307696], [92.74564250592574, 56.051844261995356], [92.7423270775197, 56.05251727454653], [92.74217802622938, 56.05258225784111], [92.74218350208156, 56.052603465313204], [92.74210239342828, 56.05261227723063], [92.74165036879369, 56.05281502935607], [92.74161138672777, 56.052788273084076], [92.74158624032184, 56.052780586272775], [92.74149590195184, 56.052801503316815], [92.74091617996959, 56.052994824235846], [92.7405506709527, 56.05312311872769], [92.74016278486613, 56.05326115472334], [92.73991977693916, 56.05288171889334], [92.73889164863597, 56.05297546916521], [92.73567709443657, 56.05332357057607], [92.73546370313255, 56.05305528891256], [92.7353905576561, 56.05297897008827], [92.73538495758295, 56.05297644329813], [92.73528639530818, 56.052932133412135], [92.73521151853659, 56.05292119515158], [92.73498975988815, 56.05291434242695], [92.7343436652484, 56.05295193262438], [92.73384822934032, 56.052996221187506], [92.73307887006479, 56.05305715990528], [92.73253563385414, 56.05309702875975], [92.73203920756097, 56.053121548899995], [92.73057494456762, 56.053128599984475], [92.7294685720488, 56.05313812513123], [92.72874102153244, 56.053163472401266], [92.72805494976713, 56.05317866801672], [92.72725170804142, 56.05319476852627], [92.72584383960435, 56.05319281690913], [92.72526491842038, 56.05319386478087], [92.72509657426819, 56.053213967474875], [92.72392433356242, 56.05334427531137], [92.72364874247539, 56.05334653260242], [92.72364332287925, 56.05334131127068], [92.7217122257593, 56.05336167107685], [92.72024695282097, 56.053373626938864], [92.71975147346625, 56.053376634328394], [92.71903096974937, 56.05335838070195], [92.71864864368531, 56.05331700376251], [92.71805682791627, 56.05328125460554], [92.71795652245937, 56.05328048655067], [92.71648307252572, 56.053269656158065], [92.71533879891906, 56.053281302744], [92.7137468480033, 56.05327780049273], [92.71174714803351, 56.053113547387795], [92.70986503748561, 56.052958789153756], [92.70848295787218, 56.05290092574685], [92.70770983216299, 56.05294544118162], [92.7053576606892, 56.05278976953101], [92.70386404590421, 56.05269045334652], [92.7029188943465, 56.0526271085839], [92.70293175097181, 56.05258313076073], [92.7029306385731, 56.052581691062265], [92.70293526695117, 56.052564188508605], [92.70291489898538, 56.05256225339355], [92.7027976664787, 56.052550654613164], [92.70243185787479, 56.052514296747816], [92.70216035388742, 56.05248660790442], [92.70157166393903, 56.05242375324318], [92.70141368831477, 56.052409360211286], [92.70115674187838, 56.05238799134229], [92.69829622105361, 56.052104585042485], [92.69829457128776, 56.052110329095115], [92.69786869839253, 56.0519569630469], [92.69763199062879, 56.051893064613274], [92.69745598442745, 56.05268586908423], [92.69676924156578, 56.05350202847254], [92.6965202305234, 56.05394114489626], [92.69768814343942, 56.05405008115491], [92.6975915955316, 56.05436886327834], [92.70462492998472, 56.05502474075275], [92.70602370571257, 56.05502808024648], [92.71007445090626, 56.05540248520039], [92.71008710956538, 56.05371500413735], [92.71040810300042, 56.05371575770011], [92.71039524164482, 56.05543215832974], [92.7112857599163, 56.055514448252865], [92.71516505558658, 56.055579505212954], [92.72202061746192, 56.05616293761308], [92.72545384239048, 56.055857351754675], [92.7261173638121, 56.05570165188444], [92.72581277543186, 56.05501515818303], [92.73061478388922, 56.05404451743072], [92.73242068516373, 56.053727720963465], [92.7332528621838, 56.05359004157987], [92.73506177490336, 56.05336617019466], [92.73478918040806, 56.05302537041037], [92.73436674491799, 56.05304996906352], [92.73387451952345, 56.053093995201365], [92.7331027503014, 56.05315501868668], [92.73255485590246, 56.0531952368085], [92.73204783195663, 56.053220272902585], [92.73057714479948, 56.05322739988433], [92.72947542443634, 56.0532368454371], [92.72874995913232, 56.053262107518314], [92.72806163805545, 56.053277388043185], [92.72725470225726, 56.05329357024903], [92.72584394130784, 56.05329161224551], [92.72528379721729, 56.053292612100925], [92.72513215820251, 56.05331077612228], [92.724947600249, 56.05333129157273], [92.72475640081252, 56.05347304048213], [92.724709986226, 56.05365759400625], [92.7245561139172, 56.05376367998469], [92.72443780769306, 56.053766200134014], [92.72441456183627, 56.05328977617344]], [[92.69686641716035, 56.05537524427088], [92.69601804749487, 56.05483607128466], [92.69609983802118, 56.05468125407122], [92.69712916821533, 56.054781052531055], [92.6970668121288, 56.054996093363165], [92.69686641716035, 56.05537524427088]], [[92.71210702678911, 56.05651195182831], [92.71211100767411, 56.05597756940486]], [[92.71544751036247, 56.05652203324818], [92.71059536731512, 56.0565073389561], [92.7105955695234, 56.056501770978784], [92.70793803490169, 56.05649542147883], [92.70794450291837, 56.055660797628875]], [[92.71987140847803, 56.06016870856523], [92.71611356205182, 56.05985269108223], [92.71574444938095, 56.05979615714531], [92.71577174413885, 56.05608538748113], [92.72013498754738, 56.0564459007657], [92.72027855917379, 56.05645772237046], [92.7210157338283, 56.056531600996436], [92.7211739006657, 56.05654507119358], [92.7219053837657, 56.05660734567661], [92.7249577923992, 56.05731185786243], [92.72683823343488, 56.05867222005105], [92.71987140847803, 56.06016870856523]], [[92.7344313088206, 56.05715450362594], [92.73671846978077, 56.05837943186604], [92.73678104625222, 56.05883096861943]], [[92.73280750315624, 56.06110809802764], [92.72653823055623, 56.06093917052724], [92.7257871442129, 56.061070518278996], [92.72570474868765, 56.060511335200516], [92.72673982323784, 56.06051246336698], [92.72678065206524, 56.060277691104204], [92.72767608691161, 56.059432547638046], [92.72727914785122, 56.05915468599157]], [[92.73791796174872, 56.05625887980513], [92.73763110422937, 56.0557898921237], [92.73713417421571, 56.05552990200468], [92.73730323341258, 56.055428772484454], [92.73774697242361, 56.055343225544696], [92.74123389252509, 56.05525870571313], [92.74242633928337, 56.055082740159726], [92.74262159355544, 56.05538402323612], [92.74125382667795, 56.05566156177795], [92.73791796174872, 56.05625887980513]], [[92.72934547129894, 56.05870729183949], [92.73154228210007, 56.05871711881091], [92.7317924588851, 56.05877406563419]], [[92.74247780675994, 56.05733106278865], [92.74613763852373, 56.056533375243106], [92.74643465843498, 56.05639971439153], [92.74761607671088, 56.05540727007342], [92.74765779162509, 56.05521317825829], [92.74739130484691, 56.0548029930828], [92.74687314404073, 56.054664247179915], [92.74469475960919, 56.05510667325962], [92.74501740021518, 56.0556380490845], [92.74522721726244, 56.055949417197034], [92.74203932813323, 56.05662672677739], [92.74247780675994, 56.05733106278865]], [[92.7532053715925, 56.05696848604232], [92.75245894341876, 56.05612328221994], [92.75222556804464, 56.055847086128296], [92.75141841002865, 56.05471830202314], [92.75071703614434, 56.05426629237803], [92.75056489487658, 56.0537418324916], [92.75079021658563, 56.05329681186532], [92.75201023457163, 56.05278472669035], [92.75422004082793, 56.0520615664048]], [[92.74729733223677, 56.05196738295043], [92.74790107881307, 56.053275316943115], [92.7458915989056, 56.05377127871632], [92.7425844522828, 56.05450206539381], [92.74115135165675, 56.05471363310736], [92.74022424071688, 56.05474383860489], [92.73788772608856, 56.05480042122581], [92.73662671837111, 56.054884137650184], [92.73627522078252, 56.05431863864256], [92.73637279718106, 56.0542963936721], [92.73782903819274, 56.054011283343364], [92.73774593431322, 56.053887792591716], [92.73626892794613, 56.05420590901174], [92.73567709443657, 56.05332357057607]], [[92.69686641716035, 56.05537524427088], [92.69674862404821, 56.05559787274765], [92.69653313919717, 56.056344414188956], [92.69663056528023, 56.05656981682193], [92.69690105605233, 56.05679124359662], [92.6973659119241, 56.057056167267376], [92.69756810986316, 56.057103455831815], [92.69904915641216, 56.05712575708165], [92.70205362889818, 56.05750361756699], [92.70720479781608, 56.05897703381147], [92.70899638900376, 56.05933783097575], [92.71001774523518, 56.05949435493815], [92.71388950699995, 56.05969837549998], [92.71604709509276, 56.06002875261365], [92.71836655413766, 56.06022384276107], [92.71820859694941, 56.060597915386985], [92.7179724799678, 56.060727156862235], [92.71630430192516, 56.06164060096008], [92.71585210304637, 56.06172506344719]], [[92.72628158790201, 56.05506362037099], [92.72619871116802, 56.055139508763375], [92.72633616600976, 56.05544805424133], [92.72681144021425, 56.0560818445949], [92.7356524614036, 56.05429691871517], [92.735192175728, 56.053565836469495], [92.73501392312428, 56.053510038843555], [92.7333131115252, 56.05372058128332], [92.7324907340718, 56.0538565758525], [92.73069173755817, 56.054172131018525], [92.72628158790201, 56.05506362037099]], [[92.73757377023887, 56.05874930948416], [92.73749087745708, 56.05814441806216]], [[92.74080446966575, 56.05526912120623], [92.73765555263059, 56.05582964173106]], [[92.73721452289104, 56.0559407910051], [92.73716798047037, 56.05591644221593], [92.73622239965167, 56.05608471177437], [92.73514192961905, 56.05672905639077], [92.73571270857111, 56.057034388891005], [92.7365848871006, 56.05652368676162], [92.7367510756112, 56.05646781796544], [92.73745930853553, 56.05634098271733], [92.73721452289104, 56.0559407910051]], [[92.7526366974469, 56.05759182169794], [92.75132361908335, 56.056104833627124], [92.75029733639542, 56.05510906361414], [92.74842335465503, 56.05440695704398], [92.74831582276164, 56.05443089769251], [92.74752082127362, 56.054608003195916]], [[92.74799245963442, 56.05533412248928], [92.74752082127362, 56.054608003195916], [92.74831582276164, 56.05443089769251], [92.74898168097397, 56.05513297978509], [92.74799245963442, 56.05533412248928]], [[92.71691484436343, 56.0601016985267], [92.71682373882297, 56.06028884085131], [92.716890267299, 56.06041069096348], [92.71730036492613, 56.0604833021614], [92.71778510036562, 56.06064508799051], [92.7179724799678, 56.060727156862235]], [[92.71509241304908, 56.05602759788245], [92.71545092661191, 56.05605806343578], [92.71542341851604, 56.05979362116564], [92.71393287075941, 56.059565282320875], [92.71006112142044, 56.059361352940996], [92.70906911046063, 56.05920929937014], [92.70730076495954, 56.0588531388708], [92.70213615494936, 56.057375921972245], [92.69907909458439, 56.05699146868848], [92.6978418440538, 56.056972818511014], [92.69741614095885, 56.05687316014105], [92.69710645017481, 56.05669672482703], [92.69696594046356, 56.05658177756728], [92.6968603146528, 56.056337404357095], [92.69706226289247, 56.05563789155391], [92.69738044642394, 56.05503611135977], [92.69744593261477, 56.05481056983128], [92.70455681476051, 56.05547364657566], [92.70595624874315, 56.05547698838808], [92.71120793768023, 56.055962346954374], [92.71509241304908, 56.05602759788245]], [[92.71987140847803, 56.06016870856523], [92.71611356205182, 56.05985269108223], [92.71574444938095, 56.05979615714531], [92.71576921886587, 56.05642873952367], [92.71733851295173, 56.056431445132056], [92.71908950252754, 56.05643454443675], [92.72013498754738, 56.0564459007657], [92.72027855917379, 56.05645772237046], [92.7210157338283, 56.056531600996436], [92.7211739006657, 56.05654507119358], [92.7219053837657, 56.05660734567661], [92.7249577923992, 56.05731185786243], [92.72683823343488, 56.05867222005105], [92.71987140847803, 56.06016870856523]], [[92.71691484436343, 56.0601016985267], [92.71682373882297, 56.06028884085131], [92.716890267299, 56.06041069096348], [92.71730036492613, 56.0604833021614], [92.71778510036562, 56.06064508799051], [92.7179724799678, 56.060727156862235]], [[92.73764727624717, 56.05804182415748], [92.73784387361648, 56.05809451339654], [92.73806159037105, 56.058133775096074], [92.73828168495861, 56.05815382133568], [92.7384958029535, 56.05815571216748], [92.73873733916564, 56.0581383507348], [92.739018605789, 56.0580849677612], [92.74212624944805, 56.05740783797979], [92.74143723137236, 56.05634156603406], [92.74476140871647, 56.055635364457174], [92.74446830453391, 56.05515254848702], [92.74133162183037, 56.05578908060398], [92.73685103527946, 56.056591345269304], [92.7367364891582, 56.05662981069454], [92.73588799930266, 56.05712682308808], [92.73738048136462, 56.05792593609742], [92.73764727624717, 56.05804182415748]], [[92.7169779644145, 56.06202574141657], [92.71868659780144, 56.06109010669133], [92.71922361656678, 56.06088502744219], [92.72921667696714, 56.058738354327225], [92.73351935791153, 56.05770040144097], [92.73497753172823, 56.05682758835492], [92.73722312169022, 56.05802816836609], [92.73752000586818, 56.05815705391559], [92.737754417103, 56.05821988282749], [92.73800500005584, 56.058265142147775], [92.73826038821502, 56.05828831699522], [92.7385091760003, 56.05829064056956], [92.73879198631145, 56.05827031279731], [92.73910218486641, 56.05821133259687], [92.74648212084058, 56.05660288050997], [92.74799245963442, 56.05533412248928]]]}}, {"type": "Feature", "properties": {"name": "Ља б­лҐ «Ё­ЁЁ", "source": "Џа®ҐЄв Ї« ­Ёа®ўЄЁ Ё ¬Ґ¦Ґў ­Ёп вҐааЁв®аЁЁ ь667-Ї", "status": "‘гйҐбвўгойЁ©"}, "geometry": {"type": "MultiLineString", "coordinates": [[[92.85918613634793, 55.98115291513903], [92.85924319853854, 55.98096778277286], [92.86135659317151, 55.981172529389795], [92.86270128656214, 55.981582869710536], [92.87424151456278, 55.98270124541089], [92.88639007529574, 55.98387604480502]], [[92.8182310227137, 55.97707070595931], [92.82627183787918, 55.977316085830466], [92.82637446355844, 55.977327547037696]], [[92.83780268975434, 55.97870568829595], [92.8380031328685, 55.978732626751786], [92.83992450124722, 55.978948625515784], [92.83996418314678, 55.97884314490684], [92.84347088683937, 55.97923726230963], [92.84343185483596, 55.979342744859316], [92.8458996140449, 55.97962005771226], [92.84928448437132, 55.97998745182105], [92.84924484552012, 55.9800880854609]], [[92.84344159574735, 55.98502119033444], [92.84399302470163, 55.985028355882875], [92.84422543175687, 55.988471686650364], [92.84327439366426, 55.9884917675908]], [[92.84344159574735, 55.98502119033444], [92.84399302470163, 55.985028355882875], [92.84422543175687, 55.988471686650364], [92.84327439366426, 55.9884917675908]]]}}, {"type": "Feature", "properties": {"name": "Ља б­лҐ «Ё­ЁЁ", "source": "Џа®ҐЄв Ї« ­Ёа®ўЄЁ Ё ¬Ґ¦Ґў ­Ёп вҐааЁв®аЁЁ ь667-Ї", "status": "‘гйҐбвўгойЁ©"}, "geometry": {"type": "MultiLineString", "coordinates": [[[92.8979384308685, 56.05703227874772], [92.89576932984345, 56.0559362699838], [92.89495330408438, 56.05552387370043], [92.89492689759888, 56.05537745542282], [92.894741575791, 56.0543527064413], [92.89451025437334, 56.05307320687295], [92.89449191193914, 56.052972420547455], [92.89437017283791, 56.052298176914064], [92.89349123315034, 56.052210751606424], [92.89317771693973, 56.05217949502665], [92.89145659530352, 56.05200806639884], [92.89121465517235, 56.051979113091946], [92.89096196604423, 56.051948892426715], [92.88812472119496, 56.051420405759764], [92.88809039502499, 56.051413997885845], [92.88706093557732, 56.053144393651685], [92.88636817961846, 56.0543088173588], [92.88534437286627, 56.056029503426096], [92.88496286112732, 56.05667086499595], [92.88893608071103, 56.057869380934825], [92.89019361011266, 56.05824862020843], [92.89145116395613, 56.05862793646989], [92.89273231956169, 56.059014265835984], [92.89394870310643, 56.05938112655898], [92.89469050974151, 56.05960476812365], [92.89510256216403, 56.05913575458137], [92.89666166947215, 56.05878940231959], [92.89715486541367, 56.058277339386294], [92.89821783241314, 56.05717351641394], [92.8979384308685, 56.05703227874772]], [[92.88825097016152, 56.05898909416569], [92.8868702659293, 56.0585726294104], [92.8872973017591, 56.0577832015143], [92.88893651267666, 56.05827758296789], [92.89196597961183, 56.0591912482495], [92.89128175980954, 56.05990313656546], [92.88825097016152, 56.05898909416569]], [[92.89232268000626, 56.05929879703376], [92.89440694673465, 56.05992731492098], [92.89388101660766, 56.060530499128134], [92.89353734275736, 56.060583372669925], [92.89163718167657, 56.06001032693657], [92.89232268000626, 56.05929879703376]], [[92.90121862479582, 56.05535337194947], [92.89876228764702, 56.05411204682885], [92.89851704712622, 56.05398817239262], [92.89839064680066, 56.05328860165799], [92.89974995553636, 56.05320403123191], [92.90087589640784, 56.052493708254474], [92.90114998649202, 56.052632240729544], [92.90278030250857, 56.05345604681204], [92.90286042645718, 56.05433592186085], [92.90121862479582, 56.05535337194947]], [[92.89879056778165, 56.056857844378236], [92.89770038411491, 56.05630710829161], [92.89749616900912, 56.05620374331769], [92.89740255702088, 56.05615651352656], [92.89671185661028, 56.055807461615146], [92.89572062971591, 56.0553064574881], [92.89567223643672, 56.05503922179334], [92.895631911356, 56.05481573200807], [92.89547567004846, 56.053951954237256], [92.89543076105483, 56.05370322289823], [92.89538743232968, 56.05346383346587], [92.89707354980553, 56.05337058773476], [92.89715988238069, 56.053858795524505], [92.8971834429007, 56.053991828790885], [92.89733880006082, 56.05459864755281], [92.89804624881764, 56.054981300071155], [92.89883087610738, 56.05537874118127], [92.89962455151824, 56.05489421731968], [92.89982059111632, 56.054993171304076], [92.9009107675153, 56.05554406840621], [92.89879056778165, 56.056857844378236]], [[92.89839064680066, 56.05328860165799], [92.89974995553636, 56.05320403123191], [92.90087589640784, 56.052493708254474], [92.89954362156443, 56.0518205572797], [92.89826804497176, 56.05261103812913], [92.89839064680066, 56.05328860165799]], [[92.89529729910967, 56.05296529262788], [92.89790221299106, 56.05281811521907], [92.89796896758942, 56.05318721371257], [92.8980732138436, 56.053763991689664], [92.89812541826522, 56.05405242559809], [92.89814218722059, 56.05414503704423], [92.89834847733131, 56.05424930083101], [92.89952276540707, 56.05484276124968], [92.89962455151824, 56.05489421731968], [92.89883087610738, 56.05537874118127], [92.89804624858071, 56.05498138988435], [92.89733863955864, 56.05459864741931], [92.8971834429007, 56.053991828790885], [92.89715988238069, 56.053858795524505], [92.89707354980553, 56.05337058773476], [92.89538743232968, 56.05346383346587], [92.89538221346444, 56.0534351785666], [92.89529729910967, 56.05296529262788]], [[92.89529729910967, 56.05296529262788], [92.89790221299106, 56.05281811521907], [92.89784305248384, 56.05249096581748], [92.89803837185322, 56.05236987921573], [92.8992028669508, 56.05164828675338], [92.89754834210336, 56.050812108570945], [92.89638384110705, 56.0515337753323], [92.89611489376348, 56.05170042260364], [92.89517396175884, 56.052283414296426], [92.89529729910967, 56.05296529262788]], [[92.89479906759652, 56.051982220352855], [92.8915600085511, 56.05164468234328], [92.89247055220073, 56.0501151477138], [92.8941351870189, 56.0490840912474], [92.89707666993239, 56.050571554990064], [92.89479906759652, 56.051982220352855]], [[92.88851937711502, 56.050692645252454], [92.88952108057767, 56.05087937000939], [92.89130604647148, 56.05121173780527], [92.8910804546232, 56.051590910890916], [92.8882948849052, 56.05107163465691], [92.88851937711502, 56.050692645252454]], [[92.89130604647148, 56.05121173780527], [92.88952108057767, 56.05087937000939], [92.88851937711502, 56.050692645252454], [92.88971576331423, 56.04868144941125], [92.88986766217461, 56.048425706443844], [92.89289095754899, 56.048458095547225], [92.89377235680698, 56.04890370347841], [92.8920454968687, 56.04997637411471], [92.89130604647148, 56.05121173780527]]]}}, {"type": "Feature", "properties": {"name": "Ља б­лҐ «Ё­ЁЁ", "source": "Џа®ҐЄв Ї« ­Ёа®ўЄЁ Ё ¬Ґ¦Ґў ­Ёп вҐааЁв®аЁЁ ь667-Ї", "status": "‘гйҐбвўгойЁ©"}, "geometry": {"type": "MultiLineString", "coordinates": [[[92.80590620031073, 55.98407012275534], [92.80019853009436, 55.98329506742319], [92.79780199891886, 55.982955254178805], [92.79537464737791, 55.9821798321397], [92.7917564113713, 55.98180275014175], [92.78987384188908, 55.98154511141253], [92.78393331440385, 55.98010562389998], [92.78364408736982, 55.97977495800547], [92.78636254969537, 55.97570812891531], [92.79038941731906, 55.9767371323403], [92.79135447465794, 55.97861724335512], [92.7964707366533, 55.97989541511769], [92.80602368969393, 55.980826474404815], [92.80588789921856, 55.98126293929587], [92.80634130845499, 55.981894869239554], [92.80567213198616, 55.98403831898714], [92.80590620031073, 55.98407012275534]], [[92.81104733967102, 55.98088636790802], [92.81027999799039, 55.98082016380954], [92.8102649921948, 55.9808748378083], [92.81089522961031, 55.98093616143626], [92.81104733967102, 55.98088636790802]], [[92.81411571019474, 55.977055588583056], [92.81396330427383, 55.977037485594316], [92.81394821739309, 55.977077071086946], [92.81369591546525, 55.97704705126129], [92.81376048757721, 55.976876411175034], [92.81399724511562, 55.97697439710776], [92.81411571019474, 55.977055588583056]], [[92.81269297057906, 55.97665932864463], [92.81261812605581, 55.9769327903439], [92.81263622116809, 55.97693389561994], [92.81262257456483, 55.97700662474622], [92.81248293614917, 55.97699841894138], [92.81248538794783, 55.97698827361505], [92.81136389286503, 55.976903125009756], [92.81120316812589, 55.977442305774524], [92.8109670105954, 55.97741922081503], [92.81115230767271, 55.97683454196467], [92.81131403030399, 55.97684682473689], [92.81138370002603, 55.97658530125076], [92.81125755423604, 55.97656974989513], [92.81127303136395, 55.976516333866385], [92.81133611137534, 55.976522627621605], [92.81133057089336, 55.97654201910929], [92.81145591616807, 55.976557479351484], [92.81137759882816, 55.976851592368604], [92.81249733090667, 55.97693664835533], [92.81249978530433, 55.97692596414466], [92.81253709720983, 55.97692808661971], [92.8126127592538, 55.976651303069296], [92.81269297057906, 55.97665932864463]], [[92.80848393406878, 55.98106617353708], [92.80844551500037, 55.98119005799815], [92.80786795773095, 55.98113374375522], [92.8079063785889, 55.98100985947426], [92.80848393406878, 55.98106617353708]], [[92.8111832151962, 55.97650721488142], [92.813411189024, 55.97673173052731], [92.81399724511562, 55.97697439710776], [92.81427409098042, 55.977163964100676], [92.8142693717157, 55.97717940511004], [92.81291836596672, 55.97705296921908], [92.8128033326275, 55.9770577344198], [92.81278151317584, 55.97713125948444], [92.81406623591543, 55.977251399718824], [92.8142064126564, 55.97738148300779], [92.81409920139788, 55.97772567072018], [92.81267983866846, 55.97758682454819], [92.81265120938963, 55.97767722438943], [92.81117774965809, 55.977530554643735], [92.81120316812589, 55.977442305774524], [92.80004964249535, 55.976350268917734], [92.79347760834155, 55.974708669626835]], [[92.80613231226549, 55.98047241643355], [92.79665885826263, 55.97954913081609], [92.79188769508252, 55.97835723293919], [92.79137344152247, 55.977355289424864], [92.79321670000793, 55.975036774534914], [92.79986124640185, 55.976696558087575], [92.8070877723559, 55.977404230610475], [92.80613231226549, 55.98047241643355]], [[92.81087030310952, 55.98253149963049], [92.8097666244705, 55.98459409956479], [92.80590620031073, 55.98407012275534], [92.80666914123515, 55.981625850124175], [92.8064990690413, 55.981389101510025], [92.80665504003899, 55.98088800109347], [92.80868184386954, 55.981085431666564], [92.80865238083656, 55.98118005052981], [92.80863413682334, 55.98127360902258], [92.80863186611526, 55.98127926381768], [92.80855090558407, 55.98142113500537], [92.80834839601957, 55.98178097690033], [92.80817477001627, 55.98203344514336], [92.8082671170555, 55.98205155169536], [92.80878845354738, 55.98217361096214], [92.8093181658118, 55.98228714858786], [92.80928171265467, 55.98233738837139], [92.80963315303926, 55.982411938680734], [92.80969422104914, 55.982405745929846], [92.809724629267, 55.982346694868575], [92.8106672109043, 55.982489154722835], [92.81087030310952, 55.98253149963049]], [[92.80679670619685, 55.98042774367504], [92.80750698969723, 55.98049693409757], [92.80747394106618, 55.980603402620396], [92.8102649921948, 55.9808748378083], [92.81089522961031, 55.98093616143626], [92.81104733967102, 55.98088636790802], [92.8117603913226, 55.98065277305388], [92.81185806471255, 55.98036533579], [92.8123099150869, 55.978988447967055], [92.81259132039195, 55.97899830656144], [92.81304121806583, 55.97901380900043], [92.81371210804022, 55.97864389010592], [92.813900881378, 55.97852885320812], [92.81402150857272, 55.978327311575946], [92.81416039213866, 55.97809310481428], [92.81390741682296, 55.978068473294776], [92.81297078365829, 55.97797454695526], [92.80771890626134, 55.97746620066642], [92.80679670619685, 55.98042774367504]]]}}, {"type": "Feature", "properties": {"name": "Ља б­лҐ «Ё­ЁЁ", "source": "Џа®ҐЄв Ї« ­Ёа®ўЄЁ Ё ¬Ґ¦Ґў ­Ёп вҐааЁв®аЁЁ ь667-Ї", "status": "‘гйҐбвўгойЁ©"}, "geometry": {"type": "MultiLineString", "coordinates": [[[92.92758993283519, 55.993698949498146], [92.92685612165786, 55.994816075072386], [92.92556607953965, 55.994895237857754], [92.92449415830757, 55.99652686992132], [92.92556607953965, 55.994895237857754], [92.92685612165786, 55.994816075072386], [92.92758993300309, 55.99369885968399]], [[92.95238375666229, 55.99948723543963], [92.95044640461508, 56.00208650156502]], [[92.9301221637554, 55.994254474424416], [92.92940115146301, 55.995417786784365], [92.9294947085329, 55.99543598278054], [92.92903228147135, 55.9961820736986], [92.92914009828174, 55.99620306240661], [92.92853202310468, 55.99718402153822], [92.92757897127632, 55.99699063447142], [92.92748623036438, 55.99713419288465], [92.9288192921672, 55.99740477134468]], [[92.92882186416831, 55.99740055156194], [92.92960673928937, 55.996135430100395], [92.9294047229918, 55.99609606581349], [92.93049556498222, 55.99433641639815]], [[92.94099049668746, 55.996872400270114], [92.94056360907928, 55.99746416060726], [92.94044505444609, 55.99743688971531], [92.94087194370151, 55.99684503997211]], [[92.9441246803974, 55.997596684683806], [92.9435382015872, 55.99841076272134], [92.94332267826121, 55.99871252928578], [92.94286735800793, 55.99935826265462], [92.94263611447323, 55.99966190678908], [92.94235558842631, 56.00001537430389], [92.94230131676439, 56.000081362324494], [92.94221859542128, 56.00020131529686]], [[92.93814206663767, 55.9962153607765], [92.93649302757026, 55.99892709072172]], [[92.94208513047779, 56.000170715886306], [92.94216833433863, 56.000049865087554], [92.94222421175607, 55.99998199178019], [92.94250377551295, 55.99962960188328], [92.9427338957218, 55.99932748431424], [92.9431885754381, 55.99868264928104], [92.9434044205747, 55.998380613654426], [92.94399122305056, 55.997565997510364]], [[92.93781355581798, 55.99610113151927], [92.93613701777522, 55.99885801941824]], [[92.93422911811713, 55.99528860885775], [92.93403810009333, 55.9955663022215], [92.93404855200728, 55.995639775842065], [92.93407270081639, 55.99566924781741], [92.93431910126765, 55.99571446603025], [92.9345364646844, 55.99539861518218]], [[92.94993524573998, 56.00197088399547], [92.95184806348435, 55.99940457806175]], [[92.93333272265978, 55.99831468648881], [92.93360654174755, 55.9978944140162], [92.93363627260089, 55.99784691831412], [92.93367242051622, 55.99779565386005], [92.93398014248972, 55.997320073210616], [92.93400199544617, 55.99728667402712], [92.93349396308136, 55.99718904252185], [92.93307970106383, 55.99782578067157], [92.93296270165783, 55.99782832174116], [92.93272711673184, 55.998192928860355]], [[92.9487135525571, 55.99870797320556], [92.94817310614519, 55.999436589177236], [92.94802489866105, 55.99940248724308], [92.94856438432991, 55.998674949285586]]]}}, {"type": "Feature", "properties": {"name": "Ља б­лҐ «Ё­ЁЁ", "source": "Џа®ҐЄв Ї« ­Ёа®ўЄЁ Ё ¬Ґ¦Ґў ­Ёп вҐааЁв®аЁЁ ь667-Ї", "status": "‘гйҐбвўгойЁ©"}, "geometry": {"type": "MultiLineString", "coordinates": [[[92.83693423188272, 55.976477589839384], [92.8367162838776, 55.97737697429718], [92.83588536327107, 55.97731371934861]], [[92.8367917626168, 55.976798578371984], [92.83666151142724, 55.97733657499069], [92.83589768688955, 55.977278348798755]]]}}, {"type": "Feature", "properties": {"name": "Ља б­лҐ «Ё­ЁЁ", "source": "Џа®ҐЄв Ї« ­Ёа®ўЄЁ Ё ¬Ґ¦Ґў ­Ёп вҐааЁв®аЁЁ ь667-Ї", "status": "‘гйҐбвўгойЁ©"}, "geometry": {"type": "MultiLineString", "coordinates": [[[92.81119600613152, 55.9950574361125], [92.81145531252601, 55.995021996891516], [92.81191912671447, 55.99498201921579], [92.81215032254195, 55.994959918002465], [92.8130118645604, 55.99492503213057], [92.8138263090907, 55.995086223760275], [92.81443454725765, 55.99510582187566], [92.8184471339839, 55.99594069117118], [92.82141513703722, 55.99688017181153], [92.82333926730546, 55.997686781344214], [92.82505269624035, 55.99842821604668], [92.82778612750651, 55.99932284147667], [92.82840026910621, 55.99954589806743], [92.8317411425188, 56.001106353867684], [92.83141225931607, 56.001729215684854], [92.83100805796364, 56.002713206268616], [92.83100797891836, 56.003208801105], [92.83175901714759, 56.004186198273295], [92.82890555398407, 56.004892523792684]], [[92.85728416095264, 56.01945434244244], [92.8572818780692, 56.019029789242715], [92.85843269988519, 56.019042521607226]], [[92.85696360105838, 56.01949950685852], [92.85696056467592, 56.018932687471306]], [[92.83403091138226, 56.012064630376045], [92.83514617630641, 56.01201870406497], [92.83578128923155, 56.01196647109382], [92.83614057457015, 56.011929765851214], [92.83638293976824, 56.011827160615226], [92.83641184193924, 56.011665084504536], [92.83648958108974, 56.01147963164911], [92.8366805389448, 56.01041271340234], [92.8364641567145, 56.010401110136094], [92.8364853358909, 56.01028321227813], [92.83462221886705, 56.01018256158566], [92.83465155178615, 56.009958604484865], [92.83649991235248, 56.01005842685976], [92.83666689292329, 56.009049227096284], [92.83397607089795, 56.00888917840005], [92.83393314839026, 56.009141139097515], [92.83353853014175, 56.009123632306064], [92.8339572686341, 56.006769179709345], [92.83183249127097, 56.006128620377346], [92.83112473788668, 56.00628051712526], [92.83134933337296, 56.00660900545066], [92.83149759265751, 56.00657714441866], [92.83203915835385, 56.007302324207075], [92.83214186064812, 56.007277854934244], [92.83229025932201, 56.007473312799355], [92.83122380125657, 56.00771552397398], [92.83095139718262, 56.007357600735446], [92.83059174779625, 56.00744943626308]], [[92.83191342040814, 56.03434055903939], [92.83188749865387, 56.033218120904685]], [[92.83037009131787, 56.022877659692654], [92.83076704345581, 56.0233833184368], [92.83164596312345, 56.023661058036865], [92.83253241131202, 56.0237585450246], [92.8334334818501, 56.023925022473826], [92.83533652728033, 56.02218428867337], [92.83653307949565, 56.02095884170663], [92.83718528644845, 56.02007979674975], [92.8375369677546, 56.01950374446954], [92.83810655511091, 56.016054018813286], [92.83682463308259, 56.01293084230396], [92.83623138832108, 56.012633400210326], [92.83446850587974, 56.01257455408753]], [[92.85389882025206, 56.02057125771693], [92.85037642941013, 56.02149687964887], [92.85005045743736, 56.02160794296367], [92.8494564894222, 56.02184836999373], [92.84908976049792, 56.0220051861288], [92.84892791571784, 56.022096059368934]], [[92.81905464147682, 55.998692956465334], [92.81769561161636, 55.99826990549217], [92.817622563706, 55.99809232437791]], [[92.81296676925372, 55.99736099882502], [92.81330413913113, 55.99755820342782], [92.81373820205332, 55.997745314337244], [92.81385719471876, 55.997796508540866], [92.81526170860083, 55.9982141015442], [92.81811187828876, 55.99901059011967]]]}}, {"type": "Feature", "properties": {"name": "Ља б­лҐ «Ё­ЁЁ", "source": "Џа®ҐЄв Ї« ­Ёа®ўЄЁ Ё ¬Ґ¦Ґў ­Ёп вҐааЁв®аЁЁ ь667-Ї", "status": "‘гйҐбвўгойЁ©"}, "geometry": {"type": "MultiLineString", "coordinates": [[[92.82028307676526, 55.981361463315736], [92.81894964938267, 55.98155189534918], [92.81668519541515, 55.9816589315782], [92.8156706589082, 55.98478844412139], [92.81561811852752, 55.984887430991286], [92.81552829011397, 55.98497756023441], [92.8154056795549, 55.98505461723276], [92.81525623267042, 55.985114838587606], [92.81508685244152, 55.98515536048923], [92.81490587919815, 55.985174309270676], [92.81472180928698, 55.98517070968793], [92.81454345392955, 55.985144754608676], [92.81362108313277, 55.98494765801563], [92.81416993690029, 55.9841541666564], [92.81423440517186, 55.984007237394756], [92.81462123544497, 55.98311919443458], [92.81467986418234, 55.98298662646748], [92.81433718782846, 55.98291883985075], [92.81596354828596, 55.98033138497546], [92.81619765201621, 55.97700859334754], [92.8205414752485, 55.97714127196864]], [[92.80590620031073, 55.98407012275534], [92.8097666244705, 55.98459409956479], [92.81088469353595, 55.98250439770254], [92.81002926835488, 55.98121666844653], [92.80665504003899, 55.98088800109347], [92.8064990690413, 55.981389101510025], [92.80666914123515, 55.981625850124175], [92.80595472252148, 55.98391446068021], [92.80590620031073, 55.98407012275534]], [[92.81015161954492, 55.980865232761786], [92.80676365701784, 55.98053394256559], [92.80771890537025, 55.977466380294345], [92.8126534527917, 55.977942180976065], [92.81185806471255, 55.98036533579], [92.81176039088636, 55.980652862867814], [92.81089522873383, 55.9809363410641], [92.81015161954492, 55.980865232761786]]]}}, {"type": "Feature", "properties": {"name": "Ља б­лҐ «Ё­ЁЁ «Ё­Ґ©­лҐ (ЏЏЁЊ)", "source": "ЏЏЁЊ’ Ља б­®пабЄ п вҐе­®«®ЈЁзҐбЄ п ¤®«Ё­ ", "status": "Џ« ­ЁагҐ¬л©"}, "geometry": {"type": "LineString", "coordinates": [[92.9690393048191, 56.08740998758465], [92.96935299720961, 56.08745443338598], [92.97065220712308, 56.08750522381578], [92.97146035986239, 56.08753675792315], [92.9739792796407, 56.08763512059016], [92.97491144867097, 56.08767150807458], [92.97588361788385, 56.08770942315866], [92.97616578785247, 56.08783036603534], [92.97799696465893, 56.08861504142804], [92.97864982724957, 56.088894743375846], [92.97889683831383, 56.08871246578722], [92.97959417851126, 56.0890476746578], [92.98095821865842, 56.08970334650416], [92.98212277264508, 56.090367237270335], [92.9821791386789, 56.09041601377181], [92.98229203186683, 56.090513476906665], [92.98399245255393, 56.09147677166753], [92.98404401098652, 56.09150596749704], [92.98579608021453, 56.092498433075555], [92.98586463746882, 56.09262013725208], [92.98605425603932, 56.09295641782794], [92.98631243795919, 56.09341449181939], [92.9863222339965, 56.09342706669147], [92.98633122707044, 56.09343865353352], [92.98635146583432, 56.093452486937274], [92.98637170461272, 56.09346632033769], [92.98636913436863, 56.09346524230087], [92.98622263117369, 56.09340244692293], [92.98589251881258, 56.09326095455105], [92.9857216002578, 56.0931877375042], [92.98559389367989, 56.09313302669825], [92.98475200319335, 56.092772237537396], [92.98504625691008, 56.092557710802005], [92.98504673903007, 56.09255735160928], [92.98504689975994, 56.0925571720032], [92.98510893205211, 56.092512003672525], [92.98518060655121, 56.09245965144567], [92.98519314150026, 56.09245058185877], [92.98216409678085, 56.09098291001287], [92.9820713731414, 56.09103983790025], [92.98020414714057, 56.09218565371286], [92.9784295448169, 56.09327469563355], [92.97856928433288, 56.09334225916175], [92.99126063947342, 56.099461043456415], [92.99210867116022, 56.099876304526276], [92.99182323906328, 56.10009021972884], [92.99167714425244, 56.10021127744036], [92.99146786318757, 56.1004821381439], [92.99148997883299, 56.10075427201854], [92.99219905117174, 56.101905357709335], [92.99231841208153, 56.10209918085902], [92.99249901506381, 56.102221696391624], [92.99291919461284, 56.1025066068593], [92.99303167202861, 56.102582864177464], [92.99308322626538, 56.1027563850691], [92.99311342031166, 56.102857605583736], [92.99330823964306, 56.10351252990744], [92.99331642725637, 56.103560939349414], [92.99334821474231, 56.1037483799861], [92.99336105820035, 56.10382445195763]]}}, {"type": "Feature", "properties": {"name": "Ља б­лҐ «Ё­ЁЁ «Ё­Ґ©­лҐ (ЏЏЁЊ)", "source": "ЏЏЁЊ’ Ља б­®пабЄ п вҐе­®«®ЈЁзҐбЄ п ¤®«Ё­ ", "status": "Џ« ­ЁагҐ¬л©"}, "geometry": {"type": "LineString", "coordinates": [[92.96814924957894, 56.08793992647893], [92.96728167121812, 56.08845657257265], [92.96753365863795, 56.08853001616978], [92.97080369556977, 56.08983392692524], [92.97211662241905, 56.09035747981213], [92.97324761503315, 56.09080841066748], [92.9758935419951, 56.08905248628118], [92.976329872601, 56.08876292430881], [92.97644092292906, 56.0886892092089], [92.97561541425752, 56.08836886619764], [92.97349655547782, 56.088339330256645], [92.9706208387895, 56.08819578734185], [92.97052799499761, 56.08818615524407], [92.96971039320509, 56.08810153333185], [92.96814924957894, 56.08793992647893]]}}, {"type": "Feature", "properties": {"name": "Ља б­лҐ «Ё­ЁЁ «Ё­Ґ©­лҐ (ЏЏЁЊ)", "source": "ЏҐаў п «Ё­Ёп ¬Ґва®Ї®«ЁвҐ­  ў Ј. Ља б­®пабЄҐ. ЏҐаўл© нв Ї 02.11.2022", "status": null}, "geometry": {"type": "LineString", "coordinates": [[92.77729270931424, 56.028299310188906], [92.77740450128798, 56.02819434176226], [92.777438965758, 56.028163358802466], [92.77757173155376, 56.02804401802106], [92.777882537966, 56.027764635065864], [92.77802187287458, 56.027660791186705], [92.77802203295755, 56.02766070157302], [92.77806278662047, 56.02763032836592], [92.77806294768216, 56.02763023875396], [92.77806310925958, 56.02763005924123], [92.77814485326954, 56.027555660763255], [92.77840637058453, 56.027317674724515], [92.77850400391122, 56.027269350269144], [92.77858841826755, 56.02723267827119], [92.77858857932635, 56.02723258865852], [92.77813701578978, 56.02718830726289], [92.7781156968029, 56.027186203378456], [92.77803315807753, 56.02717811341435], [92.77657266120099, 56.02703495594961], [92.77641412660712, 56.027019400816194], [92.77584667339741, 56.0269637641149], [92.77528526790199, 56.02692545011757]]}}, {"type": "Feature", "properties": {"name": "Ља б­лҐ «Ё­ЁЁ", "source": "Џа®ҐЄв Ї« ­Ёа®ўЄЁ Ё ¬Ґ¦Ґў ­Ёп вҐааЁв®аЁЁ ь667-Ї", "status": "‘гйҐбвўгойЁ©"}, "geometry": {"type": "MultiLineString", "coordinates": [[[92.72405623216079, 56.00977092020917], [92.724122591129, 56.01002012390883], [92.7241759807407, 56.0100196146063], [92.72427650636811, 56.01001876158199], [92.72560835483051, 56.00984847958051], [92.7259212180537, 56.00972343503587], [92.72590378792499, 56.009603943186946], [92.72600788765634, 56.009596270802504], [92.72600959376912, 56.0095817246635], [92.7260413651616, 56.00957766377149], [92.72603911616682, 56.009555654254406], [92.72639951205977, 56.00953229411747], [92.72699146496953, 56.009295687443945], [92.72729998776042, 56.00828344330727], [92.72741659689154, 56.00825172713616], [92.72992835301716, 56.0075386474166], [92.7306354916368, 56.007558785304674], [92.73098152779765, 56.007568701576616], [92.73587849619389, 56.008573619739614], [92.73637997796806, 56.007722354196275], [92.73638014010902, 56.00772208509969], [92.73638273436408, 56.00771777955431], [92.73616989537125, 56.00766325622789], [92.73633180665873, 56.007263120134084], [92.73633180727036, 56.00726303032101], [92.73638553232362, 56.00721266947364], [92.7364282856387, 56.00717270362603], [92.73658967925542, 56.00715427719538], [92.7366167907952, 56.00715137121678], [92.7367107378511, 56.0070795406578], [92.73699861152957, 56.00680164041425], [92.73701166985232, 56.006790800716864], [92.73733027436822, 56.0067555538714], [92.73741369555732, 56.00674630098577], [92.73741594039907, 56.00674621595044], [92.73818815083648, 56.00669540588975], [92.73963896895347, 56.006662191909065], [92.74014651939058, 56.00672981469585], [92.74080187402214, 56.006629613568435], [92.74077905367481, 56.006614207351824], [92.74075928749802, 56.00659755014892], [92.74074273398729, 56.00657991173745], [92.74072590860393, 56.00655499778746], [92.74071550251873, 56.006529019556986], [92.7407115127123, 56.00650242611322], [92.74071409526267, 56.00647584648559], [92.74072047872629, 56.00645619055512], [92.74073443542594, 56.00643071260867], [92.74075447572608, 56.00640641503445], [92.7407801193158, 56.00638320700565], [92.74081119867174, 56.00636216593938], [92.74084690988217, 56.00634364939998], [92.74088676964135, 56.00632801562567], [92.74091889527628, 56.00631829334239], [92.74086150184401, 56.00629509047722], [92.74061879742999, 56.00620027521887], [92.7402765947457, 56.00624167805716], [92.73963502187883, 56.00631945189048], [92.73899931428281, 56.00635906368571], [92.73793987765909, 56.00642920768958], [92.73742591261744, 56.00648128473694], [92.7374190147916, 56.006481988567614], [92.73681094582318, 56.00665259730461], [92.73679449007749, 56.00671516281865], [92.73678976438322, 56.006726469347065], [92.73646440524774, 56.00671778112919], [92.73627643937762, 56.00680144564317], [92.73627627846332, 56.00680153511351], [92.73627627785157, 56.00680162492659], [92.73617195737228, 56.0069372011844], [92.73612373959396, 56.0070027523542], [92.73600722490094, 56.00697519945828], [92.7357729160407, 56.006919731336886], [92.7355927525992, 56.00750367763667], [92.7347381265344, 56.00762434946697], [92.73346937471548, 56.00756494151151], [92.73007791665991, 56.00724025212594], [92.72885326812242, 56.00757005896105], [92.72853091695589, 56.007657457840615], [92.72771644836784, 56.00787705507232], [92.7272169371838, 56.0080117507558], [92.72701699346827, 56.00806250261403], [92.72648104785378, 56.00920114970989], [92.72621332368696, 56.00931426075193], [92.7259177712392, 56.00934979957181], [92.72513469495247, 56.00963420567284], [92.72502574214522, 56.00964797387958], [92.72458992886624, 56.00970322536904], [92.72452606493749, 56.00971134568039], [92.72405623216079, 56.00977092020917]], [[92.72249706229898, 56.01213106695983], [92.72251283781445, 56.01209984705557], [92.72266412339188, 56.01195199361213], [92.72273240234347, 56.0119100241768], [92.72287990614184, 56.011819912593616], [92.72308818379324, 56.01172823080718], [92.72327545345755, 56.01159231287983], [92.72347658696144, 56.01149046538745], [92.72379293979444, 56.011261159605255], [92.72399724087073, 56.01105190038198], [92.72404179429145, 56.01087425744488], [92.7239877437315, 56.010697471658425], [92.72383631933101, 56.01043918586978], [92.72398784085784, 56.01041401773424], [92.72407178861197, 56.01039992506679], [92.72412490035526, 56.010393487415826], [92.72420867042258, 56.01038181924582], [92.72421385084144, 56.01039727889981], [92.72423250954284, 56.01045614902688], [92.72423642407443, 56.010469270676055], [92.72445154131559, 56.010811674696306], [92.72461149826474, 56.01106575748227], [92.72439489955045, 56.011223796059625], [92.72439473859032, 56.01122388551434], [92.72439851177167, 56.01127939921644], [92.72442555230359, 56.01128700403578], [92.72451739118681, 56.01131325533921], [92.7245106675014, 56.01140197690413], [92.72448879347282, 56.011411807627994], [92.72432912607157, 56.01140965461129], [92.72413290795649, 56.01140706039228], [92.72404796665958, 56.01142528233927], [92.72404780825876, 56.01142501254183], [92.72382682770046, 56.01156741261753], [92.72356805553545, 56.01170326097708], [92.72342399865407, 56.01182733093533], [92.72314042523449, 56.01222484179081]], [[92.73672334140808, 55.997917415929486], [92.73651143565202, 55.99789846158455], [92.73629308212756, 55.99786144037008], [92.73624732204533, 55.997873736917704], [92.73624716116812, 55.99787382638816], [92.73598062866506, 55.99794537714086], [92.73598030813328, 55.99794537645466], [92.7359150977508, 55.998013136610275]], [[92.75479451482613, 56.00045079312418], [92.75423604836932, 56.000232330595495], [92.7539487754695, 56.00014014708162]], [[92.7359150977508, 55.998013136610275], [92.73563699253786, 55.99830066574892]], [[92.73672334079757, 55.99791750574269], [92.73672334140808, 55.997917415929486], [92.7374341778096, 55.997981352448065], [92.73829282601685, 55.99784935391001], [92.73920193973359, 55.99752884564668], [92.73962170936767, 55.997381089593254], [92.73974692548065, 55.99708766042208], [92.7397454831192, 55.99708765737828], [92.73974660555936, 55.99708756993243], [92.7397469266876, 55.997087480795585]], [[92.7539487754695, 56.00014014708162], [92.75365734536294, 56.00004660737553], [92.75355145834281, 56.000012625600256], [92.75280843761257, 55.99983339581985], [92.75210925491639, 55.99961724611736], [92.75139002411171, 55.99940446497267], [92.75067285525714, 55.99919626432358], [92.74732656614111, 55.99773796213553], [92.74731345955423, 55.997732546412465], [92.74670581813145, 55.99754691075303], [92.74608989546164, 55.99737858923647], [92.745456064137, 55.99725360807644], [92.74488767424084, 55.99716980427071], [92.7441151474797, 55.99708027539736], [92.74333133962628, 55.997049097634395], [92.74252746326734, 55.99702344149188], [92.7409310034802, 55.99698542975536], [92.74028023743703, 55.99697543878654], [92.73982200985613, 55.99745740558975], [92.73958403399696, 55.99754986133308], [92.73841799051523, 55.997992424526814], [92.73795764015948, 55.99816703461643], [92.73758915531714, 55.99819454269317], [92.73768689695125, 55.99850550882118]], [[92.73563683227052, 55.99830066540537], [92.73593783223265, 55.998369210026866], [92.73760061536107, 55.99875033924106], [92.73944374225074, 55.99975028967452], [92.74058559762148, 56.000460434805916], [92.74141761684392, 56.00091457751076], [92.74140022283086, 56.00092711506523], [92.741395819749, 56.000938422454865], [92.73801643581123, 56.000634543239165], [92.73712263799571, 56.00057551937621], [92.73728587379645, 56.00075396930293], [92.73769631534958, 56.00075915400988], [92.7378139318246, 56.00081077797897], [92.73781763997529, 56.000878595787405], [92.73781850641802, 56.000987362951925], [92.73784304171407, 56.00105657224732], [92.73806827383325, 56.00112216628481], [92.73813749976173, 56.001148179852045], [92.73851525890682, 56.001222988456206], [92.73895487904026, 56.001299184252666], [92.73915696462069, 56.00132745430097], [92.73935112251014, 56.0013905552739], [92.73972566087683, 56.00151600870893], [92.74006550745473, 56.00162845460945], [92.74018411914116, 56.0016520562925], [92.74039215739509, 56.00172524407762], [92.74040237748623, 56.00173092390007], [92.74060008118018, 56.00183956628703], [92.74065804583348, 56.00187220101667], [92.74067449114398, 56.0019296270282], [92.7406095770176, 56.001953381164206], [92.7405597847359, 56.00196890414744], [92.74032427608986, 56.00200029264693], [92.7402422782727, 56.002037931858844], [92.73996656653811, 56.00201723243136], [92.73929247989443, 56.00193506618124], [92.73865311282175, 56.00183877913489], [92.73860972003955, 56.001832220536606], [92.7385311040475, 56.001819839129624], [92.73846016889902, 56.00180936006406], [92.73845984044972, 56.00181052695546], [92.73837161795353, 56.00179659822915], [92.73821727017481, 56.001772020811735], [92.73817244472203, 56.00176402198716], [92.73811768728974, 56.00175519372735], [92.73785160556723, 56.00170936196669], [92.73759622719062, 56.00164523025394], [92.73748092212945, 56.00163061456452], [92.73745019165489, 56.00167141472942], [92.7376065272676, 56.001710008392976], [92.73777333474406, 56.00176443146747], [92.73792566461626, 56.00180292639377], [92.73809421243371, 56.00183714447808], [92.73832730935183, 56.00187814556899], [92.7385362872047, 56.00190679050931], [92.7392798013854, 56.002008866858674], [92.73969199487279, 56.00206542247536], [92.73985927399517, 56.00209801880522], [92.74001378500719, 56.00212250469337], [92.74013087670644, 56.00213397826972], [92.74016837877403, 56.002134685982895], [92.74016479832115, 56.00211887109735], [92.74041975759906, 56.0021031515545], [92.74042563464081, 56.00213504805174], [92.7404358939748, 56.00213489001458], [92.74048345657893, 56.002141187300005], [92.74059174095953, 56.00217536496058], [92.74072903472556, 56.00218598231321], [92.74088962256432, 56.00218874478195], [92.74100306134102, 56.0021712896047], [92.74101945109568, 56.00216521663918], [92.74101961137912, 56.00216521697575], [92.74110429089572, 56.00213395970313], [92.74111888696406, 56.00206052212636], [92.74110536325625, 56.00199753381337], [92.74105958318168, 56.00194040553365], [92.74099552565964, 56.00188404718459], [92.74088904363734, 56.001796164622824], [92.7406825280837, 56.00168687547065], [92.74057307224096, 56.001636349191244], [92.74053584105071, 56.00161920612563], [92.74045769126813, 56.001608982474146], [92.7402503362038, 56.00152959903908], [92.74010216761332, 56.00146794362327], [92.73999189908248, 56.00141930121574], [92.73982695320849, 56.0013499758677], [92.73959209093287, 56.00128571193331], [92.73927655797918, 56.0011812197905], [92.73896986492711, 56.00109713342979], [92.73874190425985, 56.00103189451809], [92.73860883039976, 56.00096667669414], [92.73859804240803, 56.00095021778212], [92.73866447125567, 56.00096320202814], [92.73920233536218, 56.00106403461769], [92.73972821481387, 56.00113600912375], [92.73992176928458, 56.001145758137426], [92.74036286263477, 56.00119375028047], [92.7410827517951, 56.001208107136634], [92.74111173956051, 56.00121158093759], [92.74148601291401, 56.001257273233996], [92.74168643443492, 56.00129496616566], [92.74199943077471, 56.001372322861876], [92.74218051212809, 56.001426141130736], [92.74235243721763, 56.00150715378346], [92.74263780432783, 56.00149760056105], [92.7431160620703, 56.001332440892384], [92.74328034083784, 56.00123731018965], [92.74310306681187, 56.00118933940457], [92.74305205513869, 56.00109905942872], [92.74200724587794, 56.00070447890868], [92.74200580697149, 56.00070393701191], [92.74093336283961, 56.00029860161089], [92.73971946889093, 55.99967093699552], [92.73968531050784, 55.99965002794169], [92.73967860681255, 55.999645882325716], [92.73934290377036, 55.999444437902554], [92.73825122353811, 55.99878800684421], [92.73804626803334, 55.99866479526018], [92.73768689695125, 55.99850550882118]]]}}, {"type": "Feature", "properties": {"name": null, "source": "Њ аЁЁ­бЄ п ЈЁ¬­ §Ёп ­  525 гз йЁебп б Ё­вҐа­ в®¬ ­  150 ¬Ґбв ў Ј. Ља б­®пабЄҐ", "status": "Џ« ­ЁагҐ¬л©"}, "geometry": {"type": "LineString", "coordinates": [[92.92927969902999, 56.04945797900683], [92.93003348564227, 56.049454277215446], [92.93021498814818, 56.04945518829733], [92.9302150127933, 56.04944153666974], [92.930211658835, 56.04925481264676], [92.93125624064103, 56.049246058300305], [92.93126390324284, 56.049449310364544], [92.93194210725717, 56.049443129835936], [92.93226531913498, 56.049441421562435], [92.93226803092685, 56.04908441465668], [92.93314119175724, 56.04908938143154], [92.93421481950287, 56.04907810300108], [92.93461617198071, 56.04908217825801], [92.93514977603243, 56.049076532108224], [92.93515438300167, 56.04881751258199], [92.93530010123614, 56.04881525390938], [92.93528399693643, 56.04836968098889], [92.93610051371603, 56.04836256211531], [92.93609572098865, 56.04815536001711], [92.9368822137547, 56.04815459717766], [92.93687022906654, 56.04714068697642], [92.93689173501673, 56.047138991519645], [92.93689202040214, 56.04706247059676], [92.93556071979512, 56.04708145180388], [92.93552215174084, 56.04605603127589], [92.93545988429788, 56.04605977089415], [92.93527324010832, 56.04607233684554], [92.93529870573926, 56.04619728074445], [92.93519102906517, 56.04619902051568], [92.93519396879644, 56.04626413682872], [92.93516832700878, 56.04634010556009], [92.93511232230318, 56.046340884448135], [92.93505768139423, 56.04638953460955], [92.93504805314814, 56.04638961935609], [92.93504865986353, 56.046410546214496], [92.9345407096271, 56.04654517767394], [92.93386174821232, 56.046555054416714], [92.9336234514776, 56.046648601931416], [92.93306558111848, 56.046693925869526], [92.9330086044819, 56.04669964301671], [92.93295114937933, 56.04670365342174], [92.93289080316227, 56.046709189056905], [92.93286881742712, 56.0467099854209], [92.93286014895044, 56.04671177697475], [92.93285436159405, 56.04671779132861], [92.93282170479677, 56.04676465618758], [92.9322595677507, 56.04677081548726], [92.93223587993167, 56.046460946007066], [92.9322191918333, 56.046460577588896], [92.93221943731969, 56.0463205585168], [92.93223195397783, 56.046320475577055], [92.93223122594777, 56.04627808321664], [92.93099707933152, 56.04636110550936], [92.93030778877466, 56.046405086044736], [92.93031578729033, 56.04686403740513], [92.93026251118155, 56.04686400731194], [92.93026132227376, 56.04690038109499], [92.93027049989252, 56.0470612422007], [92.93029562093568, 56.04745769301826], [92.93030814931909, 56.04754032847654], [92.93032168094234, 56.0479567112992], [92.93032877022344, 56.04803000307867], [92.93036108363648, 56.04862144286815], [92.93037601502311, 56.04879577918313], [92.93038266784535, 56.04911156698516], [92.92928383687214, 56.04912603092517], [92.92927969902999, 56.04945797900683]]}}, {"type": "Feature", "properties": {"name": "Ља б­лҐ «Ё­ЁЁ «Ё­Ґ©­лҐ (ЏЏЁЊ)", "source": "ЏЏЁЊ’ Ља б­®пабЄ п вҐе­®«®ЈЁзҐбЄ п ¤®«Ё­ ", "status": "Џ« ­ЁагҐ¬л©"}, "geometry": {"type": "LineString", "coordinates": [[92.99236338067048, 56.1038613072853], [92.99214046303447, 56.10315374952868], [92.99200106331715, 56.10271150322678], [92.99197825855101, 56.10263938220896], [92.99184138600815, 56.10242292480946], [92.99139222344597, 56.10171292544243], [92.99041154508213, 56.10016250720791], [92.98974513905674, 56.09962025460232], [92.98145167598642, 56.095833861855546], [92.97984403491618, 56.09509975009724], [92.97217565143896, 56.09159735884825], [92.96813903959024, 56.08941078866479], [92.96586274638936, 56.088415144005005], [92.96476567339816, 56.08810884349586]]}}, {"type": "Feature", "properties": {"name": "Ља б­лҐ «Ё­ЁЁ «Ё­Ґ©­лҐ (ЏЏЁЊ)", "source": "ЏЏЁЊ’ Ља б­®пабЄ п вҐе­®«®ЈЁзҐбЄ п ¤®«Ё­ ", "status": "Џ« ­ЁагҐ¬л©"}, "geometry": {"type": "LineString", "coordinates": [[92.9780611697103, 56.08927266238967], [92.97690094576151, 56.08879294012443], [92.97538493835043, 56.08980726272656], [92.9751653980598, 56.08995334422335], [92.97513293304863, 56.089974802953044], [92.97371825533689, 56.090915568587505], [92.97363950032046, 56.090966565472826], [92.975135524615, 56.091687533621155], [92.97823439185935, 56.09318089686445], [92.97851275398104, 56.09301200779303], [92.98014125220374, 56.09202380098029], [92.98014302004289, 56.092022633698356], [92.98014382356409, 56.09202218476364], [92.98157249689392, 56.09113559472046], [92.98197039242255, 56.090888668257534], [92.97826739198435, 56.08935784141178], [92.97824362175554, 56.08934804762846], [92.9780611697103, 56.08927266238967]]}}, {"type": "Feature", "properties": {"name": "Ља б­лҐ «Ё­ЁЁ", "source": "ЏЏЁЊ’ Џ®«ЁЄ«Ё­ЁЄ  ў ‘ўҐа¤«®ўбЄ®¬ а ©®­Ґ Ј. Ља б­®пабЄ  б Ё­¦Ґ­Ґа­л¬Ё бҐвп¬Ё 11.04.2022", "status": "Џ« ­ЁагҐ¬л©"}, "geometry": {"type": "LineString", "coordinates": [[92.84117944057871, 55.98402647597985], [92.84149153551174, 55.9840643302215], [92.84198090191131, 55.98412234979858], [92.84256820008078, 55.984170163841675], [92.84408989213281, 55.984048332952554], [92.84408973445277, 55.984047704051754], [92.8440787380594, 55.98399344219479], [92.84407397491903, 55.9839030827932], [92.84406343350092, 55.98369595724013], [92.84377473877706, 55.98365580397917], [92.84343752856472, 55.98360894217627], [92.84280217931314, 55.98352065448888], [92.84264670516421, 55.983498990512196], [92.84184387771681, 55.98338731189876], [92.84162323723064, 55.98335658157589], [92.84137352902437, 55.98373446944955], [92.84131513903019, 55.98383076527498], [92.8413144981958, 55.98383076445025], [92.84122457667804, 55.98395881397947], [92.84117944057871, 55.98402647597985]]}}, {"type": "Feature", "properties": {"name": "Ља б­лҐ «Ё­ЁЁ «Ё­Ґ©­лҐ (ЏЏЁЊ)", "source": "ЏҐаў п «Ё­Ёп ¬Ґва®Ї®«ЁвҐ­  ў Ј. Ља б­®пабЄҐ. ЏҐаўл© нв Ї 02.11.2022", "status": null}, "geometry": {"type": "MultiLineString", "coordinates": [[[92.8301903486659, 56.00461631458141], [92.8300370086166, 56.00465527320098], [92.83001437400935, 56.00462632154711], [92.82992130948581, 56.00464756907737], [92.82992816219418, 56.00465664984976], [92.8297070442221, 56.00470897575024], [92.8297003476608, 56.00470088355414], [92.8295318561974, 56.00474196511445], [92.82966453276231, 56.004935248965204], [92.82973015915559, 56.0049203407601], [92.82980887162876, 56.00491892216064], [92.82990323773262, 56.004929830150395], [92.83010566170353, 56.005192636438785], [92.83013014346555, 56.005202729305445], [92.83031147735718, 56.00526728564043], [92.83096695616416, 56.005116040408026], [92.83124915255179, 56.005503795509895], [92.83149964679977, 56.00584767726337], [92.83145929432814, 56.00591138998631], [92.8314592939368, 56.005911479887665], [92.83189192304827, 56.00587973740705], [92.8327782580657, 56.0056865842104], [92.83277809897686, 56.0056864940928], [92.83238030335724, 56.0051699933973]], [[92.81649865753944, 56.00717628009367], [92.81628213017736, 56.00717001931178], [92.81619365304768, 56.00716746233666], [92.81400625910551, 56.00710427737951], [92.81394216167378, 56.00779970189087], [92.81394089040127, 56.00786409659675], [92.81513464778575, 56.007910888532166], [92.8151075460848, 56.00820154569586], [92.81507500390097, 56.008550545396226], [92.81516622370268, 56.00855005335726], [92.81516560776399, 56.00861184463435], [92.81590880934093, 56.008612866179305], [92.81621399698143, 56.00848758143522], [92.8162216510232, 56.008120156133174], [92.81622437861306, 56.007989128184484], [92.8163951174023, 56.007994697630174], [92.81665714733342, 56.008003244347094], [92.81707629271779, 56.00801687886314]], [[92.83688681503513, 56.00778613208358], [92.83688984394846, 56.00776670741937], [92.83688984470363, 56.00776652816483], [92.83690665206676, 56.007658144639194], [92.83690569102045, 56.007657963564725], [92.83689896709592, 56.007655889123605], [92.83689496471527, 56.00765462630136], [92.83617037907707, 56.00742571763987], [92.8361700595105, 56.00742562731354], [92.83616989942819, 56.00742553719905], [92.83616989904777, 56.00742562710041], [92.8361446777283, 56.007570622305025]], [[92.84127248348162, 56.0084074923352], [92.83929397096966, 56.008311981781326], [92.83855517366477, 56.00810174960339], [92.83817985381546, 56.007994918139566], [92.83816288104748, 56.00799013545839], [92.8381628799201, 56.007990405162474], [92.8381600907514, 56.00800575937141], [92.83813523182556, 56.00814861424065]], [[92.84144316437745, 56.008992110556584], [92.84154263330828, 56.00845541420219]], [[92.84852373969092, 56.00894187394342], [92.84851151159224, 56.009009916253305], [92.84851167073137, 56.00901000635058], [92.84889013676487, 56.009019003031675], [92.84889478443527, 56.00901927788262], [92.84887986544712, 56.009104044152394], [92.8488798650962, 56.00910413405378], [92.84888018505727, 56.00910413444578], [92.8500954404638, 56.00916749939106], [92.85464571189905, 56.009404485888645], [92.85524629571968, 56.00943572917278], [92.85526905673798, 56.009436923508765], [92.85546524415402, 56.00944721268536], [92.85548736330088, 56.00944840622894], [92.85548736397206, 56.0094482264261], [92.85548752813064, 56.0094472387949], [92.8554968492503, 56.00939794186169], [92.85547265130285, 56.009395578256914], [92.85547273814385, 56.009372316265335], [92.85549693507006, 56.00937494957435], [92.85550075745437, 56.009347572921044]], [[92.8522731153833, 56.00974265543693], [92.85227303857994, 56.009742781426766], [92.85226461074514, 56.0098086945753], [92.85220340832043, 56.0099243917624], [92.85209328424915, 56.00992075688126], [92.85160200734227, 56.00989591690026], [92.85163733846761, 56.00971246925983], [92.8516373394991, 56.00971220010382], [92.85082772947278, 56.00967359152301], [92.85055827451568, 56.00966077010595]], [[92.8528754666577, 56.009771357850575], [92.85287556001018, 56.00977125380739], [92.85287556035183, 56.00977116390598], [92.8528755026271, 56.00977116219258]], [[92.85434440368952, 56.01031785238122], [92.85434440972143, 56.01031780963017], [92.85368898072451, 56.0102872155914], [92.85372974132393, 56.01006479425198], [92.85288521069452, 56.010016188536426], [92.85285607955488, 56.009877211096814]], [[92.87534995789011, 56.01024472401375], [92.87426749865405, 56.01019144344403], [92.87425264176306, 56.01027405734626], [92.87423076069817, 56.0103965410004], [92.8742307604061, 56.01039663090185], [92.87423076011403, 56.01039672080333], [92.87429460639906, 56.010433969037656], [92.8744978979701, 56.010481418326414], [92.87531828836755, 56.01052033137478], [92.87534995789011, 56.01024472401375]], [[92.86836294511582, 56.01048768018539], [92.86838368423035, 56.01037068144971], [92.86838597313735, 56.0103573915853], [92.8683895186679, 56.010352096645285], [92.86805915843566, 56.01033531087935], [92.86805900092047, 56.01033530358449], [92.86780140996257, 56.01032218827447], [92.86762108248023, 56.01031301347175], [92.86714966707432, 56.01028906530674], [92.86714966676767, 56.01028915465999], [92.86714966645917, 56.01028924456145], [92.86714966615065, 56.01028933446291], [92.8671338737839, 56.010414559402385]], [[92.87105077672116, 56.01069400922695], [92.87111267220925, 56.01069716346738], [92.87111267190993, 56.01069725336884], [92.87111315333954, 56.010697253871875], [92.87122167704558, 56.01070104935411], [92.87122167734465, 56.01070095945266], [92.87122641807213, 56.01067366112511], [92.87119379915136, 56.010647491417444], [92.8710291125299, 56.010514483988786], [92.87096653501955, 56.01048235485764], [92.87034924835808, 56.01045117442037], [92.87034909084198, 56.01045116712844], [92.86942307955675, 56.01040438867319], [92.86937544258292, 56.01050591792215], [92.86990472111509, 56.01053494873226], [92.86990333985317, 56.01054531174383]], [[92.87212450804317, 56.01077821379615], [92.87212581838118, 56.0107698893739], [92.87214547012024, 56.01064452967041], [92.87214874463757, 56.01062396529404], [92.87215354936164, 56.01057708759793], [92.87210497980486, 56.01057470199511], [92.87204294574863, 56.01057176354408], [92.87199549796443, 56.010569558865335], [92.87172720661584, 56.01068945141469], [92.87164066528443, 56.01072816112864], [92.8716383803656, 56.010740283429534], [92.87163838006752, 56.01074037333099], [92.87162930245918, 56.01078696095686]], [[92.88148373488255, 56.01239322450085], [92.88170672139307, 56.01240580222243], [92.88172275190823, 56.01240653625999], [92.88175967869888, 56.01212724972064], [92.88175951766716, 56.01212742936976], [92.88127651553539, 56.01210738604831], [92.8812736879633, 56.01224730441231]], [[92.88466074213962, 56.01730513748856], [92.88441750340995, 56.0173579309742], [92.88298002850418, 56.01766086546454], [92.88249193442277, 56.01776350773049], [92.8824479664637, 56.01776350147314]], [[92.79407250483044, 56.01802965586631], [92.79410476101978, 56.01804768293904], [92.79410492200444, 56.018047593305944], [92.79485015183734, 56.017609284700946], [92.79480104772581, 56.017583081625595]], [[92.88323930699337, 56.018270180543894], [92.88418957384475, 56.01821785451645]], [[92.88421360972225, 56.018271581797336], [92.8834846342715, 56.0183046798226], [92.8832593090399, 56.01831490690243]], [[92.88335426753588, 56.01852727039542], [92.88424472546582, 56.01845789980355], [92.88429521636546, 56.018453978889745]], [[92.88553209873008, 56.02182205121015], [92.88540686478903, 56.021739886593636], [92.88540597258388, 56.021716264670594], [92.88539154193839, 56.021715353346075], [92.88537550802977, 56.02171443998208], [92.88536225991237, 56.022343214703966], [92.88536225964603, 56.0223433046053], [92.88536257918436, 56.022343484705374], [92.88536273917823, 56.02234366410903], [92.88556389119604, 56.02248729266328]], [[92.88460240159415, 56.02281282913713], [92.88463166107275, 56.0228133378043], [92.88464333484579, 56.02255549345904], [92.884643174588, 56.02255540340763], [92.88459009275158, 56.02255524577111]], [[92.77228576811405, 56.026701219662606], [92.77213597933961, 56.02668384205168], [92.77181847054383, 56.02664688067993], [92.77181802152967, 56.02664682777227]], [[92.7730119062246, 56.0268683183985], [92.77303379205621, 56.02677171870744], [92.77303379258362, 56.026771628806706], [92.77303392759242, 56.02677147611252], [92.7730339443916, 56.026771449282535], [92.77303395468564, 56.02677136323703], [92.77303355350986, 56.026771331800894]], [[92.77514570000719, 56.02691580165731], [92.7751346757801, 56.02691504316544], [92.7751286480098, 56.026914622687976], [92.7751283045457, 56.02691459849019]], [[92.77718763574818, 56.02839775797339], [92.77740450370757, 56.028194431668304], [92.777882537966, 56.027764635065864], [92.77802187287458, 56.027660791186705], [92.77802203295755, 56.02766070157302], [92.77806278662047, 56.02763032836592], [92.77806294768216, 56.02763023875396], [92.77806310925958, 56.02763005924123], [92.77814485326954, 56.027555660763255], [92.77840637058453, 56.027317674724515], [92.77850400391122, 56.027269350269144], [92.77858841826755, 56.02723267827119], [92.77858857932635, 56.02723258865852], [92.77813701578978, 56.02718830726289], [92.7781156968029, 56.027186203378456], [92.77657266413775, 56.02703495595493], [92.77641412954388, 56.02701940082151], [92.7758466763342, 56.02696376412025], [92.77528591920588, 56.02692539593754]]]}}, {"type": "Feature", "properties": {"name": "Ља б­лҐ «Ё­ЁЁ «Ё­Ґ©­лҐ (ЏЏЁЊ)", "source": "ЏҐаў п «Ё­Ёп ¬Ґва®Ї®«ЁвҐ­  ў Ј. Ља б­®пабЄҐ. ЏҐаўл© нв Ї 02.11.2022", "status": null}, "geometry": {"type": "MultiLineString", "coordinates": [[[92.82183950023536, 56.00424614337658], [92.8206033085857, 56.00374393700803]], [[92.81997437475066, 56.00393217486349], [92.82113904602774, 56.00440536719708]], [[92.82883139644613, 56.004183865113056], [92.8288532587893, 56.004211750248615], [92.82885341963599, 56.00421166056988], [92.8288941581534, 56.00420041685855]], [[92.8189500447529, 56.005307493561716], [92.81892233803522, 56.00529114829608], [92.81893406965774, 56.00528469860981], [92.81862474907848, 56.005101921370084], [92.81861301830223, 56.005108191224465], [92.81805683307307, 56.004779530363834]], [[92.8174482390682, 56.00507271350121], [92.81834145212235, 56.00560068272898]], [[92.83238032882582, 56.00516998630553], [92.83277809897686, 56.0056864940928], [92.83189192050342, 56.00587964750167], [92.83145929432814, 56.00591138998631], [92.83141248689232, 56.00598416574182], [92.83140925879378, 56.00598919090218], [92.83139441093775, 56.00601225291876], [92.83093944664127, 56.00609246292428]], [[92.81763509291741, 56.00594096180532], [92.81575851469057, 56.005886676683915]], [[92.83152076845818, 56.006243186755505], [92.83157957625542, 56.00622931692712], [92.83164102694623, 56.00621673726202], [92.83192902576421, 56.00615767308958], [92.83192918583138, 56.006157763209586], [92.83192950615809, 56.00615767374418], [92.83240567502013, 56.00628768994574]], [[92.8150540614879, 56.00622600424806], [92.81693066493573, 56.00628029956107]], [[92.83260328378375, 56.00634162204746], [92.83280420420874, 56.006396421159685], [92.83316875411138, 56.006503164562176], [92.83370381380044, 56.00665998419618], [92.83367357451758, 56.00668374439837], [92.83367629553878, 56.00668464599009], [92.8339410984905, 56.006764039694566], [92.83393766358577, 56.00677993180599], [92.83393619135448, 56.00678693559247], [92.8339160192086, 56.006883886249504]], [[92.83531947775222, 56.00671810268272], [92.8352891740022, 56.006709170703914], [92.83527268292232, 56.006704302201996], [92.83467437684396, 56.006527915099774], [92.83445599825778, 56.00646349474382], [92.83445615910088, 56.006463405057794], [92.83445600548164, 56.00646340704435], [92.83446019248201, 56.00643723148036]], [[92.81559172840446, 56.006925265508755], [92.81402689062811, 56.00688013203309], [92.81404223381887, 56.00671338107812]], [[92.83430727688169, 56.007019011474114], [92.8343108699306, 56.00700065822753], [92.83431087031532, 56.00700056832618], [92.83431888322934, 56.00700111795285], [92.83433958015286, 56.0068846570366], [92.83433958092218, 56.00688447723388], [92.83471293145108, 56.00699679685985], [92.83479394293768, 56.007021155328026], [92.83502096449874, 56.00708953793491], [92.83503282421631, 56.007090182562294], [92.83616989589255, 56.00742544784067], [92.83616989942819, 56.00742553719905], [92.83617037907707, 56.00742571763987], [92.8367251018949, 56.00760087213198], [92.83689496215871, 56.00765453639612], [92.83690280721399, 56.007656882025536], [92.83690664951015, 56.00765805473396], [92.83690665206676, 56.007658144639194], [92.83688984470363, 56.00776652816483], [92.83688984394846, 56.00776670741937], [92.83688681503513, 56.00778613208358]], [[92.81337029810842, 56.007037033827814], [92.81331061628413, 56.007684683490425], [92.81331061541712, 56.00768486329293], [92.81329843094498, 56.007817949006935], [92.81329454235087, 56.00785979684273], [92.8117547543779, 56.0078151592776]], [[92.81391345106762, 56.008111788113446], [92.81391374222143, 56.00810861951076], [92.81393742795069, 56.007849990479635], [92.81394182745206, 56.00780185683967], [92.81400625910551, 56.00710427737951], [92.81400625660211, 56.00710418747382], [92.81619365053919, 56.00716737243101], [92.81628212669024, 56.007169929404675], [92.81649855230351, 56.00717618839064]], [[92.83719250530828, 56.00727043510581], [92.83718654622332, 56.0072686757981]], [[92.8399167549148, 56.00806951337859], [92.83964161102914, 56.008058170410116], [92.83937629070726, 56.00798274014606], [92.83937436931909, 56.00798219878102], [92.83882755960623, 56.007826735887846], [92.83882259758022, 56.00782493301134], [92.83855760138073, 56.00774950195285], [92.83855599869678, 56.00774949985513], [92.83855599907166, 56.00774940995377], [92.83855600056889, 56.00774905089648], [92.83852589788559, 56.0077405689398], [92.83824441024608, 56.007660445104705], [92.83802328799345, 56.00759755417447], [92.83797397145237, 56.00758356831765], [92.83795313626945, 56.007582463220736], [92.83795313514062, 56.00758273292484], [92.83761832323789, 56.00756576655817], [92.83764168648459, 56.00740219345936]], [[92.83749311653553, 56.00796219769581], [92.83750753095586, 56.00787619814798], [92.83750753133316, 56.00787610824662], [92.8378163822052, 56.00789133373955], [92.83790300640942, 56.00791605714673], [92.83816287848795, 56.007990045553186], [92.83855517110203, 56.00810166024637], [92.83929396840747, 56.00831189187614], [92.84127214716683, 56.00840742502421]], [[92.81122617809143, 56.00806973645291], [92.81310316018606, 56.00812383175143]], [[92.84154263037289, 56.008455414198416], [92.84144310668356, 56.00899210171152]], [[92.84636718759918, 56.00868849026617], [92.8463645199337, 56.00870386837978], [92.84636451957695, 56.008703958281174], [92.846345875873, 56.00879689300526], [92.8463457150477, 56.00879698270675], [92.84633849766396, 56.008838198091304], [92.84632619868133, 56.008907608910135], [92.84632619832448, 56.008907698811534], [92.8463216485003, 56.00892296165331], [92.8463216474297, 56.00892323135746], [92.84631709572972, 56.00893921231498], [92.84601721067109, 56.00892374960557], [92.84571732549504, 56.008908376068575], [92.8455676157719, 56.00890279954438], [92.84549260045662, 56.008900011287224], [92.84515891983304, 56.00887713932891], [92.84482523960536, 56.00885426646805], [92.84379608511823, 56.008800875379045], [92.84343497223513, 56.0087832627393], [92.84297977325224, 56.00876121895198], [92.84297961278394, 56.0087612187477], [92.84232774221074, 56.008731646563284], [92.84221429438013, 56.008718478333904], [92.84223953436798, 56.008551742154424]], [[92.856489655478, 56.009372115054845], [92.85648391041272, 56.00939702816511], [92.85642380713547, 56.00939300637768], [92.85640425390193, 56.00939172663553], [92.85640408943351, 56.009392804169416], [92.85639933141704, 56.009421988212466], [92.85639293463629, 56.00946113958065], [92.85638572194216, 56.00946068222228], [92.85638555747295, 56.009461759756114], [92.85638522753398, 56.00946418452805], [92.85630291830911, 56.00948232064447], [92.85562825486082, 56.00945440880231], [92.85560597456421, 56.00945339489899], [92.85560580806352, 56.00945501129208], [92.85560564759224, 56.00945501110422], [92.85555772369933, 56.009452260680675], [92.85551637192384, 56.00944987699596], [92.85548848204282, 56.009448317637826], [92.85548800160755, 56.009448317074956], [92.85548736397206, 56.0094482264261], [92.8554652415542, 56.009447122780514], [92.85526905316016, 56.00943683360277], [92.85524629312037, 56.00943563926793], [92.85009543787649, 56.009167409486096], [92.84888018247277, 56.00910404454079], [92.84887986544712, 56.009104044152394], [92.84887970106344, 56.009104043950984], [92.84888642379472, 56.00906579128643], [92.84889478443527, 56.00901927788262], [92.84889478185073, 56.009019187977636], [92.84889013320188, 56.00901891312548], [92.84851151159224, 56.009009916253305], [92.84804107629769, 56.0089873330245], [92.84731034191694, 56.00895302003496], [92.84724208147342, 56.00894485202745], [92.84673735315295, 56.008919796741985], [92.84671270379528, 56.00891006603334], [92.8467456854442, 56.00871844343768], [92.84674584626607, 56.00871835428384], [92.84674804754444, 56.0087055706758]], [[92.84223597463753, 56.00909082136892], [92.84224410884401, 56.00903412344906], [92.84224410921034, 56.00903403354771], [92.84228321754176, 56.00903605975521], [92.8435354936466, 56.00909917706385], [92.84358678425569, 56.00910166727136], [92.84364015829709, 56.00910433935407], [92.84410882782153, 56.00912630837167], [92.84479787152166, 56.00916283322913], [92.84492145086622, 56.00916864699441], [92.84507387677463, 56.009176922027564], [92.845103207691, 56.00917839564878], [92.84533353254493, 56.00919009123848], [92.84533336946606, 56.00919098895591], [92.84533657423604, 56.009191172778], [92.84532466461417, 56.009242980766146], [92.84531895498243, 56.00926776239062], [92.84568148178215, 56.00929408298487], [92.84567038936237, 56.009342029538196], [92.84583899129295, 56.00935427570604], [92.84592108065792, 56.00939254927367], [92.84592108323776, 56.009392638630544]], [[92.84660308331017, 56.009520548987595], [92.84661997053404, 56.00941398754003], [92.84660939136499, 56.009413435521914], [92.84660939172119, 56.00941334562053], [92.84662718488163, 56.00933298400402], [92.8466271852378, 56.009332894102634], [92.84664305191093, 56.0093339921042], [92.84665200880636, 56.00929870581018], [92.8466520091603, 56.00929861645698], [92.84692112098851, 56.009312871805804], [92.84692259940265, 56.00930398213089], [92.84692259975812, 56.00930389222952], [92.84735809375358, 56.00932446029059], [92.84739062559737, 56.00932764436708], [92.84748615521357, 56.009332073424005], [92.84749307132094, 56.00928582748725], [92.84749419363611, 56.009285828874866], [92.84749518661494, 56.00927792641664], [92.84749634509919, 56.00926849747656], [92.84753689790897, 56.00927034400018], [92.847536898263, 56.0092702540988], [92.84765198302573, 56.009275605666915], [92.84765390636073, 56.009275697944254], [92.8476858037294, 56.009276994317375], [92.84775360658875, 56.00927977288607], [92.84775360482321, 56.00928022184483], [92.84775777208381, 56.00928049614564], [92.84783759893605, 56.009282929900934], [92.84783759928939, 56.00928283999954], [92.8480826780903, 56.00929356083058], [92.84811970389035, 56.00929531291674], [92.84840500987713, 56.00930913600592], [92.84840516999571, 56.00930922610453], [92.84844459530349, 56.00931241782672], [92.84846526914001, 56.00931405981481], [92.84846542925877, 56.00931414991335], [92.84846558937753, 56.00931424001187], [92.84843677553599, 56.009471307493406]], [[92.85873210337613, 56.009426898243966], [92.85871508695278, 56.00950962623839], [92.8587150866247, 56.00950971613984], [92.85871361746409, 56.0095168101213], [92.858713617138, 56.00951689947455], [92.85683379949936, 56.009418451506995], [92.85683379983182, 56.009418361605576], [92.85684012155913, 56.00938139079444]], [[92.86381857449403, 56.00967201850521], [92.86379635284777, 56.00981109945205], [92.86242621658698, 56.00973988364678], [92.86243457061993, 56.00968986645231], [92.86218596423132, 56.00967737435732], [92.86218548379307, 56.009677373820544], [92.8621308258308, 56.00967443862376], [92.86150233762872, 56.00964328744097], [92.85982702244245, 56.00955768819373], [92.85982333615752, 56.00955750420098], [92.85973229320005, 56.00955299990065], [92.85966785823962, 56.0095496035329], [92.85953353851313, 56.0095427145886], [92.85948336860694, 56.00954023229001], [92.85943287808836, 56.00953766025204], [92.85932179486143, 56.00953340196646], [92.85930624705408, 56.00953275546883], [92.8593062473788, 56.00953266611558], [92.85930657256706, 56.00953122915402], [92.85910092631059, 56.00952075548024], [92.85910371120734, 56.009504323076925], [92.85911432143293, 56.00944342672443]], [[92.84970420242466, 56.009602894723976], [92.85010634030532, 56.00962251067096], [92.85010633995724, 56.009622600572335], [92.85010649034541, 56.00962520516681], [92.85010664455827, 56.00962682194233], [92.85010678312233, 56.009632480443216], [92.85010678277425, 56.00963257034459], [92.85011339577817, 56.00963298458327]], [[92.85022041865797, 56.009638221447105], [92.85025873403319, 56.00963985056761], [92.85025870079957, 56.00964009446817]], [[92.85045971176591, 56.00965599110854], [92.85046712346121, 56.00965634490015], [92.85055828754074, 56.009660691183555], [92.85163733690817, 56.00971211019888], [92.85212156506535, 56.0097352351013], [92.85227314563541, 56.0097424203032]], [[92.86677943159275, 56.009859733625454], [92.86677674094359, 56.00987587740926], [92.86677362998444, 56.0098947347862], [92.86677362967505, 56.009894824687656], [92.86679494804189, 56.00989601533815], [92.86679233329048, 56.00991029319391], [92.86679233298302, 56.00991038254718], [92.86672821682083, 56.009907259918194], [92.86409466586034, 56.00977577256566], [92.86409081464681, 56.009776846047465], [92.86409081496244, 56.009776756146024], [92.86409081590733, 56.00977648698987], [92.86409450633448, 56.009775502684526], [92.86409450664814, 56.00977541333125], [92.86410942552182, 56.00969046161052]], [[92.87393605381385, 56.010064154527434], [92.87390192476289, 56.010254568874046], [92.87390192447185, 56.01025465822734], [92.8739019238862, 56.01025483803029], [92.87362269176447, 56.01024143920965], [92.87326828308058, 56.010224460209926], [92.87326732121154, 56.01022445922168], [92.87286241966785, 56.0102051818159], [92.8723841052008, 56.01018232427028], [92.8721779674395, 56.01017250065947], [92.8721948666926, 56.01005558007992], [92.872195193274, 56.01005387392908], [92.87220782847545, 56.00996559963739], [92.87222505551708, 56.0098462547823], [92.87223907324288, 56.00974847809237]], [[92.85677243398995, 56.009891535105815], [92.85677355779353, 56.009885055806535], [92.8567217845163, 56.009882660425085], [92.85672276166711, 56.00987852991453], [92.85672276233255, 56.00987835011173], [92.85672521201036, 56.00986631817582], [92.85672521234308, 56.00986622827441], [92.85673519215955, 56.00981199235157], [92.85673519249224, 56.00981190245015], [92.85674518258517, 56.009754881774825], [92.8569183096974, 56.00975885530655], [92.85691879144731, 56.00975876596357], [92.85692856849639, 56.009759316166935], [92.85692953002098, 56.009759407184006], [92.85817224689241, 56.00981913159211], [92.8581699459639, 56.00983448735326], [92.85863926635749, 56.00985837754276], [92.85862282952407, 56.00995270132221]], [[92.8528755026271, 56.00977116219258], [92.85287556035183, 56.00977116390598], [92.85441913065293, 56.00984475672071], [92.85455728883198, 56.00985147650453]], [[92.85472837306445, 56.009847102989525], [92.8547284826557, 56.00984710311859]], [[92.8548450635377, 56.009853435366004], [92.85484520147033, 56.00985344484741], [92.85485002937362, 56.00985370707776], [92.85485115439803, 56.009852990283555], [92.85517652853952, 56.009871520289636], [92.85545430180844, 56.00988668538883], [92.85547401942603, 56.00988776264669]], [[92.8590227997555, 56.00997004583876], [92.8590383826794, 56.00987859350313], [92.85993823893209, 56.00992407664842], [92.85993889187105, 56.0099207537643], [92.85993889219431, 56.00992066441105], [92.86066755029294, 56.00996091760733], [92.86072686000244, 56.009963946961825], [92.86072701655596, 56.00996394878312], [92.86078199543442, 56.00996670516023], [92.86087143671057, 56.00997120687825], [92.86096424339087, 56.0099758921284], [92.860964243068, 56.009975982029815], [92.86097001425209, 56.00997625824019], [92.86150826266615, 56.01000344835772], [92.8623906535935, 56.01004808597723], [92.86241453655575, 56.01004927969769], [92.86243088537458, 56.01005010650024], [92.86309111618084, 56.01008362343522], [92.86363337524108, 56.0101111683359], [92.86361936216908, 56.01019169442883]], [[92.86724787265882, 56.00988942440449], [92.86724113284068, 56.00988940125344], [92.8672412085748, 56.009889002258724]], [[92.87101125822029, 56.010049988347504], [92.87101092439467, 56.010150179144105], [92.8709420002529, 56.01014642491383], [92.86785061544732, 56.00999621602862], [92.86784869018851, 56.00999666292671], [92.86784869172105, 56.00999621396761], [92.86736381205438, 56.009972521348956], [92.86736584686074, 56.00994010078723], [92.86728490086894, 56.00993570227304], [92.86727127679508, 56.009934969495774], [92.8672712771033, 56.009934879594326], [92.86727896160782, 56.009891394585175]], [[92.86401771602793, 56.01021702166893], [92.86403200181589, 56.01013522953262], [92.86403232938916, 56.010133343600735], [92.8640326569624, 56.010131457668855], [92.86403265727816, 56.01013136776741], [92.86482400838517, 56.01017139688514], [92.86587022217556, 56.010224361319786], [92.86587022186407, 56.01022445122123], [92.86587005832257, 56.0102256186702], [92.86587021750712, 56.01022570874509], [92.86587021781861, 56.010225618843634], [92.86645223572206, 56.010254272301445], [92.86671190826848, 56.01026703745729], [92.86676656772718, 56.010269880722944], [92.86676607672095, 56.0102726644069], [92.86676607641154, 56.010272754308346], [92.86674594450159, 56.01038990034539]], [[92.8763709499833, 56.010396421425156], [92.87634168804975, 56.01054516197324], [92.8763403839911, 56.01055180681829], [92.87633907820896, 56.010558991072166], [92.87633728423168, 56.01056859944331], [92.8763371226087, 56.010568958340144], [92.8762871113349, 56.010566303781694], [92.87627412750734, 56.010565661994825], [92.87597197579278, 56.010549730994676], [92.87544748364903, 56.010526389383706], [92.87541830946782, 56.01052510239331], [92.87531828836755, 56.01052033137478], [92.8744978979701, 56.010481418326414], [92.87449741389905, 56.01048132793213], [92.87429460639906, 56.010433969037656], [92.8742307604061, 56.01039663090185], [92.87423076069817, 56.0103965410004], [92.87425264176306, 56.01027405734626], [92.87426749865405, 56.01019144344403], [92.87426749601053, 56.01019135353956], [92.87426749630252, 56.01019126363807], [92.87427434737126, 56.01015011808504]], [[92.8671338737839, 56.010414559402385], [92.86714966615065, 56.01028933446291], [92.86714966645917, 56.01028924456145], [92.86714966676767, 56.01028915465999], [92.86714966707432, 56.01028906530674], [92.86762108248023, 56.01031301347175], [92.86780140996257, 56.01032218827447], [92.86805900092047, 56.01033530358449], [92.86805915843566, 56.01033531087935], [92.86838951603802, 56.0103520067407], [92.86888481665308, 56.01037705328231], [92.86942307692262, 56.010404299316804], [92.87034909084198, 56.01045116712844], [92.87034924835808, 56.01045117442037], [92.87096653140334, 56.010482265500265], [92.87102910989385, 56.01051439408426], [92.87122641445711, 56.01067357121957], [92.87122641807213, 56.01067366112511], [92.87122167734465, 56.01070095945266], [92.87122167704558, 56.01070104935411], [92.87121938099415, 56.01071559679076], [92.87121839789923, 56.01072197275994], [92.87121757916492, 56.01072718127408], [92.87120673881248, 56.010794334799044]], [[92.87868549227981, 56.01064172779049], [92.87862867665025, 56.01063922372104], [92.87852998547264, 56.010669124159705], [92.87808196002759, 56.0106471271067], [92.87803288155045, 56.01065363483866], [92.87769979350536, 56.01063525232376], [92.87769979378938, 56.01063516242227], [92.87771549378806, 56.01053737090073], [92.87675613147003, 56.01048944297162], [92.87676974450375, 56.010420292513125]], [[92.80846497942632, 56.011022927833054], [92.80684074253693, 56.01096084276067], [92.80665933866445, 56.010784253313425], [92.80657968228562, 56.01052294868273], [92.8065960048221, 56.01034590375454]], [[92.87162930245918, 56.01078696095686], [92.87163838006752, 56.01074037333099], [92.8716383803656, 56.010740283429534], [92.87164066528443, 56.01072816112864], [92.87164082312363, 56.010728071391114], [92.87172720661584, 56.01068945141469], [92.87185211760507, 56.01063353736193], [92.87199549532615, 56.01056946896081], [92.87204294311024, 56.01057167363957], [92.87210497716632, 56.010574612090615], [92.87215354574448, 56.01057699769243], [92.87234830439186, 56.01058627070435], [92.87242925312303, 56.01059012648642], [92.87277853659633, 56.010606743549324], [92.87281123642782, 56.0106083039566], [92.8728383263508, 56.01060958941495], [92.8742187902356, 56.010675222079634], [92.87453393098993, 56.010690272665045], [92.87467867887129, 56.010697065963114], [92.87529533683905, 56.01072643153994], [92.8754618848285, 56.010734323681056], [92.87586535018856, 56.010753501201464], [92.87586551037707, 56.01075359126445], [92.87599376366751, 56.01090583459311]], [[92.87665231507229, 56.01094519759315], [92.87668077755959, 56.01079249008946], [92.87668189991979, 56.01079249121153], [92.87668190077719, 56.010792222055294], [92.87668239107713, 56.0107894383318], [92.87705619073937, 56.01081109735148], [92.87720606663488, 56.010818611459975], [92.87736107211092, 56.01082639964355], [92.87755374817468, 56.01083593152129], [92.87772221944924, 56.010844272027796], [92.87813500207415, 56.01085833244038], [92.87940968196094, 56.01092074852531], [92.87988917906524, 56.010939796969375]], [[92.88097254180244, 56.01134756976036], [92.8809677379941, 56.0113727688602], [92.88096773771767, 56.01137285876169], [92.88096019585113, 56.01142736866983], [92.88096019557469, 56.011427458571305], [92.88092112607852, 56.0117240763317], [92.88092112580196, 56.011724166233186], [92.88092112221024, 56.01172533385599], [92.8809209578611, 56.01172659122533], [92.88091357701931, 56.01178056242076], [92.88091046008122, 56.01180355178161], [92.88091045980633, 56.01180364113492], [92.88087894337285, 56.01200887391452]], [[92.88127372018836, 56.01224732637058], [92.88127651553539, 56.01210738604831], [92.88127651287546, 56.012107296143995], [92.88127651342691, 56.01210711634106], [92.88127651397669, 56.01210693708631], [92.88127651425242, 56.01210684718484], [92.88135915482813, 56.01153382503592]], [[92.8064816388163, 56.011584705381715], [92.80649001858717, 56.01149396862706], [92.80662360739288, 56.011497793933806]], [[92.80305641912402, 56.01223848251681], [92.80301005587792, 56.012811153472896], [92.80139756702985, 56.013759520011654], [92.80130955731497, 56.0137569531275], [92.80146749375282, 56.01219228587608], [92.80305641958141, 56.01223839261569], [92.80305641912402, 56.01223848251681]], [[92.88270577035546, 56.01245879618812], [92.88237485613205, 56.01244119912203], [92.88237485640522, 56.01244110922056], [92.88215363998081, 56.0124294021691], [92.88172275190823, 56.01240653625999], [92.88170671873212, 56.012405712318156], [92.88148367044704, 56.012393175650814]], [[92.881796937032, 56.01264324735721], [92.88262951254535, 56.012687083357356], [92.88265451990753, 56.0126883641288], [92.88265452072346, 56.01268809497256], [92.88294843019284, 56.01270356870378]], [[92.80401281885275, 56.013096022710535], [92.80398303667873, 56.013076127911624], [92.80414937507271, 56.01301243408384]], [[92.8010503910952, 56.01491043695194], [92.80105811221422, 56.01479452977122], [92.80112919289107, 56.01475332956175], [92.80122761242922, 56.01469645644439], [92.80163736653078, 56.014459378313916], [92.80163770224289, 56.014456504736074], [92.80281408524722, 56.013764845848414], [92.80300175570966, 56.01365449462735], [92.80300209816804, 56.01365027417328], [92.8035875971634, 56.01331009392817], [92.80359376043818, 56.01332761705906], [92.80379379958485, 56.01321189569301], [92.80389493355669, 56.01316818441414]], [[92.88373020012313, 56.014117944517515], [92.88313320239298, 56.01408866006632], [92.8831330413611, 56.014088839168984], [92.88313304108966, 56.014088929070425], [92.88276420640256, 56.014066199044926]], [[92.80047162213887, 56.01410670895437], [92.80045013733289, 56.0143230114575], [92.8003827552266, 56.014362061264194], [92.80032470093492, 56.01439564760304], [92.79995321410495, 56.01461059962075], [92.79995321085534, 56.01461122838012], [92.79995224888084, 56.0146112268201], [92.79957995312324, 56.014826625358964], [92.79935560843727, 56.014956491132466], [92.79921120324529, 56.01487949206758]], [[92.8828131991976, 56.01428277823406], [92.8837686234462, 56.014335526398526]], [[92.79901606347606, 56.01499913182879], [92.79915937724188, 56.01507562501627], [92.79838433089239, 56.01553142433245], [92.79736012701991, 56.016133656667854], [92.79725855740188, 56.01607660331026]], [[92.7954742881301, 56.01832877998962], [92.79542470436401, 56.01830252593887], [92.79537898006338, 56.01827676341043], [92.79538252298103, 56.01827380526891], [92.79528626757059, 56.01822164342248], [92.79588745937788, 56.01785062983108], [92.79572098968261, 56.01776431223626], [92.79641431150075, 56.01734369123046], [92.7965770856757, 56.0174312593308], [92.79671848343287, 56.01734527056024], [92.79673746509712, 56.017333716017575], [92.79751640482388, 56.01688026822953], [92.7975157642286, 56.01687999747265], [92.79779401814059, 56.01671636390606], [92.79801533264188, 56.01658631623104], [92.79801709103339, 56.016587306933644], [92.79801725200294, 56.016587217295395], [92.79828998930348, 56.01640453302817], [92.79877821436095, 56.016100770452724], [92.79944451841013, 56.01568332200876], [92.7997441598195, 56.0155663317924], [92.79976651648322, 56.015552985868894], [92.7998591559541, 56.015498259915866], [92.79987005798102, 56.01549845685865], [92.80008616223407, 56.015501555848545]], [[92.7970419489612, 56.01620939445251], [92.79713881342221, 56.01626379253178], [92.79713865245202, 56.01626388216888], [92.79676292786392, 56.016484924869566], [92.79676372800606, 56.016485375148676], [92.79675199114666, 56.01649128384927], [92.7960518423467, 56.01690282364814], [92.79605168231588, 56.01690273402994], [92.79605152134339, 56.01690282311744], [92.79597631232524, 56.01686265298111]], [[92.79579432707361, 56.01697421328418], [92.79586526356393, 56.01701208835013], [92.79586574507024, 56.017012089146924], [92.79575234904424, 56.01707872315921], [92.79575266812145, 56.01707890349111], [92.79485030940586, 56.01760928496299], [92.79485014937491, 56.01760919534324], [92.79485015183734, 56.017609284700946], [92.79410491856501, 56.01804750394659], [92.79410475856197, 56.01804759303315], [92.79407258141966, 56.01802960885051]], [[92.88399289808596, 56.017299153349924], [92.88287571175617, 56.01753364881941]], [[92.88244795678499, 56.017763465832175], [92.88249193442277, 56.01776350773049], [92.88298002850418, 56.01766086546454], [92.88441750340995, 56.0173579309742], [92.88466073534764, 56.0173051177477]], [[92.88243594046486, 56.01761876205823], [92.88240928349803, 56.017624332481056]], [[92.88418957384475, 56.01821785451645], [92.88323930699337, 56.018270180543894]], [[92.8832593090399, 56.01831490690243], [92.8834846342715, 56.0183046798226], [92.88421360972225, 56.018271581797336]], [[92.88429521636546, 56.018453978889745], [92.88424472546582, 56.01845789980355], [92.88335426753588, 56.01852727039542]], [[92.79345989327693, 56.01840515358444], [92.79367986107448, 56.01852253871118], [92.79367970008686, 56.01852262834373], [92.79367986011593, 56.01852271851316], [92.79291352681568, 56.01897319916993], [92.79087406832903, 56.020171919852764], [92.79087326430584, 56.02017236745048], [92.79084028225203, 56.02019225054235], [92.79083980314276, 56.020191980024755], [92.79083899863286, 56.02019251752318], [92.7907656043352, 56.02015341407056], [92.79076464513699, 56.02015287358129], [92.79068008128871, 56.020108904659956]], [[92.88342386665686, 56.018682697725325], [92.88366618652539, 56.0186656341129], [92.88376739084217, 56.01865854450353], [92.88381791322207, 56.0186549993185], [92.8840376845054, 56.01862601657268], [92.88403784528425, 56.01862592682217], [92.88414626200871, 56.01862001130639], [92.88425467799028, 56.01861400579299], [92.88436411191593, 56.01860796331402]], [[92.79231770184725, 56.02032514413461], [92.79215184411122, 56.02022662081912], [92.79215506063512, 56.020224739945746], [92.79213106374358, 56.02021410152123], [92.79271967519298, 56.01986814015962], [92.7927404632449, 56.019879042784666], [92.79274062424035, 56.01987895315338], [92.79304836248059, 56.01969723670047], [92.79304852251303, 56.01969732687069], [92.79304852299379, 56.019697236969726], [92.79304836295842, 56.01969714734768], [92.79301766123127, 56.01968092887059], [92.79439404340692, 56.018890621352384], [92.7944047567433, 56.01889629753769], [92.7944118342734, 56.01889217823624], [92.7944879669939, 56.01893337869022]], [[92.88461996372563, 56.01917980731238], [92.88365235881022, 56.01919347192719]], [[92.8841140020049, 56.020225303878945], [92.8842155431948, 56.02022505112614], [92.88421570246481, 56.02022514062903], [92.8842158624807, 56.02022530797431], [92.88454261239413, 56.02056916498524], [92.88467591608851, 56.02082391239374], [92.88467687822137, 56.02082391329313], [92.88468643986859, 56.02084395055384], [92.88468643933281, 56.02084413035653], [92.88467592348992, 56.021144278399376], [92.88467433926607, 56.02119142921027], [92.88467092248032, 56.021261660542635], [92.88466463572068, 56.02191846363545], [92.88466457763161, 56.02193795303918], [92.88456051433784, 56.021936937507135]], [[92.79046468371654, 56.02024091222935], [92.79061796139982, 56.02032237295499], [92.79061780039761, 56.0203224625835], [92.79061796042697, 56.02032255275686], [92.78976613092348, 56.020823164858705], [92.78893085066983, 56.021313829597446], [92.78893069063838, 56.02131391922542], [92.78891846368124, 56.02132108332005], [92.78888371294171, 56.02134150172311], [92.78876787423854, 56.02127998715112]], [[92.79208080009042, 56.02222110574853], [92.79199234911958, 56.0222733035783], [92.79182121268747, 56.022366960585046], [92.79160833949784, 56.02246809093216], [92.79156465588618, 56.02250951117159], [92.7914765157862, 56.02258714093031], [92.7914761937669, 56.02258732018949], [92.79136196782304, 56.02265475729204], [92.79116335371091, 56.022549787690615], [92.7902785696798, 56.02208080488025], [92.78988263506434, 56.02187149335144], [92.78947342692706, 56.021656139955134], [92.78973116698558, 56.02150281791772], [92.79104080894284, 56.02074234238676], [92.79182384371845, 56.02029791901344], [92.79212869565016, 56.02047584432285]], [[92.88556387936958, 56.02248698896038], [92.88536289703303, 56.02234357435413], [92.88536257651427, 56.02234339480132], [92.88536225964603, 56.0223433046053], [92.88536225991237, 56.022343214703966], [92.88537550802977, 56.02171443998208], [92.88537550535968, 56.02171435007799], [92.88537550615698, 56.021714080922166], [92.88536668783581, 56.02171353386726], [92.88538401981535, 56.0212219987594], [92.88538724738531, 56.02116101777717], [92.88539117354058, 56.02097553085483]], [[92.78852623863492, 56.02142403379601], [92.7886040017131, 56.02146541498169], [92.78864045870098, 56.02148478768539], [92.7868961558841, 56.0225053973287], [92.78678578673426, 56.02256996274947], [92.78606499751606, 56.02299173881928], [92.78571907805734, 56.02319402861623], [92.78571795186072, 56.02319465542414], [92.78560006418255, 56.02313044715311]], [[92.78597301785163, 56.023960059935014], [92.78574389831994, 56.023837858566125], [92.78574405934806, 56.023837768944055], [92.78574840417207, 56.023835172080275], [92.78582933560033, 56.02378762137926], [92.7862239975762, 56.02355928011869], [92.78622560587395, 56.02355838443639], [92.78635480601896, 56.023482446126984], [92.78767172189342, 56.02270666068192], [92.78767076316858, 56.02270603026791], [92.78767542830191, 56.022703343985555], [92.78767542879521, 56.022703254084675], [92.78801040117058, 56.022505970101854], [92.78807888854342, 56.02250429137535], [92.7885948837929, 56.02219504853346], [92.78872422841732, 56.02220838315487], [92.78898809214243, 56.02205067236429], [92.78899664160508, 56.0220121564145], [92.78901111432883, 56.02194607816698], [92.78920289693862, 56.02183135424659], [92.78932255971917, 56.02182608012725], [92.79012000849376, 56.022250283425855], [92.790127209136, 56.02225325969203], [92.79012736917218, 56.02225334986602], [92.79112968687251, 56.022785582407344], [92.79113464422656, 56.02278819520943], [92.79105677718267, 56.02283395873847], [92.79101893756282, 56.02285627250305]], [[92.88456718849048, 56.02207583402768], [92.88466464972132, 56.02207500917038], [92.88464333217736, 56.02255540355497], [92.88464333484579, 56.02255549345904], [92.88462408335015, 56.022987210774865], [92.88461760153874, 56.023130989118414]], [[92.79136859123597, 56.0230520228516], [92.7915608976603, 56.0229393545942], [92.79156266633257, 56.022938459661496], [92.79179288360599, 56.0228035885115], [92.7920218271539, 56.022666648687945], [92.79242127804456, 56.022433445918516], [92.79246053406865, 56.02241052836582]], [[92.78502872848439, 56.024507965474186], [92.78480374852394, 56.024391182872876], [92.78518540843417, 56.02416713371131], [92.78519168326127, 56.02416337205345], [92.7852119559847, 56.02415164173518], [92.78528167190889, 56.02418912602436], [92.78526204131414, 56.024200857471676], [92.78525463877945, 56.02420533528761], [92.78538479487455, 56.02427579639302], [92.78539348170135, 56.02427096119645], [92.78541310878653, 56.02426003828955], [92.78543534369739, 56.02427203663099]], [[92.78158043513261, 56.02647942637232], [92.78142769544647, 56.02639726146115], [92.78128085732382, 56.02632721559361], [92.7812803767154, 56.02632703548638], [92.78227036881603, 56.02574068414507], [92.7823574917474, 56.025734461422395], [92.78235845753426, 56.02573383436233], [92.78243274556876, 56.025728396963515], [92.78298784419984, 56.02538296194364], [92.78379450712386, 56.0249052201576], [92.7838540739967, 56.02486472897186], [92.7844306229149, 56.02452210922627], [92.78443174468913, 56.024522111186315], [92.78446280228398, 56.02450348398086], [92.78451703113427, 56.0244708862765], [92.78451864000705, 56.024469901263956], [92.78458629486215, 56.02450307089918], [92.784610605898, 56.02451505876111], [92.78461108599902, 56.024515328756245], [92.78483034887039, 56.024623068257696]], [[92.78212628847662, 56.02514404870635], [92.78208294329859, 56.02524556821724], [92.78023739984386, 56.026325271474434], [92.77896288617173, 56.02707087597211], [92.77896256508443, 56.02707087539687], [92.7781959330551, 56.027010401808795], [92.77800628315588, 56.02699542099569]], [[92.77181802152967, 56.02664682777227], [92.77181847054383, 56.02664688067993], [92.77213597933961, 56.02668384205168], [92.77228576811405, 56.026701219662606]], [[92.7806258462196, 56.02721803864873], [92.78062576325624, 56.027217995194924], [92.78082579101611, 56.0271007845005], [92.78116907316014, 56.026893474255665], [92.7813702483309, 56.02677132450301], [92.78142644480474, 56.02673836930261]], [[92.77303355350986, 56.026771331800894], [92.77303395468564, 56.02677136323703], [92.7730339443916, 56.026771449282535], [92.77303392759242, 56.02677147611252], [92.77303379258362, 56.026771628806706], [92.77303379205621, 56.02677171870744], [92.7730119062246, 56.0268683183985]], [[92.77738093901223, 56.02694623300689], [92.77723820676552, 56.02693502930398], [92.77723820780078, 56.02693484950245], [92.77717200354581, 56.0268984951812]], [[92.7751283045457, 56.02691459849019], [92.7751286480098, 56.026914622687976], [92.7751346757801, 56.02691504316544], [92.77514570000719, 56.02691580165731]], [[92.77528591920588, 56.02692539593754], [92.7758466763342, 56.02696376412025], [92.77641412954388, 56.02701940082151], [92.77657266413775, 56.02703495595493], [92.7781156968029, 56.027186203378456], [92.77813701578978, 56.02718830726289], [92.77858857932635, 56.02723258865852], [92.77858841826755, 56.02723267827119], [92.77850400148913, 56.02726926036312], [92.77840636816265, 56.02731758481847], [92.77814485084825, 56.02755557085723], [92.77806310585954, 56.02762996933343], [92.77806294428213, 56.027630148846164], [92.77806278419938, 56.02763023845988], [92.77802203053655, 56.027660611666995], [92.77802186947464, 56.027660701278904], [92.77788253554532, 56.02776454515981], [92.77740450128798, 56.02819434176226], [92.77703343100194, 56.02854223973977], [92.77703336701873, 56.02854230047223]], [[92.88749858899462, 56.02857169178112], [92.88794694919726, 56.02916335825823]], [[92.78485048818007, 56.02894944983522], [92.78485073314542, 56.028949234279125], [92.78535808844686, 56.02864014142584]], [[92.78474836604657, 56.02900093227536], [92.78474827334297, 56.02900087839192], [92.78477198762364, 56.02898902314152]], [[92.78474820209736, 56.02900101476464], [92.78474811229104, 56.0290009680126], [92.78474829242222, 56.02900096832687]], [[92.78640908549087, 56.029862249146994], [92.78482055690469, 56.02903848579064]], [[92.89274051534905, 56.03542619561733], [92.89274063774177, 56.035426195723716], [92.8932099059782, 56.03570538416899], [92.89361165805269, 56.035920565885775], [92.89361245899238, 56.03592092563364], [92.89368069955928, 56.03595753867625], [92.89405829248264, 56.036149347873646]], [[92.89948230219227, 56.03797486250812], [92.899379807403, 56.0379289665706], [92.89935977945515, 56.037918891155584], [92.89907426789418, 56.0377745165247]], [[92.89807146725205, 56.03823568427347], [92.89807162784298, 56.0382356844061], [92.89808188237917, 56.03824081231835], [92.89916627446419, 56.03878902739396], [92.89916643482303, 56.03878911742631], [92.90072696590109, 56.03957791495242]], [[92.90019699633665, 56.038342087103715], [92.90007822446708, 56.03828205256364], [92.90004802202897, 56.038261775088166], [92.90004795163183, 56.03826173391773]]]}}, {"type": "Feature", "properties": {"name": "Ља б­лҐ «Ё­ЁЁ «Ё­Ґ©­лҐ (ЏЏЁЊ)", "source": "ЏҐаў п «Ё­Ёп ¬Ґва®Ї®«ЁвҐ­  ў Ј. Ља б­®пабЄҐ. ЏҐаўл© нв Ї 02.11.2022", "status": null}, "geometry": {"type": "LineString", "coordinates": [[92.77617834357747, 56.02796462455813], [92.77757173155376, 56.02804401802106], [92.777882537966, 56.027764635065864], [92.77802187287458, 56.027660791186705], [92.77802203295755, 56.02766070157302], [92.77806278662047, 56.02763032836592], [92.77806294768216, 56.02763023875396], [92.77806310925958, 56.02763005924123], [92.77814485326954, 56.027555660763255], [92.77840637058453, 56.027317674724515], [92.77850400391122, 56.027269350269144], [92.77858841826755, 56.02723267827119], [92.77858857932635, 56.02723258865852], [92.77813701578978, 56.02718830726289], [92.7781156968029, 56.027186203378456], [92.77803315807753, 56.02717811341435], [92.77657266120099, 56.02703495594961], [92.77641412660712, 56.027019400816194], [92.77584667339741, 56.0269637641149], [92.77528526790199, 56.02692545011757]]}}, {"type": "Feature", "properties": {"name": "Ља б­лҐ «Ё­ЁЁ «Ё­Ґ©­лҐ (ЏЏЁЊ)", "source": "ЏҐаў п «Ё­Ёп ¬Ґва®Ї®«ЁвҐ­  ў Ј. Ља б­®пабЄҐ. ЏҐаўл© нв Ї 02.11.2022", "status": null}, "geometry": {"type": "LineString", "coordinates": [[92.78013257990209, 56.027401972715225], [92.78017007225252, 56.02742061299166], [92.78019901374446, 56.02743629209876], [92.78024183517469, 56.0274367274365], [92.7802704429563, 56.027426540011476], [92.78034008486136, 56.0273857033856], [92.78062585938378, 56.02721813405563], [92.78081654167511, 56.027318566967644], [92.78086342019316, 56.027344669102064], [92.7814202730232, 56.02765473393358], [92.78137489077935, 56.027681776972386], [92.78141886191932, 56.02770592550645], [92.78114914786067, 56.02786468737561], [92.7811776160619, 56.02787901798299], [92.78111530719049, 56.027977702822824], [92.78095977970361, 56.02790534210968], [92.78094173823652, 56.02789692181383], [92.78022123693289, 56.02756171219504], [92.78019772246338, 56.02755071271595], [92.78012366064841, 56.02760024814287], [92.77989778431049, 56.027749385336854], [92.77975878026854, 56.027683304035826]]}}, {"type": "Feature", "properties": {"name": "Ља б­лҐ «Ё­ЁЁ «Ё­Ґ©­лҐ (ЏЏЁЊ)", "source": "ЏҐаў п «Ё­Ёп ¬Ґва®Ї®«ЁвҐ­  ў Ј. Ља б­®пабЄҐ. ЏҐаўл© нв Ї 02.11.2022", "status": null}, "geometry": {"type": "LineString", "coordinates": [[92.78142769544647, 56.02639726146115], [92.78137012538716, 56.02636796991156]]}}, {"type": "Feature", "properties": {"name": "Ља б­лҐ «Ё­ЁЁ «Ё­Ґ©­лҐ (ЏЏЁЊ)", "source": "ЏҐаў п «Ё­Ёп ¬Ґва®Ї®«ЁвҐ­  ў Ј. Ља б­®пабЄҐ. ЏҐаўл© нв Ї 02.11.2022", "status": null}, "geometry": {"type": "LineString", "coordinates": [[92.78013257990209, 56.027401972715225], [92.77995266580993, 56.02751884100938], [92.77976372144967, 56.02764763339956], [92.77974817612112, 56.02765822665658], [92.77977553661074, 56.02766995120326], [92.77975878026854, 56.027683304035826]]}}, {"type": "Feature", "properties": {"name": "Ља б­лҐ «Ё­ЁЁ «Ё­Ґ©­лҐ (ЏЏЁЊ)", "source": "ЏҐаў п «Ё­Ёп ¬Ґва®Ї®«ЁвҐ­  ў Ј. Ља б­®пабЄҐ. ЏҐаўл© нв Ї 02.11.2022", "status": null}, "geometry": {"type": "LineString", "coordinates": [[92.77617834357747, 56.02796462455813], [92.777438965758, 56.028163358802466], [92.77729270931424, 56.028299310188906]]}}]}