{
    "type": "FeatureCollection",
    "features": [
        {
            "id": 105500822,
            "type": "Feature",
            "geometry": {
                "type": "Polygon",
                "coordinates": [
                    [
                        [
                            10342100.0806262,
                            7597949.4870361155
                        ],
                        [
                            10342025.417776883,
                            7597914.447206395
                        ],
                        [
                            10342042.360375322,
                            7597879.12202438
                        ],
                        [
                            10342116.664511485,
                            7597913.9992921725
                        ],
                        [
                            10342100.0806262,
                            7597949.4870361155
                        ]
                    ]
                ],
                "crs": {
                    "type": "name",
                    "properties": {
                        "name": "EPSG:3857"
                    }
                }
            },
            "properties": {
                "cadastralDistrictsCode": 24,
                "category": 36368,
                "categoryName": "Земельные участки ЕГРН",
                "descr": "24:11:0330102:693",
                "externalKey": "24:11:0330102:693",
                "interactionId": 105435130,
                "label": "24:11:0330102:693",
                "options": {
                    "area": null,
                    "cad_num": "24:11:0330102:693",
                    "cost_application_date": "2023-01-01",
                    "cost_approvement_date": "",
                    "cost_determination_date": "2022-01-01",
                    "cost_index": 262.41,
                    "cost_registration_date": "2023-01-05",
                    "cost_value": 262410,
                    "declared_area": null,
                    "determination_couse": "Акт об утверждении результатов определения кадастровой стоимости, полученных в соответствии с положениями Закона 237-ФЗ\n\n\n\n\n\n\n\n",
                    "land_record_area": 1000,
                    "land_record_category_type": "Земли населенных пунктов",
                    "land_record_reg_date": "2020-09-09",
                    "land_record_subtype": "Землепользование",
                    "land_record_type": "Земельный участок",
                    "ownership_type": "Частная",
                    "permitted_use_established_by_document": "Для ведения личного подсобного хозяйства",
                    "previously_posted": "Учтенный",
                    "quarter_cad_number": "24:11:0330102",
                    "readable_address": "Российская Федерация, Красноярский край, Емельяновский муниципальный район, сельское поселение Шуваевский сельсовет, с.Шуваево, ул. Новая, земельный участок 3 ",
                    "right_type": "Собственность",
                    "specified_area": 1000,
                    "status": "Учтенный"
                },
                "subcategory": 5,
                "systemInfo": {
                    "inserted": "2023-12-21T16:33:14.533431",
                    "insertedBy": "7EF5CD0B-AC08-4097-AF2B-07CD85992A79",
                    "updated": "2026-02-08T21:57:22.127346",
                    "updatedBy": "7EF5CD0B-AC08-4097-AF2B-07CD85992A79"
                }
            }
        },
        {
            "id": 105519427,
            "type": "Feature",
            "geometry": {
                "type": "Polygon",
                "coordinates": [
                    [
                        [
                            10341897.874931661,
                            7597977.417995222
                        ],
                        [
                            10341927.937003499,
                            7597910.015092632
                        ],
                        [
                            10341980.518993458,
                            7597935.122799161
                        ],
                        [
                            10341949.005708734,
                            7598001.769291064
                        ],
                        [
                            10341897.874931661,
                            7597977.417995222
                        ]
                    ]
                ],
                "crs": {
                    "type": "name",
                    "properties": {
                        "name": "EPSG:3857"
                    }
                }
            },
            "properties": {
                "cadastralDistrictsCode": 24,
                "category": 36368,
                "categoryName": "Земельные участки ЕГРН",
                "descr": "24:11:0330102:70",
                "externalKey": "24:11:0330102:70",
                "interactionId": 105453735,
                "label": "24:11:0330102:70",
                "options": {
                    "area": null,
                    "cad_num": "24:11:0330102:70",
                    "cost_application_date": "2023-01-01",
                    "cost_approvement_date": "",
                    "cost_determination_date": "2022-01-01",
                    "cost_index": 262.41,
                    "cost_registration_date": "2022-12-30",
                    "cost_value": 345069.15,
                    "declared_area": null,
                    "determination_couse": "Акт об утверждении результатов определения кадастровой стоимости, полученных в соответствии с положениями Закона 237-ФЗ\n\n\n\n\n\n\n\n",
                    "land_record_area": 1315,
                    "land_record_category_type": "Земли населенных пунктов",
                    "land_record_reg_date": "2009-06-03",
                    "land_record_subtype": "Землепользование",
                    "land_record_type": "Земельный участок",
                    "ownership_type": "Частная",
                    "permitted_use_established_by_document": "для ведения личного подсобного хозяйства",
                    "previously_posted": "Учтенный",
                    "quarter_cad_number": "24:11:0330102",
                    "readable_address": "Местоположение установлено относительно ориентира, расположенного в границах участка. Почтовый адрес ориентира: Красноярский край, Емельяновский район, с. Шуваево, ул. Северная, 2 \"Б\".",
                    "specified_area": 1315,
                    "status": "Учтенный"
                },
                "subcategory": 5,
                "systemInfo": {
                    "inserted": "2023-12-21T17:25:18.958878",
                    "insertedBy": "7EF5CD0B-AC08-4097-AF2B-07CD85992A79",
                    "updated": "2026-03-12T12:42:34.566606",
                    "updatedBy": "22F23413-4218-4EB5-B8D3-D2646E3C2FAE"
                }
            }
        },
        {
            "id": 105537347,
            "type": "Feature",
            "geometry": {
                "type": "Polygon",
                "coordinates": [
                    [
                        [
                            10342745.752592608,
                            7598165.635744744
                        ],
                        [
                            10342804.325426511,
                            7598193.53204701
                        ],
                        [
                            10342779.794686852,
                            7598260.193241412
                        ],
                        [
                            10342696.188540785,
                            7598270.849126048
                        ],
                        [
                            10342715.162710799,
                            7598229.9342818335
                        ],
                        [
                            10342745.752592608,
                            7598165.635744744
                        ]
                    ]
                ],
                "crs": {
                    "type": "name",
                    "properties": {
                        "name": "EPSG:3857"
                    }
                }
            },
            "properties": {
                "cadastralDistrictsCode": 24,
                "category": 36368,
                "categoryName": "Земельные участки ЕГРН",
                "descr": "24:11:0330102:722",
                "externalKey": "24:11:0330102:722",
                "interactionId": 105471655,
                "label": "24:11:0330102:722",
                "options": {
                    "area": null,
                    "cad_num": "24:11:0330102:722",
                    "cost_application_date": "2023-01-01",
                    "cost_approvement_date": "",
                    "cost_determination_date": "2022-01-01",
                    "cost_index": 263.98,
                    "cost_registration_date": "2022-12-28",
                    "cost_value": 527696.02,
                    "declared_area": null,
                    "determination_couse": "Акт об утверждении результатов определения кадастровой стоимости, полученных в соответствии с положениями Закона 237-ФЗ\n\n\n\n\n\n\n",
                    "land_record_area": 1999,
                    "land_record_category_type": "Земли населенных пунктов",
                    "land_record_reg_date": "2021-12-28",
                    "land_record_subtype": "Землепользование",
                    "land_record_type": "Земельный участок",
                    "ownership_type": "Частная",
                    "permitted_use_established_by_document": "для ведения личного подсобного хозяйства (приусадебный земельный участок) (код 2.2)",
                    "previously_posted": "Учтенный",
                    "quarter_cad_number": "24:11:0330102",
                    "readable_address": "Российская Федерация, Красноярский край, муниципальный район Емельяновский, сельское поселение Шуваевский сельсовет, село Шуваево, улица Продольная, земельный участок 7А",
                    "specified_area": 1999,
                    "status": "Учтенный"
                },
                "subcategory": 5,
                "systemInfo": {
                    "inserted": "2023-12-21T18:05:23.340502",
                    "insertedBy": "7EF5CD0B-AC08-4097-AF2B-07CD85992A79",
                    "updated": "2026-02-08T22:15:39.91302",
                    "updatedBy": "7EF5CD0B-AC08-4097-AF2B-07CD85992A79"
                }
            }
        },
        {
            "id": 105537356,
            "type": "Feature",
            "geometry": {
                "type": "Polygon",
                "coordinates": [
                    [
                        [
                            10341880.12877321,
                            7598123.930957457
                        ],
                        [
                            10341927.528850837,
                            7598021.705021178
                        ],
                        [
                            10341953.121608991,
                            7598033.656070483
                        ],
                        [
                            10341978.947436001,
                            7598045.715208137
                        ],
                        [
                            10341944.785926418,
                            7598120.517961615
                        ],
                        [
                            10341931.995386899,
                            7598148.553444967
                        ],
                        [
                            10341906.241252631,
                            7598136.33234646
                        ],
                        [
                            10341880.12877321,
                            7598123.930957457
                        ]
                    ]
                ],
                "crs": {
                    "type": "name",
                    "properties": {
                        "name": "EPSG:3857"
                    }
                }
            },
            "properties": {
                "cadastralDistrictsCode": 24,
                "category": 36368,
                "categoryName": "Земельные участки ЕГРН",
                "descr": "24:11:0330102:718",
                "externalKey": "24:11:0330102:718",
                "interactionId": 105471664,
                "label": "24:11:0330102:718",
                "options": {
                    "area": null,
                    "cad_num": "24:11:0330102:718",
                    "cost_application_date": "2023-01-01",
                    "cost_approvement_date": "",
                    "cost_determination_date": "2022-01-01",
                    "cost_index": 251.39,
                    "cost_registration_date": "2022-12-28",
                    "cost_value": 502528.61,
                    "declared_area": null,
                    "determination_couse": "Акт об утверждении результатов определения кадастровой стоимости, полученных в соответствии с положениями Закона 237-ФЗ\n\n\n\n\n\n\n",
                    "land_record_area": 1999,
                    "land_record_category_type": "Земли населенных пунктов",
                    "land_record_reg_date": "2021-11-17",
                    "land_record_subtype": "Землепользование",
                    "land_record_type": "Земельный участок",
                    "ownership_type": "Частная",
                    "permitted_use_established_by_document": "для ведения личного подсобного хозяйства",
                    "previously_posted": "Учтенный",
                    "quarter_cad_number": "24:11:0330102",
                    "readable_address": "Красноярский край, Емельяновский район, с. Шуваево, ул. Северная",
                    "right_type": "Общая долевая собственность",
                    "specified_area": 1999,
                    "status": "Учтенный"
                },
                "subcategory": 5,
                "systemInfo": {
                    "inserted": "2023-12-21T18:05:24.455841",
                    "insertedBy": "7EF5CD0B-AC08-4097-AF2B-07CD85992A79",
                    "updated": "2026-02-08T21:57:24.421203",
                    "updatedBy": "7EF5CD0B-AC08-4097-AF2B-07CD85992A79"
                }
            }
        },
        {
            "id": 105557891,
            "type": "Feature",
            "geometry": {
                "type": "Polygon",
                "coordinates": [
                    [
                        [
                            10342209.978219295,
                            7597883.990900986
                        ],
                        [
                            10342241.649129555,
                            7597818.099342423
                        ],
                        [
                            10342279.625607254,
                            7597835.978353729
                        ],
                        [
                            10342248.205012374,
                            7597902.607374482
                        ],
                        [
                            10342209.978219295,
                            7597883.990900986
                        ]
                    ]
                ],
                "crs": {
                    "type": "name",
                    "properties": {
                        "name": "EPSG:3857"
                    }
                }
            },
            "properties": {
                "cadastralDistrictsCode": 24,
                "category": 36368,
                "categoryName": "Земельные участки ЕГРН",
                "descr": "24:11:0330102:750",
                "externalKey": "24:11:0330102:750",
                "interactionId": 105492199,
                "label": "24:11:0330102:750",
                "options": {
                    "area": null,
                    "cad_num": "24:11:0330102:750",
                    "cost_application_date": "2023-01-01",
                    "cost_approvement_date": "",
                    "cost_determination_date": "2022-01-01",
                    "cost_index": 262.41,
                    "cost_registration_date": "2023-03-27",
                    "cost_value": 252438.42,
                    "declared_area": null,
                    "determination_couse": "Акт бюджетного учреждения, созданного субъектом Российской Федерации, об определении кадастровой стоимости в соответствии со статьей 16 Закона 237-ФЗ\n\n\n\n\n\n\n\n\n\n\n\n\n\n\n\n\n\n\n\n\n\n\n\n\n\n\n\n\n\n\n\n\n\n\n\n\n\n\n\n\n\n\n\n\n\n\n\n\n\n\n\n\n\n\n",
                    "land_record_area": 962,
                    "land_record_category_type": "Земли населенных пунктов",
                    "land_record_reg_date": "2022-09-05",
                    "land_record_subtype": "Землепользование",
                    "land_record_type": "Земельный участок",
                    "ownership_type": "Частная",
                    "permitted_use_established_by_document": "Для ведения личного подсобного хозяйства",
                    "previously_posted": "Учтенный",
                    "quarter_cad_number": "24:11:0330102",
                    "readable_address": "Российская Федерация, Красноярский край, муниципальный район Емельяновский, сельское поселение Шуваевский сельсовет, село Шуваево, улица Продольная, земельный участок 8/1",
                    "specified_area": 962,
                    "status": "Учтенный"
                },
                "subcategory": 5,
                "systemInfo": {
                    "inserted": "2023-12-21T18:52:33.357061",
                    "insertedBy": "7EF5CD0B-AC08-4097-AF2B-07CD85992A79",
                    "updated": "2026-02-03T20:25:18.911276",
                    "updatedBy": "7EF5CD0B-AC08-4097-AF2B-07CD85992A79"
                }
            }
        },
        {
            "id": 105557893,
            "type": "Feature",
            "geometry": {
                "type": "Polygon",
                "coordinates": [
                    [
                        [
                            10341699.807435954,
                            7597645.304859142
                        ],
                        [
                            10341728.666433394,
                            7597591.830832027
                        ],
                        [
                            10341799.095910842,
                            7597624.565843778
                        ],
                        [
                            10341773.229476994,
                            7597679.877635864
                        ],
                        [
                            10341699.807435954,
                            7597645.304859142
                        ]
                    ]
                ],
                "crs": {
                    "type": "name",
                    "properties": {
                        "name": "EPSG:3857"
                    }
                }
            },
            "properties": {
                "cadastralDistrictsCode": 24,
                "category": 36368,
                "categoryName": "Земельные участки ЕГРН",
                "descr": "24:11:0330102:760",
                "externalKey": "24:11:0330102:760",
                "interactionId": 105492201,
                "label": "24:11:0330102:760",
                "options": {
                    "area": null,
                    "cad_num": "24:11:0330102:760",
                    "cost_application_date": "2023-01-01",
                    "cost_approvement_date": "",
                    "cost_determination_date": "2022-01-01",
                    "cost_index": 262.41,
                    "cost_registration_date": "2023-03-27",
                    "cost_value": 393615,
                    "declared_area": null,
                    "determination_couse": "Акт бюджетного учреждения, созданного субъектом Российской Федерации, об определении кадастровой стоимости в соответствии со статьей 16 Закона 237-ФЗ\n\n\n\n\n\n\n\n\n\n\n\n\n\n\n\n\n\n\n\n\n\n\n\n\n\n\n\n\n\n\n\n\n\n\n\n\n\n\n\n\n\n\n\n\n\n\n\n\n\n\n\n\n\n\n",
                    "land_record_area": 1500,
                    "land_record_category_type": "Земли населенных пунктов",
                    "land_record_reg_date": "2022-12-27",
                    "land_record_subtype": "Землепользование",
                    "land_record_type": "Земельный участок",
                    "ownership_type": "Частная",
                    "permitted_use_established_by_document": "Для ведения личного подсобного хозяйства (приусадебный земельный участок) (2.2)",
                    "previously_posted": "Учтенный",
                    "quarter_cad_number": "24:11:0330102",
                    "readable_address": "Российская Федерация, Красноярский край, Емельяновский район, с. Шуваево",
                    "right_type": "Собственность",
                    "specified_area": 1500,
                    "status": "Учтенный"
                },
                "subcategory": 5,
                "systemInfo": {
                    "inserted": "2023-12-21T18:52:33.597787",
                    "insertedBy": "7EF5CD0B-AC08-4097-AF2B-07CD85992A79",
                    "updated": "2026-02-01T18:50:09.922524",
                    "updatedBy": "7EF5CD0B-AC08-4097-AF2B-07CD85992A79"
                }
            }
        },
        {
            "id": 105557894,
            "type": "Feature",
            "geometry": {
                "type": "Polygon",
                "coordinates": [
                    [
                        [
                            10342171.647988059,
                            7597862.480826742
                        ],
                        [
                            10342201.235502107,
                            7597799.04873204
                        ],
                        [
                            10342241.649129555,
                            7597818.099342423
                        ],
                        [
                            10342209.978219295,
                            7597883.990900986
                        ],
                        [
                            10342170.622570325,
                            7597864.815625669
                        ],
                        [
                            10342171.647988059,
                            7597862.480826742
                        ]
                    ]
                ],
                "crs": {
                    "type": "name",
                    "properties": {
                        "name": "EPSG:3857"
                    }
                }
            },
            "properties": {
                "cadastralDistrictsCode": 24,
                "category": 36368,
                "categoryName": "Земельные участки ЕГРН",
                "descr": "24:11:0330102:749",
                "externalKey": "24:11:0330102:749",
                "interactionId": 105492202,
                "label": "24:11:0330102:749",
                "options": {
                    "area": null,
                    "cad_num": "24:11:0330102:749",
                    "cost_application_date": "2023-01-01",
                    "cost_approvement_date": "",
                    "cost_determination_date": "2022-01-01",
                    "cost_index": 262.41,
                    "cost_registration_date": "2023-03-27",
                    "cost_value": 262410,
                    "declared_area": null,
                    "determination_couse": "Акт бюджетного учреждения, созданного субъектом Российской Федерации, об определении кадастровой стоимости в соответствии со статьей 16 Закона 237-ФЗ\n\n\n\n\n\n\n\n\n\n\n\n\n\n\n\n\n\n\n\n\n\n\n\n\n\n\n\n\n\n\n\n\n\n\n\n\n\n\n\n\n\n\n\n\n\n\n\n\n\n\n\n\n\n\n",
                    "land_record_area": 1000,
                    "land_record_category_type": "Земли населенных пунктов",
                    "land_record_reg_date": "2022-09-05",
                    "land_record_subtype": "Землепользование",
                    "land_record_type": "Земельный участок",
                    "ownership_type": "Частная",
                    "permitted_use_established_by_document": "Для ведения личного подсобного хозяйства",
                    "previously_posted": "Учтенный",
                    "quarter_cad_number": "24:11:0330102",
                    "readable_address": "Российская Федерация, Красноярский край, муниципальный район Емельяновский, сельское поселение Шуваевский сельсовет, село Шуваево, улица Продольная, земельный участок 8",
                    "right_type": "Собственность",
                    "specified_area": 1000,
                    "status": "Учтенный"
                },
                "subcategory": 5,
                "systemInfo": {
                    "inserted": "2023-12-21T18:52:33.774134",
                    "insertedBy": "7EF5CD0B-AC08-4097-AF2B-07CD85992A79",
                    "updated": "2026-02-03T20:25:54.872142",
                    "updatedBy": "7EF5CD0B-AC08-4097-AF2B-07CD85992A79"
                }
            }
        },
        {
            "id": 105557900,
            "type": "Feature",
            "geometry": {
                "type": "Polygon",
                "coordinates": [
                    [
                        [
                            10342001.087051006,
                            7598026.301368113
                        ],
                        [
                            10342031.936064256,
                            7597959.923088044
                        ],
                        [
                            10342083.568546891,
                            7597984.813266803
                        ],
                        [
                            10342053.168725677,
                            7598050.833169162
                        ],
                        [
                            10342001.087051006,
                            7598026.301368113
                        ]
                    ]
                ],
                "crs": {
                    "type": "name",
                    "properties": {
                        "name": "EPSG:3857"
                    }
                }
            },
            "properties": {
                "cadastralDistrictsCode": 24,
                "category": 36368,
                "categoryName": "Земельные участки ЕГРН",
                "descr": "24:11:0330102:746",
                "externalKey": "24:11:0330102:746",
                "interactionId": 105492208,
                "label": "24:11:0330102:746",
                "options": {
                    "area": null,
                    "cad_num": "24:11:0330102:746",
                    "cost_application_date": "2023-01-01",
                    "cost_approvement_date": "",
                    "cost_determination_date": "2022-01-01",
                    "cost_index": 262.41,
                    "cost_registration_date": "2023-03-27",
                    "cost_value": 341133,
                    "declared_area": null,
                    "determination_couse": "Акт бюджетного учреждения, созданного субъектом Российской Федерации, об определении кадастровой стоимости в соответствии со статьей 16 Закона 237-ФЗ\n\n\n\n\n\n\n\n\n\n\n\n\n\n\n\n\n\n\n\n\n\n\n\n\n\n\n\n\n\n\n\n\n\n\n\n\n\n\n\n\n\n\n\n\n\n\n\n\n\n\n\n\n\n\n",
                    "land_record_area": 1300,
                    "land_record_category_type": "Земли населенных пунктов",
                    "land_record_reg_date": "2022-08-23",
                    "land_record_subtype": "Землепользование",
                    "land_record_type": "Земельный участок",
                    "ownership_type": "Частная",
                    "permitted_use_established_by_document": "Для ведения личного подсобного хозяйства",
                    "previously_posted": "Учтенный",
                    "quarter_cad_number": "24:11:0330102",
                    "readable_address": "Российская Федерация, Красноярский край, муниципальный район Емельяновский, сельское поселение Шуваевский сельсовет, село Шуваево, улица Северная, земельный участок 4А",
                    "specified_area": 1300,
                    "status": "Учтенный"
                },
                "subcategory": 5,
                "systemInfo": {
                    "inserted": "2023-12-21T18:52:34.982789",
                    "insertedBy": "7EF5CD0B-AC08-4097-AF2B-07CD85992A79",
                    "updated": "2026-02-19T11:00:11.064",
                    "updatedBy": "7EF5CD0B-AC08-4097-AF2B-07CD85992A79"
                }
            }
        },
        {
            "id": 105559724,
            "type": "Feature",
            "geometry": {
                "type": "Polygon",
                "coordinates": [
                    [
                        [
                            10342309.674038667,
                            7597960.809706942
                        ],
                        [
                            10342284.530892424,
                            7598013.628615765
                        ],
                        [
                            10342328.832920106,
                            7598036.063204002
                        ],
                        [
                            10342309.086234689,
                            7598076.813270497
                        ],
                        [
                            10342254.172685746,
                            7598050.320376038
                        ],
                        [
                            10342299.081978122,
                            7597955.835245074
                        ],
                        [
                            10342309.674038667,
                            7597960.809706942
                        ]
                    ]
                ],
                "crs": {
                    "type": "name",
                    "properties": {
                        "name": "EPSG:3857"
                    }
                }
            },
            "properties": {
                "cadastralDistrictsCode": 24,
                "category": 36368,
                "categoryName": "Земельные участки ЕГРН",
                "descr": "24:11:0330102:758",
                "externalKey": "24:11:0330102:758",
                "interactionId": 105494032,
                "label": "24:11:0330102:758",
                "options": {
                    "area": null,
                    "cad_num": "24:11:0330102:758",
                    "cost_application_date": "2023-01-16",
                    "cost_approvement_date": "",
                    "cost_determination_date": "2022-01-01",
                    "cost_index": 262.41,
                    "cost_registration_date": "2023-02-16",
                    "cost_value": 283927.62,
                    "declared_area": null,
                    "determination_couse": "Акт бюджетного учреждения, созданного субъектом Российской Федерации, об определении кадастровой стоимости в соответствии со статьей 16 Закона 237-ФЗ\n\n\n\n\n\n\n\n\n\n\n\n\n\n\n\n\n\n\n\n\n\n\n\n\n\n\n\n\n\n\n",
                    "land_record_area": 1082,
                    "land_record_category_type": "Земли населенных пунктов",
                    "land_record_reg_date": "2022-12-23",
                    "land_record_subtype": "Землепользование",
                    "land_record_type": "Земельный участок",
                    "ownership_type": "Частная",
                    "permitted_use_established_by_document": "Одноквартирные усадебные жилые  дома",
                    "previously_posted": "Учтенный",
                    "quarter_cad_number": "24:11:0330102",
                    "readable_address": "Российская Федерация, Красноярский край, муниципальный район Емельяновский, сельское поселение Шуваевский сельсовет, село Шуваево, улица Продольная, земельный участок 3А/1",
                    "right_type": "Собственность",
                    "specified_area": 1082,
                    "status": "Учтенный"
                },
                "subcategory": 5,
                "systemInfo": {
                    "inserted": "2023-12-21T18:58:14.400605",
                    "insertedBy": "7EF5CD0B-AC08-4097-AF2B-07CD85992A79",
                    "updated": "2026-02-01T18:50:44.039332",
                    "updatedBy": "7EF5CD0B-AC08-4097-AF2B-07CD85992A79"
                }
            }
        },
        {
            "id": 105560202,
            "type": "Feature",
            "geometry": {
                "type": "Polygon",
                "coordinates": [
                    [
                        [
                            10341646.8832941,
                            7597996.053959908
                        ],
                        [
                            10341663.458064927,
                            7597955.9663662445
                        ],
                        [
                            10341745.544643067,
                            7597990.7330392245
                        ],
                        [
                            10341727.947868075,
                            7598030.909377087
                        ],
                        [
                            10341646.8832941,
                            7597996.053959908
                        ]
                    ]
                ],
                "crs": {
                    "type": "name",
                    "properties": {
                        "name": "EPSG:3857"
                    }
                }
            },
            "properties": {
                "cadastralDistrictsCode": 24,
                "category": 36368,
                "categoryName": "Земельные участки ЕГРН",
                "descr": "24:11:0330102:770",
                "externalKey": "24:11:0330102:770",
                "interactionId": 105494510,
                "label": "24:11:0330102:770",
                "options": {
                    "area": null,
                    "cad_num": "24:11:0330102:770",
                    "cost_application_date": "2023-03-06",
                    "cost_approvement_date": "",
                    "cost_determination_date": "2022-01-01",
                    "cost_index": 262.41,
                    "cost_registration_date": "2023-03-30",
                    "cost_value": 314892,
                    "declared_area": null,
                    "determination_couse": "Акт бюджетного учреждения, созданного субъектом Российской Федерации, об определении кадастровой стоимости в соответствии со статьей 16 Закона 237-ФЗ\n\n\n\n\n\n\n\n\n\n\n\n\n\n\n\n\n\n\n\n\n\n\n\n\n\n\n\n\n\n\n\n\n\n\n\n\n\n\n\n\n\n\n\n\n\n\n\n\n\n\n\n\n\n\n\n",
                    "land_record_area": 1200,
                    "land_record_category_type": "Земли населенных пунктов",
                    "land_record_reg_date": "2023-03-06",
                    "land_record_subtype": "Землепользование",
                    "land_record_type": "Земельный участок",
                    "ownership_type": "Частная",
                    "permitted_use_established_by_document": "для ведения личного подсобного хозяйства",
                    "previously_posted": "Учтенный",
                    "quarter_cad_number": "24:11:0330102",
                    "readable_address": "Российская Федерация, Красноярский край, муниципальный район Емельяновский, сельское поселение Шуваевский сельсовет, село Шуваево, улица Степная, земельный участок 1А",
                    "right_type": "Общая совместная собственность",
                    "specified_area": 1200,
                    "status": "Учтенный"
                },
                "subcategory": 5,
                "systemInfo": {
                    "inserted": "2023-12-21T18:59:20.661562",
                    "insertedBy": "7EF5CD0B-AC08-4097-AF2B-07CD85992A79",
                    "updated": "2026-02-03T07:08:31.05866",
                    "updatedBy": "7EF5CD0B-AC08-4097-AF2B-07CD85992A79"
                }
            }
        },
        {
            "id": 105560223,
            "type": "Feature",
            "geometry": {
                "type": "Polygon",
                "coordinates": [
                    [
                        [
                            10341663.458064927,
                            7597955.9663662445
                        ],
                        [
                            10341681.310417596,
                            7597912.771807479
                        ],
                        [
                            10341764.29275856,
                            7597947.916771858
                        ],
                        [
                            10341745.544643067,
                            7597990.7330392245
                        ],
                        [
                            10341663.458064927,
                            7597955.9663662445
                        ]
                    ]
                ],
                "crs": {
                    "type": "name",
                    "properties": {
                        "name": "EPSG:3857"
                    }
                }
            },
            "properties": {
                "cadastralDistrictsCode": 24,
                "category": 36368,
                "categoryName": "Земельные участки ЕГРН",
                "descr": "24:11:0330102:771",
                "externalKey": "24:11:0330102:771",
                "interactionId": 105494531,
                "label": "24:11:0330102:771",
                "options": {
                    "area": null,
                    "cad_num": "24:11:0330102:771",
                    "cost_application_date": "2023-03-06",
                    "cost_approvement_date": "",
                    "cost_determination_date": "2022-01-01",
                    "cost_index": 262.41,
                    "cost_registration_date": "2023-03-30",
                    "cost_value": 341133,
                    "declared_area": null,
                    "determination_couse": "Акт бюджетного учреждения, созданного субъектом Российской Федерации, об определении кадастровой стоимости в соответствии со статьей 16 Закона 237-ФЗ\n\n\n\n\n\n\n\n\n\n\n\n\n\n\n\n\n\n\n\n\n\n\n\n\n\n\n\n\n\n\n\n\n\n\n\n\n\n\n\n\n\n\n\n\n\n\n\n\n\n\n\n\n\n\n\n",
                    "land_record_area": 1300,
                    "land_record_category_type": "Земли населенных пунктов",
                    "land_record_reg_date": "2023-03-06",
                    "land_record_subtype": "Землепользование",
                    "land_record_type": "Земельный участок",
                    "ownership_type": "Частная",
                    "permitted_use_established_by_document": "для ведения личного подсобного хозяйства",
                    "previously_posted": "Учтенный",
                    "quarter_cad_number": "24:11:0330102",
                    "readable_address": "Российская Федерация, Красноярский край, муниципальный район Емельяновский, сельское поселение Шуваевский сельсовет, село Шуваево, улица Степная, земельный участок 1",
                    "right_type": "Собственность",
                    "specified_area": 1300,
                    "status": "Учтенный"
                },
                "subcategory": 5,
                "systemInfo": {
                    "inserted": "2023-12-21T18:59:23.564338",
                    "insertedBy": "7EF5CD0B-AC08-4097-AF2B-07CD85992A79",
                    "updated": "2026-02-01T18:50:01.732212",
                    "updatedBy": "7EF5CD0B-AC08-4097-AF2B-07CD85992A79"
                }
            }
        },
        {
            "id": 105560941,
            "type": "Feature",
            "geometry": {
                "type": "Polygon",
                "coordinates": [
                    [
                        [
                            10341658.06162172,
                            7597556.740964848
                        ],
                        [
                            10341723.89367091,
                            7597443.480983604
                        ],
                        [
                            10341755.984952275,
                            7597461.55092552
                        ],
                        [
                            10341691.751225023,
                            7597573.43004789
                        ],
                        [
                            10341658.06162172,
                            7597556.740964848
                        ]
                    ]
                ],
                "crs": {
                    "type": "name",
                    "properties": {
                        "name": "EPSG:3857"
                    }
                }
            },
            "properties": {
                "cadastralDistrictsCode": 24,
                "category": 36368,
                "categoryName": "Земельные участки ЕГРН",
                "descr": "24:11:0330102:766",
                "externalKey": "24:11:0330102:766",
                "interactionId": 105495249,
                "label": "24:11:0330102:766",
                "options": {
                    "area": null,
                    "cad_num": "24:11:0330102:766",
                    "cost_application_date": "2023-02-02",
                    "cost_approvement_date": "",
                    "cost_determination_date": "2022-01-01",
                    "cost_index": 262.41,
                    "cost_registration_date": "2023-03-01",
                    "cost_value": 393615,
                    "declared_area": null,
                    "determination_couse": "Акт бюджетного учреждения, созданного субъектом Российской Федерации, об определении кадастровой стоимости в соответствии со статьей 16 Закона 237-ФЗ\n\n\n\n\n\n\n\n\n\n\n\n\n\n\n\n\n\n\n\n\n\n\n\n\n\n\n\n\n\n\n\n\n\n\n\n\n\n",
                    "land_record_area": 1500,
                    "land_record_category_type": "Земли населенных пунктов",
                    "land_record_reg_date": "2023-02-02",
                    "land_record_subtype": "Землепользование",
                    "land_record_type": "Земельный участок",
                    "ownership_type": "Частная",
                    "permitted_use_established_by_document": "для ведения личного подсобного хозяйства (приусадебный земельный участок) (2.2)",
                    "previously_posted": "Учтенный",
                    "quarter_cad_number": "24:11:0330102",
                    "readable_address": "Россия, Красноярский край, Емельяновский район, с. Шуваево, ориентировочно 75 м на юго-запад от земельного участка с кадастровым номером 24:11:0330102:735 ",
                    "right_type": "Собственность",
                    "specified_area": 1500,
                    "status": "Учтенный"
                },
                "subcategory": 5,
                "systemInfo": {
                    "inserted": "2023-12-21T19:01:35.538634",
                    "insertedBy": "7EF5CD0B-AC08-4097-AF2B-07CD85992A79",
                    "updated": "2026-02-01T18:50:22.823388",
                    "updatedBy": "7EF5CD0B-AC08-4097-AF2B-07CD85992A79"
                }
            }
        },
        {
            "id": 105581574,
            "type": "Feature",
            "geometry": {
                "type": "Polygon",
                "coordinates": [
                    [
                        [
                            10342827.34254488,
                            7598076.459519047
                        ],
                        [
                            10342794.95567985,
                            7598061.141861532
                        ],
                        [
                            10342832.847397735,
                            7597979.727340026
                        ],
                        [
                            10342865.485114248,
                            7597995.009057244
                        ],
                        [
                            10342827.34254488,
                            7598076.459519047
                        ]
                    ]
                ],
                "crs": {
                    "type": "name",
                    "properties": {
                        "name": "EPSG:3857"
                    }
                }
            },
            "properties": {
                "cadastralDistrictsCode": 24,
                "category": 36368,
                "categoryName": "Земельные участки ЕГРН",
                "descr": "24:11:0330102:763",
                "externalKey": "24:11:0330102:763",
                "interactionId": 105515882,
                "label": "24:11:0330102:763",
                "options": {
                    "area": null,
                    "cad_num": "24:11:0330102:763",
                    "cost_application_date": "2023-01-13",
                    "cost_approvement_date": "",
                    "cost_determination_date": "2022-01-01",
                    "cost_index": 262.41,
                    "cost_registration_date": "2023-02-27",
                    "cost_value": 262934.82,
                    "declared_area": null,
                    "determination_couse": "Акт бюджетного учреждения, созданного субъектом Российской Федерации, об определении кадастровой стоимости в соответствии со статьей 16 Закона 237-ФЗ\n\n\n\n\n\n\n\n\n\n\n\n\n\n\n\n\n\n\n\n\n\n\n\n\n\n\n\n\n\n\n\n\n\n\n",
                    "land_record_area": 1002,
                    "land_record_category_type": "Земли населенных пунктов",
                    "land_record_reg_date": "2023-01-13",
                    "land_record_subtype": "Землепользование",
                    "land_record_type": "Земельный участок",
                    "ownership_type": "Частная",
                    "permitted_use_established_by_document": "для ведения личного подсобного хозяйства",
                    "previously_posted": "Учтенный",
                    "quarter_cad_number": "24:11:0330102",
                    "readable_address": "Российская Федерация, Красноярский край, муниципальный район Емельяновский, сельское поселение Шуваевский сельсовет, село Шуваево, улица Парковая, земельный участок 7",
                    "specified_area": 1002,
                    "status": "Учтенный"
                },
                "subcategory": 5,
                "systemInfo": {
                    "inserted": "2023-12-21T19:54:30.775478",
                    "insertedBy": "7EF5CD0B-AC08-4097-AF2B-07CD85992A79",
                    "updated": "2026-02-03T07:01:09.313722",
                    "updatedBy": "7EF5CD0B-AC08-4097-AF2B-07CD85992A79"
                }
            }
        },
        {
            "id": 106992686,
            "type": "Feature",
            "geometry": {
                "type": "Polygon",
                "coordinates": [
                    [
                        [
                            10342163.75737131,
                            7598631.536003183
                        ],
                        [
                            10342142.642542418,
                            7598544.106215978
                        ],
                        [
                            10342211.484064244,
                            7598539.168912945
                        ],
                        [
                            10342221.49045818,
                            7598553.273083595
                        ],
                        [
                            10342214.733094078,
                            7598589.532356777
                        ],
                        [
                            10342209.234480316,
                            7598597.163140929
                        ],
                        [
                            10342193.982784193,
                            7598615.186644848
                        ],
                        [
                            10342180.134853017,
                            7598629.653508835
                        ],
                        [
                            10342163.75737131,
                            7598631.536003183
                        ]
                    ]
                ],
                "crs": {
                    "type": "name",
                    "properties": {
                        "name": "EPSG:3857"
                    }
                }
            },
            "properties": {
                "cadastralDistrictsCode": 24,
                "category": 36368,
                "categoryName": "Земельные участки ЕГРН",
                "descr": "24:11:0330102:822",
                "externalKey": "24:11:0330102:822",
                "interactionId": 106926994,
                "label": "24:11:0330102:822",
                "options": {
                    "area": null,
                    "cad_num": "24:11:0330102:822",
                    "cost_application_date": "2025-01-20",
                    "cost_approvement_date": "",
                    "cost_determination_date": "2022-01-01",
                    "cost_index": 6.06,
                    "cost_registration_date": "2025-02-04",
                    "cost_value": 9350.58,
                    "declared_area": null,
                    "determination_couse": "Акт бюджетного учреждения, созданного субъектом Российской Федерации, об определении кадастровой стоимости в соответствии со статьей 16 Закона 237-ФЗ\n\n\n\n\n\n\n\n\n\n\n\n\n\n\n\n\n\n\n\n\n\n\n\n\n\n\n\n\n\n\n\n\n\n\n\n\n\n\n\n\n\n\n\n\n\n\n\n\n\n\n\n\n\n\n\n\n\n\n\n\n\n\n\n\n\n\n\n\n\n\n\n\n\n\n\n\n\n\n\n\n\n\n\n\n\n\n\n\n\n\n\n\n\n\n\n\n\n\n\n\n\n\n",
                    "land_record_area": 1572,
                    "land_record_category_type": "Земли сельскохозяйственного назначения",
                    "land_record_reg_date": "2024-01-26",
                    "land_record_subtype": "Землепользование",
                    "land_record_type": "Земельный участок",
                    "ownership_type": null,
                    "permitted_use_established_by_document": "Ведение личного подсобного хозяйства на полевых участках",
                    "previously_posted": "Учтенный",
                    "quarter_cad_number": "24:11:0330102",
                    "readable_address": "Российская Федерация, Красноярский край, Емельяновский район, МО Шуваевский сельсовет",
                    "specified_area": 1543,
                    "status": "Учтенный"
                },
                "subcategory": 8,
                "systemInfo": {
                    "inserted": "2024-02-20T12:56:33.198013",
                    "insertedBy": "7EF5CD0B-AC08-4097-AF2B-07CD85992A79",
                    "updated": "2026-03-18T11:45:28.76738",
                    "updatedBy": "7EF5CD0B-AC08-4097-AF2B-07CD85992A79"
                }
            }
        },
        {
            "id": 109991912,
            "type": "Feature",
            "geometry": {
                "type": "Polygon",
                "coordinates": [
                    [
                        [
                            10342010.199250374,
                            7598641.800393661
                        ],
                        [
                            10341985.751379933,
                            7598630.461274652
                        ],
                        [
                            10341982.988704722,
                            7598566.834419874
                        ],
                        [
                            10342054.533082282,
                            7598553.059842308
                        ],
                        [
                            10342064.836121058,
                            7598637.491440157
                        ],
                        [
                            10342010.199250374,
                            7598641.800393661
                        ]
                    ]
                ],
                "crs": {
                    "type": "name",
                    "properties": {
                        "name": "EPSG:3857"
                    }
                }
            },
            "properties": {
                "cadastralDistrictsCode": 24,
                "category": 36368,
                "categoryName": "Земельные участки ЕГРН",
                "descr": "24:11:0330102:144",
                "externalKey": "24:11:0330102:144",
                "interactionId": 109926204,
                "label": "24:11:0330102:144",
                "options": {
                    "area": null,
                    "cad_num": "24:11:0330102:144",
                    "cost_application_date": "2023-01-01",
                    "cost_approvement_date": "",
                    "cost_determination_date": "2022-01-01",
                    "cost_index": 254.28,
                    "cost_registration_date": "2022-12-21",
                    "cost_value": 470163.72,
                    "declared_area": null,
                    "determination_couse": "Акт об утверждении результатов определения кадастровой стоимости, полученных в соответствии с положениями Закона 237-ФЗ\n\n\n\n",
                    "land_record_area": 1849,
                    "land_record_category_type": "Земли населенных пунктов",
                    "land_record_reg_date": "1992-11-13",
                    "land_record_subtype": "Землепользование",
                    "land_record_type": "Земельный участок",
                    "ownership_type": "Частная",
                    "permitted_use_established_by_document": "для ведения личного подсобного хозяйства",
                    "previously_posted": "Ранее учтенный",
                    "quarter_cad_number": "24:11:0330102",
                    "readable_address": "Российская Федерация, Красноярский край, муниципальный район Емельяновский, сельское поселение Шуваевский сельсовет, село Шуваево, улица Лесная, земельный участок 6",
                    "specified_area": 1849,
                    "status": "Ранее учтенный"
                },
                "subcategory": 5,
                "systemInfo": {
                    "inserted": "2024-03-01T14:32:03.310347",
                    "insertedBy": "7EF5CD0B-AC08-4097-AF2B-07CD85992A79",
                    "updated": "2026-02-08T21:57:14.088256",
                    "updatedBy": "7EF5CD0B-AC08-4097-AF2B-07CD85992A79"
                }
            }
        },
        {
            "id": 110246564,
            "type": "Feature",
            "geometry": {
                "type": "Polygon",
                "coordinates": [
                    [
                        [
                            10342409.220175372,
                            7597896.931865527
                        ],
                        [
                            10342451.671416517,
                            7597801.240361746
                        ],
                        [
                            10342495.168462737,
                            7597821.6056495225
                        ],
                        [
                            10342449.383955332,
                            7597915.837515352
                        ],
                        [
                            10342416.442822102,
                            7597900.338120198
                        ],
                        [
                            10342409.220175372,
                            7597896.931865527
                        ]
                    ]
                ],
                "crs": {
                    "type": "name",
                    "properties": {
                        "name": "EPSG:3857"
                    }
                }
            },
            "properties": {
                "cadastralDistrictsCode": 24,
                "category": 36368,
                "categoryName": "Земельные участки ЕГРН",
                "descr": "24:11:0330102:825",
                "externalKey": "24:11:0330102:825",
                "interactionId": 110180856,
                "label": "24:11:0330102:825",
                "options": {
                    "area": null,
                    "cad_num": "24:11:0330102:825",
                    "cost_application_date": "2024-02-02",
                    "cost_approvement_date": "",
                    "cost_determination_date": "2022-01-01",
                    "cost_index": 256.64,
                    "cost_registration_date": "2024-02-26",
                    "cost_value": 384960,
                    "declared_area": null,
                    "determination_couse": "Акт бюджетного учреждения, созданного субъектом Российской Федерации, об определении кадастровой стоимости в соответствии со статьей 16 Закона 237-ФЗ",
                    "land_record_area": 1500,
                    "land_record_category_type": "Земли населенных пунктов",
                    "land_record_reg_date": "2024-02-02",
                    "land_record_subtype": "Землепользование",
                    "land_record_type": "Земельный участок",
                    "ownership_type": "Частная",
                    "permitted_use_established_by_document": "ведение личного подсобного хозяйства",
                    "previously_posted": "Учтенный",
                    "quarter_cad_number": "24:11:0330102",
                    "readable_address": "Российская Федерация, Красноярский край, муниципальный район Емельяновский, сельское поселение Шуваевский сельсовет, село Шуваево, улица Парковая, земельный участок 3А/2",
                    "right_type": "Собственность",
                    "specified_area": 1500,
                    "status": "Учтенный"
                },
                "subcategory": 5,
                "systemInfo": {
                    "inserted": "2024-03-01T16:23:01.234057",
                    "insertedBy": "7EF5CD0B-AC08-4097-AF2B-07CD85992A79",
                    "updated": "2026-02-02T14:21:49.189146",
                    "updatedBy": "7EF5CD0B-AC08-4097-AF2B-07CD85992A79"
                }
            }
        },
        {
            "id": 110253913,
            "type": "Feature",
            "geometry": {
                "type": "Polygon",
                "coordinates": [
                    [
                        [
                            10342325.63139319,
                            7597857.588113069
                        ],
                        [
                            10342367.886045825,
                            7597762.005116885
                        ],
                        [
                            10342409.769669719,
                            7597781.61383147
                        ],
                        [
                            10342367.479441382,
                            7597877.287107419
                        ],
                        [
                            10342327.549052762,
                            7597858.489264829
                        ],
                        [
                            10342325.63139319,
                            7597857.588113069
                        ]
                    ]
                ],
                "crs": {
                    "type": "name",
                    "properties": {
                        "name": "EPSG:3857"
                    }
                }
            },
            "properties": {
                "cadastralDistrictsCode": 24,
                "category": 36368,
                "categoryName": "Земельные участки ЕГРН",
                "descr": "24:11:0330102:823",
                "externalKey": "24:11:0330102:823",
                "interactionId": 110188205,
                "label": "24:11:0330102:823",
                "options": {
                    "area": null,
                    "cad_num": "24:11:0330102:823",
                    "cost_application_date": "2024-02-02",
                    "cost_approvement_date": "",
                    "cost_determination_date": "2022-01-01",
                    "cost_index": 257.42,
                    "cost_registration_date": "2024-02-26",
                    "cost_value": 386130,
                    "declared_area": null,
                    "determination_couse": "Акт бюджетного учреждения, созданного субъектом Российской Федерации, об определении кадастровой стоимости в соответствии со статьей 16 Закона 237-ФЗ",
                    "land_record_area": 1500,
                    "land_record_category_type": "Земли населенных пунктов",
                    "land_record_reg_date": "2024-02-02",
                    "land_record_subtype": "Землепользование",
                    "land_record_type": "Земельный участок",
                    "ownership_type": "Частная",
                    "permitted_use_established_by_document": "ведение личного подсобного хозяйства",
                    "previously_posted": "Учтенный",
                    "quarter_cad_number": "24:11:0330102",
                    "readable_address": "Российская Федерация, Красноярский край, Емельяновский район, с. Шуваево, ул. Парковая",
                    "right_type": "Собственность",
                    "specified_area": 1500,
                    "status": "Учтенный"
                },
                "subcategory": 5,
                "systemInfo": {
                    "inserted": "2024-03-01T16:33:15.131142",
                    "insertedBy": "7EF5CD0B-AC08-4097-AF2B-07CD85992A79",
                    "updated": "2026-02-02T07:32:55.839995",
                    "updatedBy": "7EF5CD0B-AC08-4097-AF2B-07CD85992A79"
                }
            }
        },
        {
            "id": 110253948,
            "type": "Feature",
            "geometry": {
                "type": "Polygon",
                "coordinates": [
                    [
                        [
                            10342367.479441382,
                            7597877.287107419
                        ],
                        [
                            10342409.769669719,
                            7597781.61383147
                        ],
                        [
                            10342451.671416517,
                            7597801.240361746
                        ],
                        [
                            10342409.220175372,
                            7597896.931865527
                        ],
                        [
                            10342371.386441806,
                            7597879.143404018
                        ],
                        [
                            10342367.479441382,
                            7597877.287107419
                        ]
                    ]
                ],
                "crs": {
                    "type": "name",
                    "properties": {
                        "name": "EPSG:3857"
                    }
                }
            },
            "properties": {
                "cadastralDistrictsCode": 24,
                "category": 36368,
                "categoryName": "Земельные участки ЕГРН",
                "descr": "24:11:0330102:824",
                "externalKey": "24:11:0330102:824",
                "interactionId": 110188240,
                "label": "24:11:0330102:824",
                "options": {
                    "area": null,
                    "cad_num": "24:11:0330102:824",
                    "cost_application_date": "2024-02-02",
                    "cost_approvement_date": "",
                    "cost_determination_date": "2022-01-01",
                    "cost_index": 257.16,
                    "cost_registration_date": "2024-02-26",
                    "cost_value": 385740,
                    "declared_area": null,
                    "determination_couse": "Акт бюджетного учреждения, созданного субъектом Российской Федерации, об определении кадастровой стоимости в соответствии со статьей 16 Закона 237-ФЗ",
                    "land_record_area": 1500,
                    "land_record_category_type": "Земли населенных пунктов",
                    "land_record_reg_date": "2024-02-02",
                    "land_record_subtype": "Землепользование",
                    "land_record_type": "Земельный участок",
                    "ownership_type": "Частная",
                    "permitted_use_established_by_document": "ведение личного подсобного хозяйства",
                    "previously_posted": "Учтенный",
                    "quarter_cad_number": "24:11:0330102",
                    "readable_address": "Российская Федерация, Красноярский край, муниципальный район Емельяновский, сельское поселение Шуваевский сельсовет, село Шуваево, улица Парковая, земельный участок 3А/1",
                    "right_type": "Собственность",
                    "specified_area": 1500,
                    "status": "Учтенный"
                },
                "subcategory": 5,
                "systemInfo": {
                    "inserted": "2024-03-01T16:33:17.365687",
                    "insertedBy": "7EF5CD0B-AC08-4097-AF2B-07CD85992A79",
                    "updated": "2026-02-03T11:23:17.705176",
                    "updatedBy": "7EF5CD0B-AC08-4097-AF2B-07CD85992A79"
                }
            }
        },
        {
            "id": 134647008,
            "type": "Feature",
            "geometry": {
                "type": "Polygon",
                "coordinates": [
                    [
                        [
                            10342166.087800678,
                            7597667.491583183
                        ],
                        [
                            10342218.77710004,
                            7597692.16572312
                        ],
                        [
                            10342193.669459116,
                            7597745.431810356
                        ],
                        [
                            10342140.335894294,
                            7597719.588350253
                        ],
                        [
                            10342166.087800678,
                            7597667.491583183
                        ]
                    ]
                ],
                "crs": {
                    "type": "name",
                    "properties": {
                        "name": "EPSG:3857"
                    }
                }
            },
            "properties": {
                "cadastralDistrictsCode": 24,
                "category": 36368,
                "categoryName": "Земельные участки ЕГРН",
                "descr": "24:11:0330102:809",
                "externalKey": "24:11:0330102:809",
                "interactionId": 117138017,
                "label": "24:11:0330102:809",
                "options": {
                    "area": null,
                    "cad_num": "24:11:0330102:809",
                    "cost_application_date": "2023-10-05",
                    "cost_approvement_date": "",
                    "cost_determination_date": "2022-01-01",
                    "cost_index": 262.41,
                    "cost_registration_date": "2023-10-20",
                    "cost_value": 280778.7,
                    "declared_area": null,
                    "determination_couse": "Акт бюджетного учреждения, созданного субъектом Российской Федерации, об определении кадастровой стоимости в соответствии со статьей 16 Закона 237-ФЗ\n\n",
                    "land_record_area": 1070,
                    "land_record_category_type": "Земли населенных пунктов",
                    "land_record_reg_date": "2023-10-05",
                    "land_record_subtype": "Землепользование",
                    "land_record_type": "Земельный участок",
                    "ownership_type": "Частная",
                    "permitted_use_established_by_document": "для ведения личного подсобного хозяйства (приусадебный земельный\nучасток) (код 2.2)",
                    "previously_posted": "Учтенный",
                    "quarter_cad_number": "24:11:0330102",
                    "readable_address": "Российская Федерация, Красноярский край, муниципальный район Емельяновский, сельское поселение Шуваевский сельсовет, село Шуваево, улица Парковая, земельный участок 1/12\t",
                    "right_type": "Общая совместная собственность;Собственность",
                    "specified_area": 1070,
                    "status": "Учтенный"
                },
                "subcategory": 5,
                "systemInfo": {
                    "inserted": "2024-04-15T12:42:53.766074",
                    "insertedBy": "7EF5CD0B-AC08-4097-AF2B-07CD85992A79",
                    "updated": "2026-02-10T17:29:30.440063",
                    "updatedBy": "7EF5CD0B-AC08-4097-AF2B-07CD85992A79"
                }
            }
        },
        {
            "id": 148974741,
            "type": "Feature",
            "geometry": {
                "type": "Polygon",
                "coordinates": [
                    [
                        [
                            10343094.25532058,
                            7598246.7576409625
                        ],
                        [
                            10343110.12189878,
                            7598208.066519414
                        ],
                        [
                            10343090.17274581,
                            7598198.75004565
                        ],
                        [
                            10343102.63599555,
                            7598170.981611018
                        ],
                        [
                            10343108.769106563,
                            7598156.971498685
                        ],
                        [
                            10343110.53444012,
                            7598150.7555615995
                        ],
                        [
                            10343126.412289407,
                            7598117.168797105
                        ],
                        [
                            10343171.938276218,
                            7598138.486110148
                        ],
                        [
                            10343143.54986255,
                            7598223.6540157
                        ],
                        [
                            10343129.782191271,
                            7598261.988483531
                        ],
                        [
                            10343094.25532058,
                            7598246.7576409625
                        ]
                    ]
                ],
                "crs": {
                    "type": "name",
                    "properties": {
                        "name": "EPSG:3857"
                    }
                }
            },
            "properties": {
                "cadastralDistrictsCode": 24,
                "category": 36368,
                "categoryName": "Земельные участки ЕГРН",
                "descr": "24:11:0330102:831",
                "externalKey": "24:11:0330102:831",
                "interactionId": 131449142,
                "label": "24:11:0330102:831",
                "options": {
                    "area": null,
                    "cad_num": "24:11:0330102:831",
                    "cost_application_date": "2024-05-06",
                    "cost_approvement_date": "",
                    "cost_determination_date": "2022-01-01",
                    "cost_index": 252.7,
                    "cost_registration_date": "2024-05-23",
                    "cost_value": 505147.3,
                    "declared_area": null,
                    "determination_couse": "Акт бюджетного учреждения, созданного субъектом Российской Федерации, об определении кадастровой стоимости в соответствии со статьей 16 Закона 237-ФЗ",
                    "land_record_area": 1999,
                    "land_record_category_type": "Земли населенных пунктов",
                    "land_record_reg_date": "2024-05-06",
                    "land_record_subtype": "Землепользование",
                    "land_record_type": "Земельный участок",
                    "ownership_type": "Частная",
                    "permitted_use_established_by_document": "Для ведения личного подсобного хозяйства (приусадебный земельный участок) (код 2.2)",
                    "previously_posted": "Учтенный",
                    "quarter_cad_number": "24:11:0330102",
                    "readable_address": "Российская Федерация, Красноярский край, муниципальный район Емельяновский, сельское поселение Шуваевский сельсовет, село Шуваево, улица Парковая, земельный участок 15",
                    "specified_area": 1999,
                    "status": "Учтенный"
                },
                "subcategory": 5,
                "systemInfo": {
                    "inserted": "2024-06-20T15:36:05.896683",
                    "insertedBy": "7EF5CD0B-AC08-4097-AF2B-07CD85992A79",
                    "updated": "2026-02-07T18:30:20.702792",
                    "updatedBy": "7EF5CD0B-AC08-4097-AF2B-07CD85992A79"
                }
            }
        },
        {
            "id": 148999813,
            "type": "Feature",
            "geometry": {
                "type": "Polygon",
                "coordinates": [
                    [
                        [
                            10342829.339935327,
                            7598627.699784165
                        ],
                        [
                            10342858.742411846,
                            7598566.756806308
                        ],
                        [
                            10342923.593395127,
                            7598596.710618355
                        ],
                        [
                            10342891.91247621,
                            7598658.47789597
                        ],
                        [
                            10342829.339935327,
                            7598627.699784165
                        ]
                    ]
                ],
                "crs": {
                    "type": "name",
                    "properties": {
                        "name": "EPSG:3857"
                    }
                }
            },
            "properties": {
                "cadastralDistrictsCode": 24,
                "category": 36368,
                "categoryName": "Земельные участки ЕГРН",
                "descr": "24:11:0330102:833",
                "externalKey": "24:11:0330102:833",
                "interactionId": 131474214,
                "label": "24:11:0330102:833",
                "options": {
                    "area": null,
                    "cad_num": "24:11:0330102:833",
                    "cost_application_date": "2025-04-02",
                    "cost_approvement_date": "",
                    "cost_determination_date": "2022-01-01",
                    "cost_index": 262.41,
                    "cost_registration_date": "2025-04-18",
                    "cost_value": 393615,
                    "declared_area": null,
                    "determination_couse": "Акт бюджетного учреждения, созданного субъектом Российской Федерации, об определении кадастровой стоимости в соответствии со статьей 16 Закона 237-ФЗ\n\n\n\n\n\n\n\n\n\n\n\n\n\n\n\n\n\n\n\n\n\n\n\n\n\n\n\n\n\n\n\n\n\n\n\n\n\n\n\n\n\n\n\n\n\n\n\n\n\n\n\n\n\n\n\n\n\n\n\n\n\n\n\n\n\n\n\n\n\n\n\n\n\n\n\n\n\n\n\n\n\n\n\n\n\n\n\n\n\n\n\n\n\n\n\n\n\n\n\n\n\n\n\n\n\n\n\n\n\n\n\n\n\n\n\n\n\n\n\n\n\n\n\n\n\n\n\n\n\n\n\n\n\n\n\n\n\n\n\n\n\n\n\n\n\n\n\n\n",
                    "land_record_area": 1500,
                    "land_record_category_type": "Земли населенных пунктов",
                    "land_record_reg_date": "2024-05-07",
                    "land_record_subtype": "Землепользование",
                    "land_record_type": "Земельный участок",
                    "ownership_type": "Частная",
                    "permitted_use_established_by_document": "для ведения личного подсобного хозяйства (приусадебный земельный участок) (код - 2.2)",
                    "previously_posted": "Учтенный",
                    "quarter_cad_number": "24:11:0330102",
                    "readable_address": " Российская Федерация, Красноярский край, Емельяновский район, с. Шуваево",
                    "specified_area": 1500,
                    "status": "Учтенный"
                },
                "subcategory": 5,
                "systemInfo": {
                    "inserted": "2024-06-20T15:49:12.820609",
                    "insertedBy": "7EF5CD0B-AC08-4097-AF2B-07CD85992A79",
                    "updated": "2026-02-07T21:22:51.179419",
                    "updatedBy": "7EF5CD0B-AC08-4097-AF2B-07CD85992A79"
                }
            }
        },
        {
            "id": 149019165,
            "type": "Feature",
            "geometry": {
                "type": "Polygon",
                "coordinates": [
                    [
                        [
                            10342798.983327063,
                            7598691.032274084
                        ],
                        [
                            10342829.339935327,
                            7598627.699784165
                        ],
                        [
                            10342891.91247621,
                            7598658.47789597
                        ],
                        [
                            10342860.463446697,
                            7598720.838940969
                        ],
                        [
                            10342798.983327063,
                            7598691.032274084
                        ]
                    ]
                ],
                "crs": {
                    "type": "name",
                    "properties": {
                        "name": "EPSG:3857"
                    }
                }
            },
            "properties": {
                "cadastralDistrictsCode": 24,
                "category": 36368,
                "categoryName": "Земельные участки ЕГРН",
                "descr": "24:11:0330102:832",
                "externalKey": "24:11:0330102:832",
                "interactionId": 131493566,
                "label": "24:11:0330102:832",
                "options": {
                    "area": null,
                    "cad_num": "24:11:0330102:832",
                    "cost_application_date": "2025-04-02",
                    "cost_approvement_date": "",
                    "cost_determination_date": "2022-01-01",
                    "cost_index": 262.41,
                    "cost_registration_date": "2025-04-18",
                    "cost_value": 393615,
                    "declared_area": null,
                    "determination_couse": "Акт бюджетного учреждения, созданного субъектом Российской Федерации, об определении кадастровой стоимости в соответствии со статьей 16 Закона 237-ФЗ\n\n\n\n\n\n\n\n\n\n\n\n\n\n\n\n\n\n\n\n\n\n\n\n\n\n\n\n\n\n\n\n\n\n\n\n\n\n\n\n\n\n\n\n\n\n\n\n\n\n\n\n\n\n\n\n\n\n\n\n\n\n\n\n\n\n\n\n\n\n\n\n\n\n\n\n\n\n\n\n\n\n\n\n\n\n\n\n\n\n\n\n\n\n\n\n\n\n\n\n\n\n\n\n\n\n\n\n\n\n\n\n\n\n\n\n\n\n\n\n\n\n\n\n\n\n\n\n\n\n\n\n\n\n\n\n\n\n\n\n\n\n\n\n\n\n\n\n\n",
                    "land_record_area": 1500,
                    "land_record_category_type": "Земли населенных пунктов",
                    "land_record_reg_date": "2024-05-06",
                    "land_record_subtype": "Землепользование",
                    "land_record_type": "Земельный участок",
                    "ownership_type": "Частная",
                    "permitted_use_established_by_document": "для ведения личного подсобного хозяйства (приусадебный земельный участок) (код - 2.2)",
                    "previously_posted": "Учтенный",
                    "quarter_cad_number": "24:11:0330102",
                    "readable_address": "Российская Федерация, Красноярский край, муниципальный район Емельяновский, сельское поселение Шуваевский сельсовет, село Шуваево, улица Луговая, земельный участок 3",
                    "specified_area": 1500,
                    "status": "Учтенный"
                },
                "subcategory": 5,
                "systemInfo": {
                    "inserted": "2024-06-20T16:00:13.323268",
                    "insertedBy": "7EF5CD0B-AC08-4097-AF2B-07CD85992A79",
                    "updated": "2026-02-08T14:32:09.522089",
                    "updatedBy": "7EF5CD0B-AC08-4097-AF2B-07CD85992A79"
                }
            }
        },
        {
            "id": 149103050,
            "type": "Feature",
            "geometry": {
                "type": "Polygon",
                "coordinates": [
                    [
                        [
                            10341419.280090917,
                            7597780.608651882
                        ],
                        [
                            10341681.310417596,
                            7597912.771807479
                        ],
                        [
                            10341663.458064927,
                            7597955.9663662445
                        ],
                        [
                            10341646.8832941,
                            7597996.053959908
                        ],
                        [
                            10341626.346980685,
                            7598047.15238066
                        ],
                        [
                            10341622.52148223,
                            7598063.410878057
                        ],
                        [
                            10341579.17926841,
                            7598011.159202968
                        ],
                        [
                            10341542.76297597,
                            7597981.525449591
                        ],
                        [
                            10341509.81834239,
                            7597944.923950934
                        ],
                        [
                            10341473.44853388,
                            7597883.96679645
                        ],
                        [
                            10341435.344867434,
                            7597819.539028732
                        ],
                        [
                            10341397.195653317,
                            7597786.416441272
                        ],
                        [
                            10341419.280090917,
                            7597780.608651882
                        ]
                    ]
                ],
                "crs": {
                    "type": "name",
                    "properties": {
                        "name": "EPSG:3857"
                    }
                }
            },
            "properties": {
                "cadastralDistrictsCode": 24,
                "category": 36368,
                "categoryName": "Земельные участки ЕГРН",
                "descr": "24:11:0330102:834",
                "externalKey": "24:11:0330102:834",
                "interactionId": 131577451,
                "label": "24:11:0330102:834",
                "options": {
                    "area": null,
                    "cad_num": "24:11:0330102:834",
                    "cost_application_date": "2024-05-24",
                    "cost_approvement_date": "",
                    "cost_determination_date": "2022-01-01",
                    "cost_index": 20.2,
                    "cost_registration_date": "2024-06-14",
                    "cost_value": 175699.6,
                    "declared_area": null,
                    "determination_couse": "Акт бюджетного учреждения, созданного субъектом Российской Федерации, об определении кадастровой стоимости в соответствии со статьей 16 Закона 237-ФЗ",
                    "land_record_area": 8698,
                    "land_record_category_type": "Земли населенных пунктов",
                    "land_record_reg_date": "2024-05-24",
                    "land_record_subtype": "Землепользование",
                    "land_record_type": "Земельный участок",
                    "ownership_type": null,
                    "permitted_use_established_by_document": "животноводство (код 1.7), осуществление хозяйственной деятельности, связанной с производством продукции животноводства, в том числе сенокошение, выпас сельскохозяйственных животных, разведение племенных животных, производство и использование племенной продукции (материала), размещение зданий, сооружений, используемых для содержания и разведения сельскохозяйственных животных, производства, хранения и первичной переработки сельскохозяйственной продукции",
                    "previously_posted": "Учтенный",
                    "quarter_cad_number": "24:11:0330102",
                    "readable_address": "Российская Федерация, Красноярский край, Емельяновский район, с.Шуваево",
                    "specified_area": 8698,
                    "status": "Учтенный"
                },
                "subcategory": 5,
                "systemInfo": {
                    "inserted": "2024-06-20T16:42:42.297398",
                    "insertedBy": "7EF5CD0B-AC08-4097-AF2B-07CD85992A79",
                    "updated": "2026-02-02T23:31:23.854067",
                    "updatedBy": "7EF5CD0B-AC08-4097-AF2B-07CD85992A79"
                }
            }
        },
        {
            "id": 149721501,
            "type": "Feature",
            "geometry": {
                "type": "Polygon",
                "coordinates": [
                    [
                        [
                            10342185.265774684,
                            7598249.781745434
                        ],
                        [
                            10342222.3699103,
                            7598159.543118737
                        ],
                        [
                            10342262.91082707,
                            7598178.738452412
                        ],
                        [
                            10342225.80781162,
                            7598268.438346319
                        ],
                        [
                            10342185.265774684,
                            7598249.781745434
                        ]
                    ]
                ],
                "crs": {
                    "type": "name",
                    "properties": {
                        "name": "EPSG:3857"
                    }
                }
            },
            "properties": {
                "cadastralDistrictsCode": 24,
                "category": 36368,
                "categoryName": "Земельные участки ЕГРН",
                "descr": "24:11:0330102:241",
                "externalKey": "24:11:0330102:241",
                "interactionId": 132195902,
                "label": "24:11:0330102:241",
                "options": {
                    "area": null,
                    "cad_num": "24:11:0330102:241",
                    "cost_application_date": "2023-01-01",
                    "cost_approvement_date": "",
                    "cost_determination_date": "2022-01-01",
                    "cost_index": 275.53,
                    "cost_registration_date": "2022-12-26",
                    "cost_value": 371965.5,
                    "declared_area": null,
                    "determination_couse": "Акт об утверждении результатов определения кадастровой стоимости, полученных в соответствии с положениями Закона 237-ФЗ\n\n\n\n\n\n",
                    "land_record_area": 1350,
                    "land_record_category_type": "Земли населенных пунктов",
                    "land_record_reg_date": "2015-10-20",
                    "land_record_subtype": "Землепользование",
                    "land_record_type": "Земельный участок",
                    "ownership_type": "Частная",
                    "permitted_use_established_by_document": "Приусадебный участок личного подсобного хозяйства",
                    "previously_posted": "Учтенный",
                    "quarter_cad_number": "24:11:0330102",
                    "readable_address": "Местоположение установлено относительно ориентира, расположенного за пределами участка. Почтовый адрес ориентира: Россия, Красноярский край, Емельяновский район, с. Шуваево, ул. Северная, 5 \"А\".",
                    "right_type": "Собственность",
                    "specified_area": 1350,
                    "status": "Учтенный"
                },
                "subcategory": 5,
                "systemInfo": {
                    "inserted": "2024-06-20T23:22:17.202413",
                    "insertedBy": "7EF5CD0B-AC08-4097-AF2B-07CD85992A79",
                    "updated": "2026-03-12T20:54:36.615841",
                    "updatedBy": "22F23413-4218-4EB5-B8D3-D2646E3C2FAE"
                }
            }
        },
        {
            "id": 149943906,
            "type": "Feature",
            "geometry": {
                "type": "Polygon",
                "coordinates": [
                    [
                        [
                            10342631.67640833,
                            7598081.433336656
                        ],
                        [
                            10342656.692398628,
                            7598028.199319701
                        ],
                        [
                            10342706.858215852,
                            7598051.987332703
                        ],
                        [
                            10342681.00067867,
                            7598104.393885275
                        ],
                        [
                            10342631.67640833,
                            7598081.433336656
                        ]
                    ]
                ],
                "crs": {
                    "type": "name",
                    "properties": {
                        "name": "EPSG:3857"
                    }
                }
            },
            "properties": {
                "cadastralDistrictsCode": 24,
                "category": 36368,
                "categoryName": "Земельные участки ЕГРН",
                "descr": "24:11:0330102:257",
                "externalKey": "24:11:0330102:257",
                "interactionId": 132418307,
                "label": "24:11:0330102:257",
                "options": {
                    "area": null,
                    "cad_num": "24:11:0330102:257",
                    "cost_application_date": "2023-01-01",
                    "cost_approvement_date": "",
                    "cost_determination_date": "2022-01-01",
                    "cost_index": 262.41,
                    "cost_registration_date": "2022-12-23",
                    "cost_value": 262410,
                    "declared_area": null,
                    "determination_couse": "Акт об утверждении результатов определения кадастровой стоимости, полученных в соответствии с положениями Закона 237-ФЗ\n\n",
                    "land_record_area": 1000,
                    "land_record_category_type": "Земли населенных пунктов",
                    "land_record_reg_date": "2016-05-27",
                    "land_record_subtype": "Землепользование",
                    "land_record_type": "Земельный участок",
                    "ownership_type": "Частная",
                    "permitted_use_established_by_document": "Для ведения личного подсобного хозяйства",
                    "previously_posted": "Учтенный",
                    "quarter_cad_number": "24:11:0330102",
                    "readable_address": "Местоположение установлено относительно ориентира, расположенного за пределами участка. Почтовый адрес ориентира: Российская Федерация, Красноярский край, муниципальный район Емельяновский, сельское поселение Шуваевский сельсовет, село Шуваево, улица Продольная, земельный участок 10А.",
                    "right_type": "Собственность",
                    "specified_area": 1000,
                    "status": "Учтенный"
                },
                "subcategory": 5,
                "systemInfo": {
                    "inserted": "2024-06-21T01:50:43.475201",
                    "insertedBy": "7EF5CD0B-AC08-4097-AF2B-07CD85992A79",
                    "updated": "2026-03-12T21:09:55.687631",
                    "updatedBy": "22F23413-4218-4EB5-B8D3-D2646E3C2FAE"
                }
            }
        },
        {
            "id": 153060431,
            "type": "Feature",
            "geometry": {
                "type": "Polygon",
                "coordinates": [
                    [
                        [
                            10341665.095765848,
                            7597628.308682429
                        ],
                        [
                            10341692.109544529,
                            7597573.6641776385
                        ],
                        [
                            10341728.666433394,
                            7597591.830832027
                        ],
                        [
                            10341699.807435954,
                            7597645.304859142
                        ],
                        [
                            10341665.095765848,
                            7597628.308682429
                        ]
                    ]
                ],
                "crs": {
                    "type": "name",
                    "properties": {
                        "name": "EPSG:3857"
                    }
                }
            },
            "properties": {
                "cadastralDistrictsCode": 24,
                "category": 36368,
                "categoryName": "Земельные участки ЕГРН",
                "descr": "24:11:0330102:840",
                "externalKey": "24:11:0330102:840",
                "interactionId": 135534832,
                "label": "24:11:0330102:840",
                "options": {
                    "area": null,
                    "cad_num": "24:11:0330102:840",
                    "cost_application_date": "2024-06-28",
                    "cost_approvement_date": "",
                    "cost_determination_date": "2022-01-01",
                    "cost_index": 262.41,
                    "cost_registration_date": "2024-07-16",
                    "cost_value": 196807.5,
                    "declared_area": null,
                    "determination_couse": "Акт бюджетного учреждения, созданного субъектом Российской Федерации, об определении кадастровой стоимости в соответствии со статьей 16 Закона 237-ФЗ",
                    "land_record_area": 750,
                    "land_record_category_type": "Земли населенных пунктов",
                    "land_record_reg_date": "2024-06-28",
                    "land_record_subtype": "Землепользование",
                    "land_record_type": "Земельный участок",
                    "ownership_type": "Частная",
                    "permitted_use_established_by_document": "для ведения личного подсобного хозяйства (приусадебный земельный участок) (код 2.2)",
                    "previously_posted": "Учтенный",
                    "quarter_cad_number": "24:11:0330102",
                    "readable_address": "Российская Федерация, Красноярский край, муниципальный район Емельяновский, сельское поселение Шуваевский сельсовет, село Шуваево, улица Продольная, земельный участок 2/3",
                    "right_type": "Собственность",
                    "specified_area": 750,
                    "status": "Учтенный"
                },
                "subcategory": 5,
                "systemInfo": {
                    "inserted": "2024-07-16T19:08:35.345863",
                    "insertedBy": "7EF5CD0B-AC08-4097-AF2B-07CD85992A79",
                    "updated": "2026-02-07T19:39:33.926791",
                    "updatedBy": "7EF5CD0B-AC08-4097-AF2B-07CD85992A79"
                }
            }
        },
        {
            "id": 153073114,
            "type": "Feature",
            "geometry": {
                "type": "Polygon",
                "coordinates": [
                    [
                        [
                            10341628.197974106,
                            7597610.2489658585
                        ],
                        [
                            10341658.06162172,
                            7597556.740964848
                        ],
                        [
                            10341692.109544529,
                            7597573.6641776385
                        ],
                        [
                            10341665.095765848,
                            7597628.308682429
                        ],
                        [
                            10341628.197974106,
                            7597610.2489658585
                        ]
                    ]
                ],
                "crs": {
                    "type": "name",
                    "properties": {
                        "name": "EPSG:3857"
                    }
                }
            },
            "properties": {
                "cadastralDistrictsCode": 24,
                "category": 36368,
                "categoryName": "Земельные участки ЕГРН",
                "descr": "24:11:0330102:839",
                "externalKey": "24:11:0330102:839",
                "interactionId": 135547515,
                "label": "24:11:0330102:839",
                "options": {
                    "area": null,
                    "cad_num": "24:11:0330102:839",
                    "cost_application_date": "2024-06-28",
                    "cost_approvement_date": "",
                    "cost_determination_date": "2022-01-01",
                    "cost_index": 262.41,
                    "cost_registration_date": "2024-07-16",
                    "cost_value": 196807.5,
                    "declared_area": null,
                    "determination_couse": "Акт бюджетного учреждения, созданного субъектом Российской Федерации, об определении кадастровой стоимости в соответствии со статьей 16 Закона 237-ФЗ",
                    "land_record_area": 750,
                    "land_record_category_type": "Земли населенных пунктов",
                    "land_record_reg_date": "2024-06-28",
                    "land_record_subtype": "Землепользование",
                    "land_record_type": "Земельный участок",
                    "ownership_type": "Частная",
                    "permitted_use_established_by_document": "для ведения личного подсобного хозяйства (приусадебный земельный участок) (код 2.2)",
                    "previously_posted": "Учтенный",
                    "quarter_cad_number": "24:11:0330102",
                    "readable_address": "Российская Федерация, Красноярский край, муниципальный район Емельяновский, сельское поселение Шуваевский сельсовет, село Шуваево, улица Продольная, земельный участок 2/4",
                    "right_type": "Собственность",
                    "specified_area": 750,
                    "status": "Учтенный"
                },
                "subcategory": 5,
                "systemInfo": {
                    "inserted": "2024-07-16T19:16:29.708126",
                    "insertedBy": "7EF5CD0B-AC08-4097-AF2B-07CD85992A79",
                    "updated": "2026-02-07T19:39:49.126588",
                    "updatedBy": "7EF5CD0B-AC08-4097-AF2B-07CD85992A79"
                }
            }
        },
        {
            "id": 153162724,
            "type": "Feature",
            "geometry": {
                "type": "Polygon",
                "coordinates": [
                    [
                        [
                            10342533.33341211,
                            7598035.673639554
                        ],
                        [
                            10342558.56647129,
                            7597981.434162756
                        ],
                        [
                            10342607.315693466,
                            7598004.627750143
                        ],
                        [
                            10342582.406186817,
                            7598058.508552837
                        ],
                        [
                            10342533.33341211,
                            7598035.673639554
                        ]
                    ]
                ],
                "crs": {
                    "type": "name",
                    "properties": {
                        "name": "EPSG:3857"
                    }
                }
            },
            "properties": {
                "cadastralDistrictsCode": 24,
                "category": 36368,
                "categoryName": "Земельные участки ЕГРН",
                "descr": "24:11:0330102:255",
                "externalKey": "24:11:0330102:255",
                "interactionId": 135637125,
                "label": "24:11:0330102:255",
                "options": {
                    "area": null,
                    "cad_num": "24:11:0330102:255",
                    "cost_application_date": "2023-01-01",
                    "cost_approvement_date": "",
                    "cost_determination_date": "2022-01-01",
                    "cost_index": 262.41,
                    "cost_registration_date": "2022-12-23",
                    "cost_value": 262410,
                    "declared_area": null,
                    "determination_couse": "Акт об утверждении результатов определения кадастровой стоимости, полученных в соответствии с положениями Закона 237-ФЗ\n\n",
                    "land_record_area": 1000,
                    "land_record_category_type": "Земли населенных пунктов",
                    "land_record_reg_date": "2016-05-27",
                    "land_record_subtype": "Землепользование",
                    "land_record_type": "Земельный участок",
                    "ownership_type": "Частная",
                    "permitted_use_established_by_document": "Для ведения личного подсобного хозяйства",
                    "previously_posted": "Учтенный",
                    "quarter_cad_number": "24:11:0330102",
                    "readable_address": "Российская Федерация, Красноярский край, муниципальный район Емельяновский, сельское поселение Шуваевский сельсовет, село Шуваево, улица Продольная, земельный участок 10В",
                    "right_type": "Собственность",
                    "specified_area": 1000,
                    "status": "Учтенный"
                },
                "subcategory": 5,
                "systemInfo": {
                    "inserted": "2024-07-16T20:05:46.870213",
                    "insertedBy": "7EF5CD0B-AC08-4097-AF2B-07CD85992A79",
                    "updated": "2026-02-08T21:57:12.865289",
                    "updatedBy": "7EF5CD0B-AC08-4097-AF2B-07CD85992A79"
                }
            }
        },
        {
            "id": 153171267,
            "type": "Feature",
            "geometry": {
                "type": "Polygon",
                "coordinates": [
                    [
                        [
                            10341817.249918854,
                            7597633.03782254
                        ],
                        [
                            10341874.810082648,
                            7597522.06379194
                        ],
                        [
                            10341914.826091593,
                            7597541.707895285
                        ],
                        [
                            10341858.934350636,
                            7597652.523146373
                        ],
                        [
                            10341817.249918854,
                            7597633.03782254
                        ]
                    ]
                ],
                "crs": {
                    "type": "name",
                    "properties": {
                        "name": "EPSG:3857"
                    }
                }
            },
            "properties": {
                "cadastralDistrictsCode": 24,
                "category": 36368,
                "categoryName": "Земельные участки ЕГРН",
                "descr": "24:11:0330102:774",
                "externalKey": "24:11:0330102:774",
                "interactionId": 135645667,
                "label": "24:11:0330102:774",
                "options": {
                    "area": null,
                    "cad_num": "24:11:0330102:774",
                    "cost_application_date": "2023-03-23",
                    "cost_approvement_date": "",
                    "cost_determination_date": "2022-01-01",
                    "cost_index": 256.37,
                    "cost_registration_date": "2023-04-11",
                    "cost_value": 448647.5,
                    "declared_area": null,
                    "determination_couse": "Акт бюджетного учреждения, созданного субъектом Российской Федерации, об определении кадастровой стоимости в соответствии со статьей 16 Закона 237-ФЗ\n\n\n\n\n\n\n\n\n\n\n\n\n\n\n\n\n\n\n\n\n\n\n\n\n\n\n\n\n\n\n\n\n\n\n\n\n\n\n\n\n\n\n\n\n\n\n\n\n\n\n\n\n\n\n\n\n\n\n\n\n\n\n\n\n\n\n\n",
                    "land_record_area": 1750,
                    "land_record_category_type": "Земли населенных пунктов",
                    "land_record_reg_date": "2023-03-23",
                    "land_record_subtype": "Землепользование",
                    "land_record_type": "Земельный участок",
                    "ownership_type": "Частная",
                    "permitted_use_established_by_document": "\"Для ведения личного подсобного хозяйства (приусадебный земельный участок)\" (2.2)",
                    "previously_posted": "Учтенный",
                    "quarter_cad_number": "24:11:0330102",
                    "readable_address": "Российская Федерация, Красноярский край, муниципальный район Емельяновский, сельское поселение Шуваевский сельсовет, село Шуваево, улица Парковая, земельный участок 1/4",
                    "right_type": "Собственность",
                    "specified_area": 1750,
                    "status": "Учтенный"
                },
                "subcategory": 5,
                "systemInfo": {
                    "inserted": "2024-07-16T20:11:34.275597",
                    "insertedBy": "7EF5CD0B-AC08-4097-AF2B-07CD85992A79",
                    "updated": "2026-02-03T01:22:43.480789",
                    "updatedBy": "7EF5CD0B-AC08-4097-AF2B-07CD85992A79"
                }
            }
        },
        {
            "id": 153234497,
            "type": "Feature",
            "geometry": {
                "type": "Polygon",
                "coordinates": [
                    [
                        [
                            10342068.290954903,
                            7597621.657234826
                        ],
                        [
                            10342117.036913874,
                            7597644.493452979
                        ],
                        [
                            10342065.90776575,
                            7597749.459871323
                        ],
                        [
                            10342025.494759377,
                            7597730.534297265
                        ],
                        [
                            10342016.928313602,
                            7597726.514867442
                        ],
                        [
                            10342068.290954903,
                            7597621.657234826
                        ]
                    ]
                ],
                "crs": {
                    "type": "name",
                    "properties": {
                        "name": "EPSG:3857"
                    }
                }
            },
            "properties": {
                "cadastralDistrictsCode": 24,
                "category": 36368,
                "categoryName": "Земельные участки ЕГРН",
                "descr": "24:11:0330102:806",
                "externalKey": "24:11:0330102:806",
                "interactionId": 135708898,
                "label": "24:11:0330102:806",
                "options": {
                    "area": null,
                    "cad_num": "24:11:0330102:806",
                    "cost_application_date": "2023-10-05",
                    "cost_approvement_date": "",
                    "cost_determination_date": "2022-01-01",
                    "cost_index": 252.18,
                    "cost_registration_date": "2023-10-20",
                    "cost_value": 494020.62,
                    "declared_area": null,
                    "determination_couse": "Акт бюджетного учреждения, созданного субъектом Российской Федерации, об определении кадастровой стоимости в соответствии со статьей 16 Закона 237-ФЗ\n\n",
                    "land_record_area": 1959,
                    "land_record_category_type": "Земли населенных пунктов",
                    "land_record_reg_date": "2023-10-05",
                    "land_record_subtype": "Землепользование",
                    "land_record_type": "Земельный участок",
                    "ownership_type": "Частная",
                    "permitted_use_established_by_document": "для ведения личного подсобного хозяйства (приусадебный земельный\nучасток) (код 2.2)",
                    "previously_posted": "Учтенный",
                    "quarter_cad_number": "24:11:0330102",
                    "readable_address": "Российская Федерация, Красноярский край, муниципальный район Емельяновский, сельское поселение Шуваевский сельсовет, село Шуваево, улица Парковая, земельный участок 1/9",
                    "right_type": "Собственность",
                    "specified_area": 1959,
                    "status": "Учтенный"
                },
                "subcategory": 5,
                "systemInfo": {
                    "inserted": "2024-07-16T20:43:14.918365",
                    "insertedBy": "7EF5CD0B-AC08-4097-AF2B-07CD85992A79",
                    "updated": "2026-02-03T01:28:10.506028",
                    "updatedBy": "7EF5CD0B-AC08-4097-AF2B-07CD85992A79"
                }
            }
        },
        {
            "id": 153241354,
            "type": "Feature",
            "geometry": {
                "type": "Polygon",
                "coordinates": [
                    [
                        [
                            10342117.036913874,
                            7597644.493452979
                        ],
                        [
                            10342166.087800678,
                            7597667.491583183
                        ],
                        [
                            10342140.335894294,
                            7597719.588350253
                        ],
                        [
                            10342114.331903145,
                            7597772.170240559
                        ],
                        [
                            10342065.90776575,
                            7597749.459871323
                        ],
                        [
                            10342117.036913874,
                            7597644.493452979
                        ]
                    ]
                ],
                "crs": {
                    "type": "name",
                    "properties": {
                        "name": "EPSG:3857"
                    }
                }
            },
            "properties": {
                "cadastralDistrictsCode": 24,
                "category": 36368,
                "categoryName": "Земельные участки ЕГРН",
                "descr": "24:11:0330102:807",
                "externalKey": "24:11:0330102:807",
                "interactionId": 135715755,
                "label": "24:11:0330102:807",
                "options": {
                    "area": null,
                    "cad_num": "24:11:0330102:807",
                    "cost_application_date": "2023-10-05",
                    "cost_approvement_date": "",
                    "cost_determination_date": "2022-01-01",
                    "cost_index": 252.18,
                    "cost_registration_date": "2023-10-20",
                    "cost_value": 492507.54,
                    "declared_area": null,
                    "determination_couse": "Акт бюджетного учреждения, созданного субъектом Российской Федерации, об определении кадастровой стоимости в соответствии со статьей 16 Закона 237-ФЗ\n\n",
                    "land_record_area": 1953,
                    "land_record_category_type": "Земли населенных пунктов",
                    "land_record_reg_date": "2023-10-05",
                    "land_record_subtype": "Землепользование",
                    "land_record_type": "Земельный участок",
                    "ownership_type": "Частная",
                    "permitted_use_established_by_document": "для ведения личного подсобного хозяйства (приусадебный земельный\nучасток) (код 2.2)",
                    "previously_posted": "Учтенный",
                    "quarter_cad_number": "24:11:0330102",
                    "readable_address": "Российская Федерация, Красноярский край, муниципальный район Емельяновский, сельское поселение Шуваевский сельсовет, село Шуваево, улица Парковая, земельный участок 1/10",
                    "right_type": "Собственность",
                    "specified_area": 1953,
                    "status": "Учтенный"
                },
                "subcategory": 5,
                "systemInfo": {
                    "inserted": "2024-07-16T20:46:44.706578",
                    "insertedBy": "7EF5CD0B-AC08-4097-AF2B-07CD85992A79",
                    "updated": "2026-02-03T01:28:03.190397",
                    "updatedBy": "7EF5CD0B-AC08-4097-AF2B-07CD85992A79"
                }
            }
        },
        {
            "id": 153250681,
            "type": "Feature",
            "geometry": {
                "type": "Polygon",
                "coordinates": [
                    [
                        [
                            10341944.008062338,
                            7597627.233493114
                        ],
                        [
                            10341968.649433909,
                            7597574.938773569
                        ],
                        [
                            10342019.778286915,
                            7597598.910951742
                        ],
                        [
                            10341993.559765182,
                            7597650.71858382
                        ],
                        [
                            10341944.008062338,
                            7597627.233493114
                        ]
                    ]
                ],
                "crs": {
                    "type": "name",
                    "properties": {
                        "name": "EPSG:3857"
                    }
                }
            },
            "properties": {
                "cadastralDistrictsCode": 24,
                "category": 36368,
                "categoryName": "Земельные участки ЕГРН",
                "descr": "24:11:0330102:804",
                "externalKey": "24:11:0330102:804",
                "interactionId": 135725082,
                "label": "24:11:0330102:804",
                "options": {
                    "area": null,
                    "cad_num": "24:11:0330102:804",
                    "cost_application_date": "2023-10-05",
                    "cost_approvement_date": "",
                    "cost_determination_date": "2022-01-01",
                    "cost_index": 262.41,
                    "cost_registration_date": "2023-10-20",
                    "cost_value": 263197.23,
                    "declared_area": null,
                    "determination_couse": "Акт бюджетного учреждения, созданного субъектом Российской Федерации, об определении кадастровой стоимости в соответствии со статьей 16 Закона 237-ФЗ\n\n",
                    "land_record_area": 1003,
                    "land_record_category_type": "Земли населенных пунктов",
                    "land_record_reg_date": "2023-10-05",
                    "land_record_subtype": "Землепользование",
                    "land_record_type": "Земельный участок",
                    "ownership_type": "Частная",
                    "permitted_use_established_by_document": "для ведения личного подсобного хозяйства (приусадебный земельный\nучасток) (код 2.2)",
                    "previously_posted": "Учтенный",
                    "quarter_cad_number": "24:11:0330102",
                    "readable_address": "Российская Федерация, Красноярский край, муниципальный район Емельяновский, сельское поселение Шуваевский сельсовет, село Шуваево, улица Парковая, земельный участок 1/7",
                    "right_type": "Собственность",
                    "specified_area": 1003,
                    "status": "Учтенный"
                },
                "subcategory": 5,
                "systemInfo": {
                    "inserted": "2024-07-16T20:51:12.584243",
                    "insertedBy": "7EF5CD0B-AC08-4097-AF2B-07CD85992A79",
                    "updated": "2026-03-10T09:04:50.799701",
                    "updatedBy": "7EF5CD0B-AC08-4097-AF2B-07CD85992A79"
                }
            }
        },
        {
            "id": 153253532,
            "type": "Feature",
            "geometry": {
                "type": "Polygon",
                "coordinates": [
                    [
                        [
                            10342193.669459116,
                            7597745.431810356
                        ],
                        [
                            10342168.993104674,
                            7597797.800241981
                        ],
                        [
                            10342114.331903145,
                            7597772.170240559
                        ],
                        [
                            10342140.335894294,
                            7597719.588350253
                        ],
                        [
                            10342193.669459116,
                            7597745.431810356
                        ]
                    ]
                ],
                "crs": {
                    "type": "name",
                    "properties": {
                        "name": "EPSG:3857"
                    }
                }
            },
            "properties": {
                "cadastralDistrictsCode": 24,
                "category": 36368,
                "categoryName": "Земельные участки ЕГРН",
                "descr": "24:11:0330102:808",
                "externalKey": "24:11:0330102:808",
                "interactionId": 135727933,
                "label": "24:11:0330102:808",
                "options": {
                    "area": null,
                    "cad_num": "24:11:0330102:808",
                    "cost_application_date": "2023-10-05",
                    "cost_approvement_date": "",
                    "cost_determination_date": "2022-01-01",
                    "cost_index": 262.41,
                    "cost_registration_date": "2023-10-20",
                    "cost_value": 283927.62,
                    "declared_area": null,
                    "determination_couse": "Акт бюджетного учреждения, созданного субъектом Российской Федерации, об определении кадастровой стоимости в соответствии со статьей 16 Закона 237-ФЗ\n\n",
                    "land_record_area": 1082,
                    "land_record_category_type": "Земли населенных пунктов",
                    "land_record_reg_date": "2023-10-05",
                    "land_record_subtype": "Землепользование",
                    "land_record_type": "Земельный участок",
                    "ownership_type": "Частная",
                    "permitted_use_established_by_document": "для ведения личного подсобного хозяйства (приусадебный земельный\nучасток) (код 2.2)",
                    "previously_posted": "Учтенный",
                    "quarter_cad_number": "24:11:0330102",
                    "readable_address": "Российская Федерация, Красноярский край, муниципальный район Емельяновский, сельское поселение Шуваевский сельсовет, село Шуваево, улица Парковая, земельный участок 1/11",
                    "right_type": "Собственность",
                    "specified_area": 1082,
                    "status": "Учтенный"
                },
                "subcategory": 5,
                "systemInfo": {
                    "inserted": "2024-07-16T20:52:51.454739",
                    "insertedBy": "7EF5CD0B-AC08-4097-AF2B-07CD85992A79",
                    "updated": "2026-02-03T01:28:10.411699",
                    "updatedBy": "7EF5CD0B-AC08-4097-AF2B-07CD85992A79"
                }
            }
        },
        {
            "id": 153253927,
            "type": "Feature",
            "geometry": {
                "type": "Polygon",
                "coordinates": [
                    [
                        [
                            10341968.683956297,
                            7597703.894121708
                        ],
                        [
                            10341993.559765182,
                            7597650.71858382
                        ],
                        [
                            10342019.778286915,
                            7597598.910951742
                        ],
                        [
                            10342068.290954903,
                            7597621.657234826
                        ],
                        [
                            10342016.928313602,
                            7597726.514867442
                        ],
                        [
                            10341968.683956297,
                            7597703.894121708
                        ]
                    ]
                ],
                "crs": {
                    "type": "name",
                    "properties": {
                        "name": "EPSG:3857"
                    }
                }
            },
            "properties": {
                "cadastralDistrictsCode": 24,
                "category": 36368,
                "categoryName": "Земельные участки ЕГРН",
                "descr": "24:11:0330102:805",
                "externalKey": "24:11:0330102:805",
                "interactionId": 135728328,
                "label": "24:11:0330102:805",
                "options": {
                    "area": null,
                    "cad_num": "24:11:0330102:805",
                    "cost_application_date": "2023-10-05",
                    "cost_approvement_date": "",
                    "cost_determination_date": "2022-01-01",
                    "cost_index": 252.18,
                    "cost_registration_date": "2023-10-20",
                    "cost_value": 493011.9,
                    "declared_area": null,
                    "determination_couse": "Акт бюджетного учреждения, созданного субъектом Российской Федерации, об определении кадастровой стоимости в соответствии со статьей 16 Закона 237-ФЗ\n\n",
                    "land_record_area": 1955,
                    "land_record_category_type": "Земли населенных пунктов",
                    "land_record_reg_date": "2023-10-05",
                    "land_record_subtype": "Землепользование",
                    "land_record_type": "Земельный участок",
                    "ownership_type": "Частная",
                    "permitted_use_established_by_document": "для ведения личного подсобного хозяйства (приусадебный земельный\nучасток) (код 2.2)",
                    "previously_posted": "Учтенный",
                    "quarter_cad_number": "24:11:0330102",
                    "readable_address": "Российская Федерация, Красноярский край, муниципальный район Емельяновский, сельское поселение Шуваевский сельсовет, село Шуваево, улица Парковая, земельный участок 1/8",
                    "right_type": "Собственность",
                    "specified_area": 1955,
                    "status": "Учтенный"
                },
                "subcategory": 5,
                "systemInfo": {
                    "inserted": "2024-07-16T20:53:05.235133",
                    "insertedBy": "7EF5CD0B-AC08-4097-AF2B-07CD85992A79",
                    "updated": "2026-02-11T12:50:36.599941",
                    "updatedBy": "7EF5CD0B-AC08-4097-AF2B-07CD85992A79"
                }
            }
        },
        {
            "id": 153262480,
            "type": "Feature",
            "geometry": {
                "type": "Polygon",
                "coordinates": [
                    [
                        [
                            10341918.862764237,
                            7597680.5700618075
                        ],
                        [
                            10341944.008062338,
                            7597627.233493114
                        ],
                        [
                            10341993.559765182,
                            7597650.71858382
                        ],
                        [
                            10341968.683956297,
                            7597703.894121708
                        ],
                        [
                            10341918.862764237,
                            7597680.5700618075
                        ]
                    ]
                ],
                "crs": {
                    "type": "name",
                    "properties": {
                        "name": "EPSG:3857"
                    }
                }
            },
            "properties": {
                "cadastralDistrictsCode": 24,
                "category": 36368,
                "categoryName": "Земельные участки ЕГРН",
                "descr": "24:11:0330102:803",
                "externalKey": "24:11:0330102:803",
                "interactionId": 135736881,
                "label": "24:11:0330102:803",
                "options": {
                    "area": null,
                    "cad_num": "24:11:0330102:803",
                    "cost_application_date": "2023-10-05",
                    "cost_approvement_date": "",
                    "cost_determination_date": "2022-01-01",
                    "cost_index": 262.41,
                    "cost_registration_date": "2023-10-20",
                    "cost_value": 263722.05,
                    "declared_area": null,
                    "determination_couse": "Акт бюджетного учреждения, созданного субъектом Российской Федерации, об определении кадастровой стоимости в соответствии со статьей 16 Закона 237-ФЗ\n\n",
                    "land_record_area": 1005,
                    "land_record_category_type": "Земли населенных пунктов",
                    "land_record_reg_date": "2023-10-05",
                    "land_record_subtype": "Землепользование",
                    "land_record_type": "Земельный участок",
                    "ownership_type": "Частная",
                    "permitted_use_established_by_document": "для ведения личного подсобного хозяйства (приусадебный земельный\nучасток) (код 2.2)",
                    "previously_posted": "Учтенный",
                    "quarter_cad_number": "24:11:0330102",
                    "readable_address": "Российская Федерация, Красноярский край, муниципальный район Емельяновский, сельское поселение Шуваевский сельсовет, село Шуваево, улица Парковая, земельный участок 1/6",
                    "right_type": "Собственность",
                    "specified_area": 1005,
                    "status": "Учтенный"
                },
                "subcategory": 5,
                "systemInfo": {
                    "inserted": "2024-07-16T20:57:31.311153",
                    "insertedBy": "7EF5CD0B-AC08-4097-AF2B-07CD85992A79",
                    "updated": "2026-02-03T01:25:17.807137",
                    "updatedBy": "7EF5CD0B-AC08-4097-AF2B-07CD85992A79"
                }
            }
        },
        {
            "id": 291022875,
            "type": "Feature",
            "geometry": {
                "type": "Polygon",
                "coordinates": [
                    [
                        [
                            10341691.751225023,
                            7597573.43004789
                        ],
                        [
                            10341755.984952275,
                            7597461.55092552
                        ],
                        [
                            10341793.990746204,
                            7597482.001272149
                        ],
                        [
                            10341731.963907896,
                            7597593.345074928
                        ],
                        [
                            10341691.751225023,
                            7597573.43004789
                        ]
                    ]
                ],
                "crs": {
                    "type": "name",
                    "properties": {
                        "name": "EPSG:3857"
                    }
                }
            },
            "properties": {
                "cadastralDistrictsCode": 24,
                "category": 36368,
                "categoryName": "Земельные участки ЕГРН",
                "descr": "24:11:0330102:781",
                "externalKey": "24:11:0330102:781",
                "interactionId": 273497272,
                "label": "24:11:0330102:781",
                "options": {
                    "area": null,
                    "cad_num": "24:11:0330102:781",
                    "cost_application_date": "2023-05-24",
                    "cost_approvement_date": "",
                    "cost_determination_date": "2022-01-01",
                    "cost_index": 256.37,
                    "cost_registration_date": "2023-06-09",
                    "cost_value": 448647.5,
                    "declared_area": null,
                    "determination_couse": "Акт бюджетного учреждения, созданного субъектом Российской Федерации, об определении кадастровой стоимости в соответствии со статьей 16 Закона 237-ФЗ\n\n\n\n\n\n\n\n\n\n\n\n\n\n\n\n\n\n\n\n\n\n\n\n\n\n\n\n\n\n\n\n\n\n\n\n\n\n\n\n\n\n\n\n\n\n\n\n\n\n\n\n\n\n\n\n\n\n\n\n\n\n\n\n\n\n\n\n\n\n\n\n\n\n\n\n\n\n\n\n\n\n\n\n\n\n\n\n\n\n\n\n\n\n\n\n\n\n\n\n\n\n\n\n\n\n\n\n",
                    "land_record_category_type": "Земли населенных пунктов",
                    "land_record_reg_date": "2023-05-23",
                    "land_record_subtype": "Землепользование",
                    "land_record_type": "Земельный участок",
                    "ownership_type": "Частная",
                    "permitted_use_established_by_document": "Для ведения личного подсобного хозяйства (приусадебный земельный участок) (2.2.)",
                    "quarter_cad_number": "24:11:0330102",
                    "readable_address": "Российская Федерация,Красноярский край, Емельяновский район, с. Шуваево, ориентировочно 50 м на юго-запад от земельного участка с кадастровым номером 24:11:0330102:735",
                    "right_type": "Собственность",
                    "specified_area": 1750,
                    "status": "Учтенный"
                },
                "subcategory": 5,
                "systemInfo": {
                    "inserted": "2024-09-17T13:36:14.807412",
                    "insertedBy": "7EF5CD0B-AC08-4097-AF2B-07CD85992A79",
                    "updated": "2026-02-03T11:35:53.946404",
                    "updatedBy": "7EF5CD0B-AC08-4097-AF2B-07CD85992A79"
                }
            }
        },
        {
            "id": 291286147,
            "type": "Feature",
            "geometry": {
                "type": "Polygon",
                "coordinates": [
                    [
                        [
                            10341775.60486291,
                            7597762.132243803
                        ],
                        [
                            10341838.006730987,
                            7597791.513563993
                        ],
                        [
                            10341818.327536054,
                            7597833.860574865
                        ],
                        [
                            10341808.578955306,
                            7597854.027910254
                        ],
                        [
                            10341748.810299806,
                            7597826.46494366
                        ],
                        [
                            10341746.175947534,
                            7597825.167264138
                        ],
                        [
                            10341755.92524575,
                            7597804.58675733
                        ],
                        [
                            10341775.60486291,
                            7597762.132243803
                        ]
                    ]
                ],
                "crs": {
                    "type": "name",
                    "properties": {
                        "name": "EPSG:3857"
                    }
                }
            },
            "properties": {
                "cadastralDistrictsCode": 24,
                "category": 36368,
                "categoryName": "Земельные участки ЕГРН",
                "descr": "24:11:0330102:848",
                "externalKey": "24:11:0330102:848",
                "interactionId": 273760544,
                "label": "24:11:0330102:848",
                "options": {
                    "area": null,
                    "cad_num": "24:11:0330102:848",
                    "cost_application_date": "2024-09-14",
                    "cost_approvement_date": "",
                    "cost_determination_date": "2022-01-01",
                    "cost_index": 262.41,
                    "cost_registration_date": "2024-10-03",
                    "cost_value": 389154.03,
                    "declared_area": null,
                    "determination_couse": "Акт бюджетного учреждения, созданного субъектом Российской Федерации, об определении кадастровой стоимости в соответствии со статьей 16 Закона 237-ФЗ\n\n\n\n\n\n\n\n\n\n\n\n\n\n\n\n\n\n\n\n\n\n\n\n\n\n\n\n\n\n\n\n\n\n\n\n\n\n\n\n\n\n\n\n\n\n\n\n\n\n\n\n\n\n\n\n\n\n\n",
                    "land_record_category_type": "Земли населенных пунктов",
                    "land_record_reg_date": "2024-09-14",
                    "land_record_subtype": "Землепользование",
                    "land_record_type": "Земельный участок",
                    "ownership_type": "Частная",
                    "permitted_use_established_by_document": "для ведения личного подсобного хозяйства (приусадебный земельный участок) (код 2.2)",
                    "quarter_cad_number": "24:11:0330102",
                    "readable_address": "Российская Федерация, Красноярский край, муниципальный район Емельяновский, сельское поселение Шуваевский сельсовет, село Шуваево, улица Степная, земельный участок 3",
                    "specified_area": 1483,
                    "status": "Учтенный"
                },
                "subcategory": 5,
                "systemInfo": {
                    "inserted": "2024-09-17T15:27:48.963694",
                    "insertedBy": "7EF5CD0B-AC08-4097-AF2B-07CD85992A79",
                    "updated": "2026-02-03T17:58:56.306065",
                    "updatedBy": "7EF5CD0B-AC08-4097-AF2B-07CD85992A79"
                }
            }
        },
        {
            "id": 413757558,
            "type": "Feature",
            "geometry": {
                "type": "Polygon",
                "coordinates": [
                    [
                        [
                            10342925.024850607,
                            7598121.747575757
                        ],
                        [
                            10342963.345286442,
                            7598040.817545119
                        ],
                        [
                            10342995.858052796,
                            7598056.044753771
                        ],
                        [
                            10342957.53795162,
                            7598136.9211923145
                        ],
                        [
                            10342925.024850607,
                            7598121.747575757
                        ]
                    ]
                ],
                "crs": {
                    "type": "name",
                    "properties": {
                        "name": "EPSG:3857"
                    }
                }
            },
            "properties": {
                "cadastralDistrictsCode": 24,
                "category": 36368,
                "categoryName": "Земельные участки ЕГРН",
                "descr": "24:11:0330102:720",
                "externalKey": "24:11:0330102:720",
                "interactionId": 396231943,
                "label": "24:11:0330102:720",
                "options": {
                    "area": null,
                    "cad_num": "24:11:0330102:720",
                    "cost_application_date": "2023-01-01",
                    "cost_approvement_date": "",
                    "cost_determination_date": "2022-01-01",
                    "cost_index": 262.41,
                    "cost_registration_date": "2022-12-28",
                    "cost_value": 262410,
                    "declared_area": null,
                    "determination_couse": "Акт об утверждении результатов определения кадастровой стоимости, полученных в соответствии с положениями Закона 237-ФЗ\n\n\n\n\n\n\n",
                    "land_record_category_type": "Земли населенных пунктов",
                    "land_record_reg_date": "2021-12-08",
                    "land_record_subtype": "Землепользование",
                    "land_record_type": "Земельный участок",
                    "ownership_type": "Частная",
                    "permitted_use_established_by_document": "Для ведения личного подсобного хозяйства",
                    "quarter_cad_number": "24:11:0330102",
                    "readable_address": "Российская Федерация, Красноярский край, Емельяновский муниципальный район, сельское поселение Шуваевский сельсовет, Шуваево село, Парковая улица, земельный участок 11 ",
                    "specified_area": 1000,
                    "status": "Учтенный"
                },
                "subcategory": 5,
                "systemInfo": {
                    "inserted": "2024-12-07T11:05:56.842265",
                    "insertedBy": "7EF5CD0B-AC08-4097-AF2B-07CD85992A79",
                    "updated": "2026-02-08T21:59:27.946949",
                    "updatedBy": "7EF5CD0B-AC08-4097-AF2B-07CD85992A79"
                }
            }
        },
        {
            "id": 413757571,
            "type": "Feature",
            "geometry": {
                "type": "Polygon",
                "coordinates": [
                    [
                        [
                            10342957.53795162,
                            7598136.9211923145
                        ],
                        [
                            10342995.858052796,
                            7598056.044753771
                        ],
                        [
                            10343028.801112471,
                            7598071.470085181
                        ],
                        [
                            10342990.051180974,
                            7598152.094700741
                        ],
                        [
                            10342961.03301686,
                            7598138.561065714
                        ],
                        [
                            10342957.53795162,
                            7598136.9211923145
                        ]
                    ]
                ],
                "crs": {
                    "type": "name",
                    "properties": {
                        "name": "EPSG:3857"
                    }
                }
            },
            "properties": {
                "cadastralDistrictsCode": 24,
                "category": 36368,
                "categoryName": "Земельные участки ЕГРН",
                "descr": "24:11:0330102:721",
                "externalKey": "24:11:0330102:721",
                "interactionId": 396231956,
                "label": "24:11:0330102:721",
                "options": {
                    "area": null,
                    "cad_num": "24:11:0330102:721",
                    "cost_application_date": "2023-01-01",
                    "cost_approvement_date": "",
                    "cost_determination_date": "2022-01-01",
                    "cost_index": 262.41,
                    "cost_registration_date": "2022-12-28",
                    "cost_value": 262410,
                    "declared_area": null,
                    "determination_couse": "Акт об утверждении результатов определения кадастровой стоимости, полученных в соответствии с положениями Закона 237-ФЗ\n\n\n\n\n\n\n",
                    "land_record_category_type": "Земли населенных пунктов",
                    "land_record_reg_date": "2021-12-08",
                    "land_record_subtype": "Землепользование",
                    "land_record_type": "Земельный участок",
                    "ownership_type": "Частная",
                    "permitted_use_established_by_document": "Для ведения личного подсобного хозяйства",
                    "quarter_cad_number": "24:11:0330102",
                    "readable_address": "Российская Федерация, Красноярский край, Емельяновский муниципальный район, сельское поселение Шуваевский сельсовет, Шуваево село, Парковая улица, земельный участок 11А ",
                    "specified_area": 1000,
                    "status": "Учтенный"
                },
                "subcategory": 5,
                "systemInfo": {
                    "inserted": "2024-12-07T11:05:57.092663",
                    "insertedBy": "7EF5CD0B-AC08-4097-AF2B-07CD85992A79",
                    "updated": "2026-02-08T22:20:20.161056",
                    "updatedBy": "7EF5CD0B-AC08-4097-AF2B-07CD85992A79"
                }
            }
        },
        {
            "id": 413757640,
            "type": "Feature",
            "geometry": {
                "type": "Polygon",
                "coordinates": [
                    [
                        [
                            10342116.664511485,
                            7597913.9992921725
                        ],
                        [
                            10342042.360375322,
                            7597879.12202438
                        ],
                        [
                            10342059.320951186,
                            7597843.653224967
                        ],
                        [
                            10342133.338134171,
                            7597878.350061581
                        ],
                        [
                            10342116.664511485,
                            7597913.9992921725
                        ]
                    ]
                ],
                "crs": {
                    "type": "name",
                    "properties": {
                        "name": "EPSG:3857"
                    }
                }
            },
            "properties": {
                "cadastralDistrictsCode": 24,
                "category": 36368,
                "categoryName": "Земельные участки ЕГРН",
                "descr": "24:11:0330102:694",
                "externalKey": "24:11:0330102:694",
                "interactionId": 396232025,
                "label": "24:11:0330102:694",
                "options": {
                    "area": null,
                    "cad_num": "24:11:0330102:694",
                    "cost_application_date": "2023-01-01",
                    "cost_approvement_date": "",
                    "cost_determination_date": "2022-01-01",
                    "cost_index": 262.41,
                    "cost_registration_date": "2023-01-05",
                    "cost_value": 262410,
                    "declared_area": null,
                    "determination_couse": "Акт об утверждении результатов определения кадастровой стоимости, полученных в соответствии с положениями Закона 237-ФЗ\n\n\n\n\n\n\n\n",
                    "land_record_category_type": "Земли населенных пунктов",
                    "land_record_reg_date": "2020-09-09",
                    "land_record_subtype": "Землепользование",
                    "land_record_type": "Земельный участок",
                    "ownership_type": "Частная",
                    "permitted_use_established_by_document": "Для ведения личного подсобного хозяйства",
                    "quarter_cad_number": "24:11:0330102",
                    "readable_address": "Российская Федерация, Красноярский край, муниципальный район Емельяновский, сельское поселение Шуваевский сельсовет, село Шуваево, улица Новая, земельный участок 1 ",
                    "specified_area": 1000,
                    "status": "Учтенный"
                },
                "subcategory": 5,
                "systemInfo": {
                    "inserted": "2024-12-07T11:05:57.615194",
                    "insertedBy": "7EF5CD0B-AC08-4097-AF2B-07CD85992A79",
                    "updated": "2026-02-08T22:02:08.42277",
                    "updatedBy": "7EF5CD0B-AC08-4097-AF2B-07CD85992A79"
                }
            }
        },
        {
            "id": 413757650,
            "type": "Feature",
            "geometry": {
                "type": "Polygon",
                "coordinates": [
                    [
                        [
                            10341958.977240724,
                            7597924.795091241
                        ],
                        [
                            10342009.193963014,
                            7597820.149197071
                        ],
                        [
                            10342059.320951186,
                            7597843.653224967
                        ],
                        [
                            10342042.360375322,
                            7597879.12202438
                        ],
                        [
                            10342025.417776883,
                            7597914.447206395
                        ],
                        [
                            10342008.906784663,
                            7597948.802679257
                        ],
                        [
                            10341980.518993458,
                            7597935.122799161
                        ],
                        [
                            10341958.977240724,
                            7597924.795091241
                        ]
                    ]
                ],
                "crs": {
                    "type": "name",
                    "properties": {
                        "name": "EPSG:3857"
                    }
                }
            },
            "properties": {
                "cadastralDistrictsCode": 24,
                "category": 36368,
                "categoryName": "Земельные участки ЕГРН",
                "descr": "24:11:0330102:691",
                "externalKey": "24:11:0330102:691",
                "interactionId": 396232035,
                "label": "24:11:0330102:691",
                "options": {
                    "area": null,
                    "cad_num": "24:11:0330102:691",
                    "cost_application_date": "2023-01-01",
                    "cost_approvement_date": "",
                    "cost_determination_date": "2022-01-01",
                    "cost_index": 251.39,
                    "cost_registration_date": "2022-12-16",
                    "cost_value": 502780,
                    "declared_area": null,
                    "determination_couse": "Акт об утверждении результатов определения кадастровой стоимости, полученных в соответствии с положениями Закона 237-ФЗ\n\n",
                    "land_record_category_type": "Земли населенных пунктов",
                    "land_record_reg_date": "2020-09-09",
                    "land_record_subtype": "Землепользование",
                    "land_record_type": "Земельный участок",
                    "ownership_type": "Частная",
                    "permitted_use_established_by_document": "Для ведения личного подсобного хозяйства",
                    "quarter_cad_number": "24:11:0330102",
                    "readable_address": "Российская Федерация, Красноярский край, Емельяновский муниципальный район, сельское поселение Шуваевский сельсовет, с. Шуваево, ул. Продольная, земельный участок 1 ",
                    "specified_area": 2000,
                    "status": "Учтенный"
                },
                "subcategory": 5,
                "systemInfo": {
                    "inserted": "2024-12-07T11:05:57.764972",
                    "insertedBy": "7EF5CD0B-AC08-4097-AF2B-07CD85992A79",
                    "updated": "2026-02-08T22:02:08.704355",
                    "updatedBy": "7EF5CD0B-AC08-4097-AF2B-07CD85992A79"
                }
            }
        },
        {
            "id": 413758092,
            "type": "Feature",
            "geometry": {
                "type": "Polygon",
                "coordinates": [
                    [
                        [
                            10341773.229476994,
                            7597679.877635864
                        ],
                        [
                            10341799.095910842,
                            7597624.565843778
                        ],
                        [
                            10341894.3464016,
                            7597669.196021999
                        ],
                        [
                            10341869.269101826,
                            7597724.8330454845
                        ],
                        [
                            10341773.229476994,
                            7597679.877635864
                        ]
                    ]
                ],
                "crs": {
                    "type": "name",
                    "properties": {
                        "name": "EPSG:3857"
                    }
                }
            },
            "properties": {
                "cadastralDistrictsCode": 24,
                "category": 36368,
                "categoryName": "Земельные участки ЕГРН",
                "descr": "24:11:0330102:735",
                "externalKey": "24:11:0330102:735",
                "interactionId": 396232477,
                "label": "24:11:0330102:735",
                "options": {
                    "area": null,
                    "cad_num": "24:11:0330102:735",
                    "cost_application_date": "2023-01-01",
                    "cost_approvement_date": "",
                    "cost_determination_date": "2022-01-01",
                    "cost_index": 251.39,
                    "cost_registration_date": "2023-03-27",
                    "cost_value": 502780,
                    "declared_area": null,
                    "determination_couse": "Акт бюджетного учреждения, созданного субъектом Российской Федерации, об определении кадастровой стоимости в соответствии со статьей 16 Закона 237-ФЗ\n\n\n\n\n\n\n\n\n\n\n\n\n\n\n\n\n\n\n\n\n\n\n\n\n\n\n\n\n\n\n\n\n\n\n\n\n\n\n\n\n\n\n\n\n\n\n\n\n\n\n\n\n\n\n",
                    "land_record_category_type": "Земли населенных пунктов",
                    "land_record_reg_date": "2022-06-22",
                    "land_record_subtype": "Землепользование",
                    "land_record_type": "Земельный участок",
                    "ownership_type": "Частная",
                    "permitted_use_established_by_document": "Для ведения личного подсобного хозяйства (2.2)",
                    "quarter_cad_number": "24:11:0330102",
                    "readable_address": "Россия,  Красноярский край, Емельяновский район, с. Шуваево, западнее земельного участка с кадастровым номером 24:11:0330102:32",
                    "specified_area": 2000,
                    "status": "Учтенный"
                },
                "subcategory": 5,
                "systemInfo": {
                    "inserted": "2024-12-07T11:06:00.480603",
                    "insertedBy": "7EF5CD0B-AC08-4097-AF2B-07CD85992A79",
                    "updated": "2026-02-08T22:15:40.056123",
                    "updatedBy": "7EF5CD0B-AC08-4097-AF2B-07CD85992A79"
                }
            }
        },
        {
            "id": 413758114,
            "type": "Feature",
            "geometry": {
                "type": "Polygon",
                "coordinates": [
                    [
                        [
                            10342582.406186817,
                            7598058.508552837
                        ],
                        [
                            10342607.315693466,
                            7598004.627750143
                        ],
                        [
                            10342656.692398628,
                            7598028.199319701
                        ],
                        [
                            10342631.67640833,
                            7598081.433336656
                        ],
                        [
                            10342582.406186817,
                            7598058.508552837
                        ]
                    ]
                ],
                "crs": {
                    "type": "name",
                    "properties": {
                        "name": "EPSG:3857"
                    }
                }
            },
            "properties": {
                "cadastralDistrictsCode": 24,
                "category": 36368,
                "categoryName": "Земельные участки ЕГРН",
                "descr": "24:11:0330102:258",
                "externalKey": "24:11:0330102:258",
                "interactionId": 396232499,
                "label": "24:11:0330102:258",
                "options": {
                    "area": null,
                    "cad_num": "24:11:0330102:258",
                    "cost_application_date": "2023-01-01",
                    "cost_approvement_date": "",
                    "cost_determination_date": "2022-01-01",
                    "cost_index": 262.41,
                    "cost_registration_date": "2022-12-23",
                    "cost_value": 262410,
                    "declared_area": null,
                    "determination_couse": "Акт об утверждении результатов определения кадастровой стоимости, полученных в соответствии с положениями Закона 237-ФЗ\n\n",
                    "land_record_category_type": "Земли населенных пунктов",
                    "land_record_reg_date": "2016-05-27",
                    "land_record_subtype": "Землепользование",
                    "land_record_type": "Земельный участок",
                    "ownership_type": "Частная",
                    "permitted_use_established_by_document": "Для ведения личного подсобного хозяйства",
                    "quarter_cad_number": "24:11:0330102",
                    "readable_address": "Местоположение установлено относительно ориентира, расположенного за пределами участка. Почтовый адрес ориентира: Россия, Красноярский край, Емельяновский район, с. Шуваево, Продольная, 10 \"Б\".",
                    "specified_area": 1000,
                    "status": "Учтенный"
                },
                "subcategory": 5,
                "systemInfo": {
                    "inserted": "2024-12-07T11:06:00.898882",
                    "insertedBy": "7EF5CD0B-AC08-4097-AF2B-07CD85992A79",
                    "updated": "2026-03-14T09:10:50.20389",
                    "updatedBy": "22F23413-4218-4EB5-B8D3-D2646E3C2FAE"
                }
            }
        },
        {
            "id": 413758194,
            "type": "Feature",
            "geometry": {
                "type": "Polygon",
                "coordinates": [
                    [
                        [
                            10342280.372088686,
                            7598157.268308586
                        ],
                        [
                            10342317.348395018,
                            7598080.7961984305
                        ],
                        [
                            10342391.76151728,
                            7598117.019714291
                        ],
                        [
                            10342355.755291637,
                            7598192.703105325
                        ],
                        [
                            10342280.372088686,
                            7598157.268308586
                        ]
                    ]
                ],
                "crs": {
                    "type": "name",
                    "properties": {
                        "name": "EPSG:3857"
                    }
                }
            },
            "properties": {
                "cadastralDistrictsCode": 24,
                "category": 36368,
                "categoryName": "Земельные участки ЕГРН",
                "descr": "24:11:0330102:633",
                "externalKey": "24:11:0330102:633",
                "interactionId": 396232579,
                "label": "24:11:0330102:633",
                "options": {
                    "area": null,
                    "cad_num": "24:11:0330102:633",
                    "cost_application_date": "2023-01-01",
                    "cost_approvement_date": "",
                    "cost_determination_date": "2022-01-01",
                    "cost_index": 248.24,
                    "cost_registration_date": "2022-12-23",
                    "cost_value": 539425.52,
                    "declared_area": null,
                    "determination_couse": "Акт об утверждении результатов определения кадастровой стоимости, полученных в соответствии с положениями Закона 237-ФЗ\n\n\n\n",
                    "land_record_category_type": "Земли населенных пунктов",
                    "land_record_reg_date": "2017-11-21",
                    "land_record_subtype": "Землепользование",
                    "land_record_type": "Земельный участок",
                    "ownership_type": "Частная",
                    "permitted_use_established_by_document": "Для ведения личного подсобного хозяйства",
                    "quarter_cad_number": "24:11:0330102",
                    "readable_address": "Красноярский край, Емельяновский район, Шуваевский сельсовет, с. Шуваево ",
                    "specified_area": 2173,
                    "status": "Учтенный"
                },
                "subcategory": 5,
                "systemInfo": {
                    "inserted": "2024-12-07T11:06:01.543995",
                    "insertedBy": "7EF5CD0B-AC08-4097-AF2B-07CD85992A79",
                    "updated": "2026-02-08T21:59:28.151515",
                    "updatedBy": "7EF5CD0B-AC08-4097-AF2B-07CD85992A79"
                }
            }
        },
        {
            "id": 413758330,
            "type": "Feature",
            "geometry": {
                "type": "Polygon",
                "coordinates": [
                    [
                        [
                            10342083.568546891,
                            7597984.813266803
                        ],
                        [
                            10342008.906784663,
                            7597948.802679257
                        ],
                        [
                            10342025.417776883,
                            7597914.447206395
                        ],
                        [
                            10342100.0806262,
                            7597949.4870361155
                        ],
                        [
                            10342083.568546891,
                            7597984.813266803
                        ]
                    ]
                ],
                "crs": {
                    "type": "name",
                    "properties": {
                        "name": "EPSG:3857"
                    }
                }
            },
            "properties": {
                "cadastralDistrictsCode": 24,
                "category": 36368,
                "categoryName": "Земельные участки ЕГРН",
                "descr": "24:11:0330102:692",
                "externalKey": "24:11:0330102:692",
                "interactionId": 396232715,
                "label": "24:11:0330102:692",
                "options": {
                    "area": null,
                    "cad_num": "24:11:0330102:692",
                    "cost_application_date": "2023-01-01",
                    "cost_approvement_date": "",
                    "cost_determination_date": "2022-01-01",
                    "cost_index": 262.41,
                    "cost_registration_date": "2023-01-05",
                    "cost_value": 259785.9,
                    "declared_area": null,
                    "determination_couse": "Акт об утверждении результатов определения кадастровой стоимости, полученных в соответствии с положениями Закона 237-ФЗ\n\n\n\n\n\n\n\n",
                    "land_record_category_type": "Земли населенных пунктов",
                    "land_record_reg_date": "2020-09-09",
                    "land_record_subtype": "Землепользование",
                    "land_record_type": "Земельный участок",
                    "ownership_type": "Частная",
                    "permitted_use_established_by_document": "Для ведения личного подсобного хозяйства",
                    "quarter_cad_number": "24:11:0330102",
                    "readable_address": "Российская Федерация, Красноярский край, муниципальный район Емельяновский, сельское поселение Шуваевский сельсовет, село Шуваево, улица Новая, земельный участок 5",
                    "specified_area": 990,
                    "status": "Учтенный"
                },
                "subcategory": 5,
                "systemInfo": {
                    "inserted": "2024-12-07T11:06:02.067407",
                    "insertedBy": "7EF5CD0B-AC08-4097-AF2B-07CD85992A79",
                    "updated": "2026-02-08T22:02:10.476994",
                    "updatedBy": "7EF5CD0B-AC08-4097-AF2B-07CD85992A79"
                }
            }
        },
        {
            "id": 413760920,
            "type": "Feature",
            "geometry": {
                "type": "Polygon",
                "coordinates": [
                    [
                        [
                            10341631.068551073,
                            7597745.858147158
                        ],
                        [
                            10341670.338721395,
                            7597661.1301646875
                        ],
                        [
                            10341732.793243943,
                            7597690.458123478
                        ],
                        [
                            10341693.505626569,
                            7597775.222663613
                        ],
                        [
                            10341631.068551073,
                            7597745.858147158
                        ]
                    ]
                ],
                "crs": {
                    "type": "name",
                    "properties": {
                        "name": "EPSG:3857"
                    }
                }
            },
            "properties": {
                "cadastralDistrictsCode": 24,
                "category": 36368,
                "categoryName": "Земельные участки ЕГРН",
                "descr": "24:11:0330102:728",
                "externalKey": "24:11:0330102:728",
                "interactionId": 396235305,
                "label": "24:11:0330102:728",
                "options": {
                    "area": null,
                    "cad_num": "24:11:0330102:728",
                    "cost_application_date": "2023-01-01",
                    "cost_approvement_date": "",
                    "cost_determination_date": "2022-01-01",
                    "cost_index": 251.39,
                    "cost_registration_date": "2023-03-27",
                    "cost_value": 502780,
                    "declared_area": null,
                    "determination_couse": "Акт бюджетного учреждения, созданного субъектом Российской Федерации, об определении кадастровой стоимости в соответствии со статьей 16 Закона 237-ФЗ\n\n\n\n\n\n\n\n\n\n\n\n\n\n\n\n\n\n\n\n\n\n\n\n\n\n\n\n\n\n\n\n\n\n\n\n\n\n\n\n\n\n\n\n\n\n\n\n\n\n\n\n\n\n\n",
                    "land_record_category_type": "Земли населенных пунктов",
                    "land_record_reg_date": "2022-05-12",
                    "land_record_subtype": "Землепользование",
                    "land_record_type": "Земельный участок",
                    "ownership_type": "Частная",
                    "permitted_use_established_by_document": "Для ведения личного подсобного хозяйства",
                    "quarter_cad_number": "24:11:0330102",
                    "readable_address": "Россия, Красноярский край, Емельяновский район, с. Шуваево, юго-западнее земельного участка с кадастровым номером 24:11:0330102:716",
                    "specified_area": 2000,
                    "status": "Учтенный"
                },
                "subcategory": 5,
                "systemInfo": {
                    "inserted": "2024-12-07T11:06:14.979982",
                    "insertedBy": "7EF5CD0B-AC08-4097-AF2B-07CD85992A79",
                    "updated": "2026-02-08T22:15:21.612118",
                    "updatedBy": "7EF5CD0B-AC08-4097-AF2B-07CD85992A79"
                }
            }
        },
        {
            "id": 413761053,
            "type": "Feature",
            "geometry": {
                "type": "Polygon",
                "coordinates": [
                    [
                        [
                            10342895.397504292,
                            7598107.943392318
                        ],
                        [
                            10342933.682338199,
                            7598026.995637505
                        ],
                        [
                            10342963.345286442,
                            7598040.817545119
                        ],
                        [
                            10342925.024850607,
                            7598121.747575757
                        ],
                        [
                            10342895.397504292,
                            7598107.943392318
                        ]
                    ]
                ],
                "crs": {
                    "type": "name",
                    "properties": {
                        "name": "EPSG:3857"
                    }
                }
            },
            "properties": {
                "cadastralDistrictsCode": 24,
                "category": 36368,
                "categoryName": "Земельные участки ЕГРН",
                "descr": "24:11:0330102:702",
                "externalKey": "24:11:0330102:702",
                "interactionId": 396235438,
                "label": "24:11:0330102:702",
                "options": {
                    "area": null,
                    "cad_num": "24:11:0330102:702",
                    "cost_application_date": "2023-01-01",
                    "cost_approvement_date": "",
                    "cost_determination_date": "2022-01-01",
                    "cost_index": 262.41,
                    "cost_registration_date": "2022-12-30",
                    "cost_value": 238530.69,
                    "declared_area": null,
                    "determination_couse": "Акт об утверждении результатов определения кадастровой стоимости, полученных в соответствии с положениями Закона 237-ФЗ\n\n\n\n\n\n\n\n",
                    "land_record_category_type": "Земли населенных пунктов",
                    "land_record_reg_date": "2020-12-22",
                    "land_record_subtype": "Землепользование",
                    "land_record_type": "Земельный участок",
                    "ownership_type": "Частная",
                    "permitted_use_established_by_document": "для ведения личного подсобного хозяйства",
                    "quarter_cad_number": "24:11:0330102",
                    "readable_address": "Российская Федерация, Красноярский край, Емельяновский район, с. Шуваево, ул. Парковая",
                    "specified_area": 909,
                    "status": "Учтенный"
                },
                "subcategory": 5,
                "systemInfo": {
                    "inserted": "2024-12-07T11:06:15.925534",
                    "insertedBy": "7EF5CD0B-AC08-4097-AF2B-07CD85992A79",
                    "updated": "2026-02-08T21:59:28.940189",
                    "updatedBy": "7EF5CD0B-AC08-4097-AF2B-07CD85992A79"
                }
            }
        },
        {
            "id": 413761898,
            "type": "Feature",
            "geometry": {
                "type": "Polygon",
                "coordinates": [
                    [
                        [
                            10341693.505626569,
                            7597775.222663613
                        ],
                        [
                            10341732.793243943,
                            7597690.458123478
                        ],
                        [
                            10341795.23030991,
                            7597719.785659072
                        ],
                        [
                            10341755.92524575,
                            7597804.58675733
                        ],
                        [
                            10341693.505626569,
                            7597775.222663613
                        ]
                    ]
                ],
                "crs": {
                    "type": "name",
                    "properties": {
                        "name": "EPSG:3857"
                    }
                }
            },
            "properties": {
                "cadastralDistrictsCode": 24,
                "category": 36368,
                "categoryName": "Земельные участки ЕГРН",
                "descr": "24:11:0330102:738",
                "externalKey": "24:11:0330102:738",
                "interactionId": 396236283,
                "label": "24:11:0330102:738",
                "options": {
                    "area": null,
                    "cad_num": "24:11:0330102:738",
                    "cost_application_date": "2023-01-01",
                    "cost_approvement_date": "",
                    "cost_determination_date": "2022-01-01",
                    "cost_index": 251.39,
                    "cost_registration_date": "2023-03-27",
                    "cost_value": 502780,
                    "declared_area": null,
                    "determination_couse": "Акт бюджетного учреждения, созданного субъектом Российской Федерации, об определении кадастровой стоимости в соответствии со статьей 16 Закона 237-ФЗ\n\n\n\n\n\n\n\n\n\n\n\n\n\n\n\n\n\n\n\n\n\n\n\n\n\n\n\n\n\n\n\n\n\n\n\n\n\n\n\n\n\n\n\n\n\n\n\n\n\n\n\n\n\n\n",
                    "land_record_category_type": "Земли населенных пунктов",
                    "land_record_reg_date": "2022-06-25",
                    "land_record_subtype": "Землепользование",
                    "land_record_type": "Земельный участок",
                    "ownership_type": "Частная",
                    "permitted_use_established_by_document": "Для ведения личного подсобного хозяйства (2.2)",
                    "quarter_cad_number": "24:11:0330102",
                    "readable_address": "Россия, Красноярский край, Емельяновский район, с. Шуваево, юго-западнее земельного участка с кадастровым номером 24:11:0330102:716",
                    "specified_area": 2000,
                    "status": "Учтенный"
                },
                "subcategory": 5,
                "systemInfo": {
                    "inserted": "2024-12-07T11:06:22.982053",
                    "insertedBy": "7EF5CD0B-AC08-4097-AF2B-07CD85992A79",
                    "updated": "2026-02-08T21:57:23.856993",
                    "updatedBy": "7EF5CD0B-AC08-4097-AF2B-07CD85992A79"
                }
            }
        },
        {
            "id": 413762027,
            "type": "Feature",
            "geometry": {
                "type": "Polygon",
                "coordinates": [
                    [
                        [
                            10342859.819116447,
                            7598091.84907132
                        ],
                        [
                            10342897.961648487,
                            7598010.218573449
                        ],
                        [
                            10342930.671313295,
                            7598025.536108068
                        ],
                        [
                            10342933.682338199,
                            7598026.995637505
                        ],
                        [
                            10342895.397504292,
                            7598107.943392318
                        ],
                        [
                            10342892.440141903,
                            7598106.573758795
                        ],
                        [
                            10342878.119375976,
                            7598099.923863817
                        ],
                        [
                            10342859.819116447,
                            7598091.84907132
                        ]
                    ]
                ],
                "crs": {
                    "type": "name",
                    "properties": {
                        "name": "EPSG:3857"
                    }
                }
            },
            "properties": {
                "cadastralDistrictsCode": 24,
                "category": 36368,
                "categoryName": "Земельные участки ЕГРН",
                "descr": "24:11:0330102:701",
                "externalKey": "24:11:0330102:701",
                "interactionId": 396236412,
                "label": "24:11:0330102:701",
                "options": {
                    "area": null,
                    "cad_num": "24:11:0330102:701",
                    "cost_application_date": "2023-01-01",
                    "cost_approvement_date": "",
                    "cost_determination_date": "2022-01-01",
                    "cost_index": 262.41,
                    "cost_registration_date": "2022-12-30",
                    "cost_value": 286814.13,
                    "declared_area": null,
                    "determination_couse": "Акт об утверждении результатов определения кадастровой стоимости, полученных в соответствии с положениями Закона 237-ФЗ\n\n\n\n\n\n\n\n",
                    "land_record_category_type": "Земли населенных пунктов",
                    "land_record_reg_date": "2020-12-22",
                    "land_record_subtype": "Землепользование",
                    "land_record_type": "Земельный участок",
                    "ownership_type": "Частная",
                    "permitted_use_established_by_document": "для ведения личного подсобного хозяйства",
                    "quarter_cad_number": "24:11:0330102",
                    "readable_address": "Российская Федерация, Красноярский край, муниципальный район Емельяновский, сельское поселение Шуваевский сельсовет, село Шуваево, улица Парковая, земельный участок 9 ",
                    "specified_area": 1093,
                    "status": "Учтенный"
                },
                "subcategory": 5,
                "systemInfo": {
                    "inserted": "2024-12-07T11:06:23.571537",
                    "insertedBy": "7EF5CD0B-AC08-4097-AF2B-07CD85992A79",
                    "updated": "2026-02-08T22:02:10.598459",
                    "updatedBy": "7EF5CD0B-AC08-4097-AF2B-07CD85992A79"
                }
            }
        },
        {
            "id": 413762054,
            "type": "Feature",
            "geometry": {
                "type": "Polygon",
                "coordinates": [
                    [
                        [
                            10342309.086234689,
                            7598076.813270497
                        ],
                        [
                            10342339.730975533,
                            7598013.793659492
                        ],
                        [
                            10342422.37158602,
                            7598052.723434282
                        ],
                        [
                            10342391.76151728,
                            7598117.019714291
                        ],
                        [
                            10342317.348395018,
                            7598080.7961984305
                        ],
                        [
                            10342309.086234689,
                            7598076.813270497
                        ]
                    ]
                ],
                "crs": {
                    "type": "name",
                    "properties": {
                        "name": "EPSG:3857"
                    }
                }
            },
            "properties": {
                "cadastralDistrictsCode": 24,
                "category": 36368,
                "categoryName": "Земельные участки ЕГРН",
                "descr": "24:11:0330102:248",
                "externalKey": "24:11:0330102:248",
                "interactionId": 396236439,
                "label": "24:11:0330102:248",
                "options": {
                    "area": null,
                    "cad_num": "24:11:0330102:248",
                    "cost_application_date": "2023-01-01",
                    "cost_approvement_date": "",
                    "cost_determination_date": "2022-01-01",
                    "cost_index": 251.13,
                    "cost_registration_date": "2022-12-26",
                    "cost_value": 504269.04,
                    "declared_area": null,
                    "determination_couse": "Акт об утверждении результатов определения кадастровой стоимости, полученных в соответствии с положениями Закона 237-ФЗ\n\n\n\n\n\n",
                    "land_record_category_type": "Земли населенных пунктов",
                    "land_record_reg_date": "2016-02-12",
                    "land_record_subtype": "Землепользование",
                    "land_record_type": "Земельный участок",
                    "ownership_type": "Частная",
                    "permitted_use_established_by_document": "Для ведения личного подсобного хозяйства",
                    "quarter_cad_number": "24:11:0330102",
                    "readable_address": "Местоположение установлено относительно ориентира, расположенного за пределами участка. Почтовый адрес ориентира: Россия, Красноярский край, Емельяновский район, с. Шуваево, ул. Продольная, 3\"В\".",
                    "specified_area": 2008,
                    "status": "Учтенный"
                },
                "subcategory": 5,
                "systemInfo": {
                    "inserted": "2024-12-07T11:06:24.004839",
                    "insertedBy": "7EF5CD0B-AC08-4097-AF2B-07CD85992A79",
                    "updated": "2026-03-14T09:10:51.289481",
                    "updatedBy": "22F23413-4218-4EB5-B8D3-D2646E3C2FAE"
                }
            }
        },
        {
            "id": 413762408,
            "type": "Feature",
            "geometry": {
                "type": "Polygon",
                "coordinates": [
                    [
                        [
                            10341949.005708734,
                            7598001.769291064
                        ],
                        [
                            10341980.518993458,
                            7597935.122799161
                        ],
                        [
                            10342031.936064256,
                            7597959.923088044
                        ],
                        [
                            10342001.087051006,
                            7598026.301368113
                        ],
                        [
                            10341949.005708734,
                            7598001.769291064
                        ]
                    ]
                ],
                "crs": {
                    "type": "name",
                    "properties": {
                        "name": "EPSG:3857"
                    }
                }
            },
            "properties": {
                "cadastralDistrictsCode": 24,
                "category": 36368,
                "categoryName": "Земельные участки ЕГРН",
                "descr": "24:11:0330102:745",
                "externalKey": "24:11:0330102:745",
                "interactionId": 396236793,
                "label": "24:11:0330102:745",
                "options": {
                    "area": null,
                    "cad_num": "24:11:0330102:745",
                    "cost_application_date": "2023-01-01",
                    "cost_approvement_date": "",
                    "cost_determination_date": "2022-01-01",
                    "cost_index": 262.41,
                    "cost_registration_date": "2023-03-27",
                    "cost_value": 342969.87,
                    "declared_area": null,
                    "determination_couse": "Акт бюджетного учреждения, созданного субъектом Российской Федерации, об определении кадастровой стоимости в соответствии со статьей 16 Закона 237-ФЗ\n\n\n\n\n\n\n\n\n\n\n\n\n\n\n\n\n\n\n\n\n\n\n\n\n\n\n\n\n\n\n\n\n\n\n\n\n\n\n\n\n\n\n\n\n\n\n\n\n\n\n\n\n\n\n",
                    "land_record_category_type": "Земли населенных пунктов",
                    "land_record_reg_date": "2022-08-23",
                    "land_record_subtype": "Землепользование",
                    "land_record_type": "Земельный участок",
                    "ownership_type": "Частная",
                    "permitted_use_established_by_document": "Для ведения личного подсобного хозяйства",
                    "quarter_cad_number": "24:11:0330102",
                    "readable_address": "Российская Федерация, Красноярский край, муниципальный район Емельяновский, сельское поселение Шуваевский сельсовет, село Шуваево, улица Северная, земельный участок 4",
                    "specified_area": 1307,
                    "status": "Учтенный"
                },
                "subcategory": 5,
                "systemInfo": {
                    "inserted": "2024-12-07T11:06:29.596329",
                    "insertedBy": "7EF5CD0B-AC08-4097-AF2B-07CD85992A79",
                    "updated": "2026-03-18T06:00:06.198228",
                    "updatedBy": "7EF5CD0B-AC08-4097-AF2B-07CD85992A79"
                }
            }
        },
        {
            "id": 413845760,
            "type": "Feature",
            "geometry": {
                "type": "Polygon",
                "coordinates": [
                    [
                        [
                            10342022.51403841,
                            7598749.5646822695
                        ],
                        [
                            10342010.199250374,
                            7598641.800393661
                        ],
                        [
                            10342064.836121058,
                            7598637.491440157
                        ],
                        [
                            10342077.88836917,
                            7598744.286069044
                        ],
                        [
                            10342022.51403841,
                            7598749.5646822695
                        ]
                    ]
                ],
                "crs": {
                    "type": "name",
                    "properties": {
                        "name": "EPSG:3857"
                    }
                }
            },
            "properties": {
                "cadastralDistrictsCode": 24,
                "category": 36368,
                "categoryName": "Земельные участки ЕГРН",
                "descr": "24:11:0130101:569",
                "externalKey": "24:11:0130101:569",
                "interactionId": 396320145,
                "label": "24:11:0130101:569",
                "options": {
                    "area": null,
                    "cad_num": "24:11:0130101:569",
                    "cost_application_date": "2023-01-01",
                    "cost_approvement_date": "",
                    "cost_determination_date": "2022-01-01",
                    "cost_index": 254.28,
                    "cost_registration_date": "2022-12-19",
                    "cost_value": 470163.72,
                    "declared_area": null,
                    "determination_couse": "Акт об утверждении результатов определения кадастровой стоимости, полученных в соответствии с положениями Закона 237-ФЗ\n\n\n",
                    "land_record_category_type": "Земли населенных пунктов",
                    "land_record_reg_date": "1992-11-06",
                    "land_record_subtype": "Землепользование",
                    "land_record_type": "Земельный участок",
                    "ownership_type": "Частная",
                    "permitted_use_established_by_document": "Для ведения личного подсобного хозяйства",
                    "quarter_cad_number": "24:11:0330102",
                    "readable_address": "Местоположение установлено относительно ориентира, расположенного за пределами участка. Почтовый адрес ориентира: Красноярский край, Емельяновский район, с. Шуваево, ул. Лесная, 6 А.",
                    "specified_area": 1849,
                    "status": "Ранее учтенный"
                },
                "subcategory": 5,
                "systemInfo": {
                    "inserted": "2024-12-07T11:16:55.626478",
                    "insertedBy": "7EF5CD0B-AC08-4097-AF2B-07CD85992A79",
                    "updated": "2026-03-14T09:13:10.454772",
                    "updatedBy": "22F23413-4218-4EB5-B8D3-D2646E3C2FAE"
                }
            }
        },
        {
            "id": 414245401,
            "type": "Feature",
            "geometry": {
                "type": "Polygon",
                "coordinates": [
                    [
                        [
                            10341669.744226143,
                            7597787.552177862
                        ],
                        [
                            10341638.946814287,
                            7597853.7658568965
                        ],
                        [
                            10341599.12676433,
                            7597834.3893667
                        ],
                        [
                            10341629.708567392,
                            7597768.642937945
                        ],
                        [
                            10341669.744226143,
                            7597787.552177862
                        ]
                    ]
                ],
                "crs": {
                    "type": "name",
                    "properties": {
                        "name": "EPSG:3857"
                    }
                }
            },
            "properties": {
                "cadastralDistrictsCode": 24,
                "category": 36368,
                "categoryName": "Земельные участки ЕГРН",
                "descr": "24:11:0330102:741",
                "externalKey": "24:11:0330102:741",
                "interactionId": 396719786,
                "label": "24:11:0330102:741",
                "options": {
                    "area": null,
                    "cad_num": "24:11:0330102:741",
                    "cost_application_date": "2023-01-01",
                    "cost_approvement_date": "",
                    "cost_determination_date": "2022-01-01",
                    "cost_index": 262.41,
                    "cost_registration_date": "2023-03-27",
                    "cost_value": 262410,
                    "declared_area": null,
                    "determination_couse": "Акт бюджетного учреждения, созданного субъектом Российской Федерации, об определении кадастровой стоимости в соответствии со статьей 16 Закона 237-ФЗ\n\n\n\n\n\n\n\n\n\n\n\n\n\n\n\n\n\n\n\n\n\n\n\n\n\n\n\n\n\n\n\n\n\n\n\n\n\n\n\n\n\n\n\n\n\n\n\n\n\n\n\n\n\n\n",
                    "land_record_category_type": "Земли населенных пунктов",
                    "land_record_reg_date": "2022-07-12",
                    "land_record_subtype": "Землепользование",
                    "land_record_type": "Земельный участок",
                    "ownership_type": "Частная",
                    "permitted_use_established_by_document": "для ведения личного подсобного хозяйства",
                    "quarter_cad_number": "24:11:0330102",
                    "readable_address": "Красноярский край, Емельяновский район, с. Шуваево, западнее земельного участка с кадастровым номером 24:11:0330102:716",
                    "specified_area": 1000,
                    "status": "Учтенный"
                },
                "subcategory": 5,
                "systemInfo": {
                    "inserted": "2024-12-07T11:50:43.103062",
                    "insertedBy": "7EF5CD0B-AC08-4097-AF2B-07CD85992A79",
                    "updated": "2026-02-08T21:57:06.028028",
                    "updatedBy": "7EF5CD0B-AC08-4097-AF2B-07CD85992A79"
                }
            }
        },
        {
            "id": 414245443,
            "type": "Feature",
            "geometry": {
                "type": "Polygon",
                "coordinates": [
                    [
                        [
                            10342522.553605085,
                            7597834.437454547
                        ],
                        [
                            10342478.274746872,
                            7597929.444413131
                        ],
                        [
                            10342449.383955332,
                            7597915.837515352
                        ],
                        [
                            10342495.168462737,
                            7597821.6056495225
                        ],
                        [
                            10342522.553605085,
                            7597834.437454547
                        ]
                    ]
                ],
                "crs": {
                    "type": "name",
                    "properties": {
                        "name": "EPSG:3857"
                    }
                }
            },
            "properties": {
                "cadastralDistrictsCode": 24,
                "category": 36368,
                "categoryName": "Земельные участки ЕГРН",
                "descr": "24:11:0330102:72",
                "externalKey": "24:11:0330102:72",
                "interactionId": 396719828,
                "label": "24:11:0330102:72",
                "options": {
                    "area": null,
                    "cad_num": "24:11:0330102:72",
                    "cost_application_date": "2023-01-01",
                    "cost_approvement_date": "",
                    "cost_determination_date": "2022-01-01",
                    "cost_index": 256.64,
                    "cost_registration_date": "2022-12-28",
                    "cost_value": 259206.4,
                    "declared_area": null,
                    "determination_couse": "Акт об утверждении результатов определения кадастровой стоимости, полученных в соответствии с положениями Закона 237-ФЗ\n\n\n\n\n\n\n",
                    "land_record_category_type": "Земли населенных пунктов",
                    "land_record_reg_date": "2009-06-06",
                    "land_record_subtype": "Землепользование",
                    "land_record_type": "Земельный участок",
                    "ownership_type": "Частная",
                    "permitted_use_established_by_document": "для ведения личного подсобного хозяйства",
                    "quarter_cad_number": "24:11:0330102",
                    "readable_address": "Местоположение установлено относительно ориентира, расположенного в границах участка. Почтовый адрес ориентира: Красноярский край, Емельяновский район, с. Шуваево, ул. Парковая, участок № 3 \"б\".",
                    "specified_area": 1010,
                    "status": "Учтенный"
                },
                "subcategory": 5,
                "systemInfo": {
                    "inserted": "2024-12-07T11:50:43.200011",
                    "insertedBy": "7EF5CD0B-AC08-4097-AF2B-07CD85992A79",
                    "updated": "2026-03-14T09:19:22.715263",
                    "updatedBy": "22F23413-4218-4EB5-B8D3-D2646E3C2FAE"
                }
            }
        },
        {
            "id": 414245537,
            "type": "Feature",
            "geometry": {
                "type": "Polygon",
                "coordinates": [
                    [
                        [
                            10341588.240463017,
                            7597674.165374445
                        ],
                        [
                            10341650.694751985,
                            7597703.512022466
                        ],
                        [
                            10341631.068551073,
                            7597745.858147158
                        ],
                        [
                            10341568.596060265,
                            7597716.511151879
                        ],
                        [
                            10341588.240463017,
                            7597674.165374445
                        ]
                    ]
                ],
                "crs": {
                    "type": "name",
                    "properties": {
                        "name": "EPSG:3857"
                    }
                }
            },
            "properties": {
                "cadastralDistrictsCode": 24,
                "category": 36368,
                "categoryName": "Земельные участки ЕГРН",
                "descr": "24:11:0330102:748",
                "externalKey": "24:11:0330102:748",
                "interactionId": 396719922,
                "label": "24:11:0330102:748",
                "options": {
                    "area": null,
                    "cad_num": "24:11:0330102:748",
                    "cost_application_date": "2023-01-01",
                    "cost_approvement_date": "",
                    "cost_determination_date": "2022-01-01",
                    "cost_index": 262.41,
                    "cost_registration_date": "2023-03-27",
                    "cost_value": 262410,
                    "declared_area": null,
                    "determination_couse": "Акт бюджетного учреждения, созданного субъектом Российской Федерации, об определении кадастровой стоимости в соответствии со статьей 16 Закона 237-ФЗ\n\n\n\n\n\n\n\n\n\n\n\n\n\n\n\n\n\n\n\n\n\n\n\n\n\n\n\n\n\n\n\n\n\n\n\n\n\n\n\n\n\n\n\n\n\n\n\n\n\n\n\n\n\n\n",
                    "land_record_category_type": "Земли населенных пунктов",
                    "land_record_reg_date": "2022-08-23",
                    "land_record_subtype": "Землепользование",
                    "land_record_type": "Земельный участок",
                    "ownership_type": "Частная",
                    "permitted_use_established_by_document": "«Для ведения личного подсобного хозяйства» (2.2)",
                    "quarter_cad_number": "24:11:0330102",
                    "readable_address": "Российская Федерация, Красноярский край, муниципальный район Емельяновский, сельское поселение Шуваевский сельсовет, село Шуваево, улица Продольная, земельный участок 1/3А",
                    "specified_area": 1000,
                    "status": "Учтенный"
                },
                "subcategory": 5,
                "systemInfo": {
                    "inserted": "2024-12-07T11:50:43.577753",
                    "insertedBy": "7EF5CD0B-AC08-4097-AF2B-07CD85992A79",
                    "updated": "2026-02-03T20:31:38.935785",
                    "updatedBy": "7EF5CD0B-AC08-4097-AF2B-07CD85992A79"
                }
            }
        },
        {
            "id": 414264590,
            "type": "Feature",
            "geometry": {
                "type": "Polygon",
                "coordinates": [
                    [
                        [
                            10342023.770718338,
                            7598066.804535563
                        ],
                        [
                            10342069.203602185,
                            7598088.182050225
                        ],
                        [
                            10342036.875966378,
                            7598160.184615457
                        ],
                        [
                            10341990.167668575,
                            7598140.062925866
                        ],
                        [
                            10342023.770718338,
                            7598066.804535563
                        ]
                    ]
                ],
                "crs": {
                    "type": "name",
                    "properties": {
                        "name": "EPSG:3857"
                    }
                }
            },
            "properties": {
                "cadastralDistrictsCode": 24,
                "category": 36368,
                "categoryName": "Земельные участки ЕГРН",
                "descr": "24:11:0330102:245",
                "externalKey": "24:11:0330102:245",
                "interactionId": 396738975,
                "label": "24:11:0330102:245",
                "options": {
                    "area": null,
                    "cad_num": "24:11:0330102:245",
                    "cost_application_date": "2023-01-01",
                    "cost_approvement_date": "",
                    "cost_determination_date": "2022-01-01",
                    "cost_index": 262.41,
                    "cost_registration_date": "2022-12-26",
                    "cost_value": 328012.5,
                    "declared_area": null,
                    "determination_couse": "Акт об утверждении результатов определения кадастровой стоимости, полученных в соответствии с положениями Закона 237-ФЗ\n\n\n\n\n\n",
                    "land_record_category_type": "Земли населенных пунктов",
                    "land_record_reg_date": "2016-01-13",
                    "land_record_subtype": "Землепользование",
                    "land_record_type": "Земельный участок",
                    "ownership_type": "Частная",
                    "permitted_use_established_by_document": "для ведения личного подсобного хозяйства",
                    "quarter_cad_number": "24:11:0330102",
                    "readable_address": "Российская Федерация, Красноярский край, муниципальный район Емельяновский, сельское поселение Шуваевский сельсовет, село Шуваево, улица Северная, земельный участок 1Е ",
                    "specified_area": 1250,
                    "status": "Учтенный"
                },
                "subcategory": 5,
                "systemInfo": {
                    "inserted": "2024-12-07T11:51:52.607325",
                    "insertedBy": "7EF5CD0B-AC08-4097-AF2B-07CD85992A79",
                    "updated": "2026-02-08T21:57:13.375132",
                    "updatedBy": "7EF5CD0B-AC08-4097-AF2B-07CD85992A79"
                }
            }
        },
        {
            "id": 414265391,
            "type": "Feature",
            "geometry": {
                "type": "Polygon",
                "coordinates": [
                    [
                        [
                            10341705.224187398,
                            7598081.915236064
                        ],
                        [
                            10341626.346980685,
                            7598047.15238066
                        ],
                        [
                            10341646.8832941,
                            7597996.053959908
                        ],
                        [
                            10341727.947868075,
                            7598030.909377087
                        ],
                        [
                            10341705.224187398,
                            7598081.915236064
                        ]
                    ]
                ],
                "crs": {
                    "type": "name",
                    "properties": {
                        "name": "EPSG:3857"
                    }
                }
            },
            "properties": {
                "cadastralDistrictsCode": 24,
                "category": 36368,
                "categoryName": "Земельные участки ЕГРН",
                "descr": "24:11:0330102:754",
                "externalKey": "24:11:0330102:754",
                "interactionId": 396739775,
                "label": "24:11:0330102:754",
                "options": {
                    "area": null,
                    "cad_num": "24:11:0330102:754",
                    "cost_application_date": "2025-04-11",
                    "cost_approvement_date": "",
                    "cost_determination_date": "2022-01-01",
                    "cost_index": 262.41,
                    "cost_registration_date": "2025-04-25",
                    "cost_value": 393615,
                    "declared_area": null,
                    "determination_couse": "Акт бюджетного учреждения, созданного субъектом Российской Федерации, об определении кадастровой стоимости в соответствии со статьей 16 Закона 237-ФЗ\n\n\n\n\n\n\n\n\n\n\n\n\n\n\n\n\n\n\n\n\n\n\n\n\n\n\n\n\n\n\n\n\n\n\n\n\n\n\n\n\n\n\n\n\n\n\n\n\n\n\n\n\n\n\n\n\n\n\n\n\n\n\n\n\n\n\n\n\n\n\n\n\n\n\n\n\n\n\n\n\n\n\n\n\n\n\n\n\n\n\n\n\n\n\n\n\n\n\n\n\n\n\n\n\n\n\n\n\n\n\n\n\n\n\n\n\n\n\n\n\n\n\n\n\n\n\n\n\n\n\n\n\n\n\n\n\n\n\n\n\n\n\n\n\n\n\n\n\n\n\n\n\n\n\n\n",
                    "land_record_category_type": "Земли населенных пунктов",
                    "land_record_reg_date": "2022-10-26",
                    "land_record_subtype": "Землепользование",
                    "land_record_type": "Земельный участок",
                    "ownership_type": "Частная",
                    "permitted_use_established_by_document": "для ведения личного подсобного хозяйства (приусадебный земельный участок) (код 2.2)",
                    "quarter_cad_number": "24:11:0330102",
                    "readable_address": "Российская Федерация, Красноярский край, муниципальный округ Емельяновский, село Шуваево, улица Степная, земельный участок 1Б",
                    "specified_area": 1500,
                    "status": "Учтенный"
                },
                "subcategory": 5,
                "systemInfo": {
                    "inserted": "2024-12-07T11:51:55.228762",
                    "insertedBy": "7EF5CD0B-AC08-4097-AF2B-07CD85992A79",
                    "updated": "2026-02-17T04:31:00.022766",
                    "updatedBy": "7EF5CD0B-AC08-4097-AF2B-07CD85992A79"
                }
            }
        },
        {
            "id": 414265503,
            "type": "Feature",
            "geometry": {
                "type": "Polygon",
                "coordinates": [
                    [
                        [
                            10341850.15278547,
                            7598281.607757132
                        ],
                        [
                            10341970.461307593,
                            7598278.578953058
                        ],
                        [
                            10341982.988704722,
                            7598566.834419874
                        ],
                        [
                            10341985.751379933,
                            7598630.461274652
                        ],
                        [
                            10341955.466632867,
                            7598637.607741694
                        ],
                        [
                            10341914.766108727,
                            7598628.6897713
                        ],
                        [
                            10341889.45122633,
                            7598393.08985364
                        ],
                        [
                            10341885.960713498,
                            7598324.791177476
                        ],
                        [
                            10341850.15278547,
                            7598281.607757132
                        ]
                    ]
                ],
                "crs": {
                    "type": "name",
                    "properties": {
                        "name": "EPSG:3857"
                    }
                }
            },
            "properties": {
                "cadastralDistrictsCode": 24,
                "category": 36368,
                "categoryName": "Земельные участки ЕГРН",
                "descr": "24:11:0330102:52",
                "externalKey": "24:11:0330102:52",
                "interactionId": 396739888,
                "label": "24:11:0330102:52",
                "options": {
                    "area": null,
                    "cad_num": "24:11:0330102:52",
                    "cost_application_date": "2023-01-01",
                    "cost_approvement_date": "",
                    "cost_determination_date": "2022-01-01",
                    "cost_index": 200.22,
                    "cost_registration_date": "2022-12-21",
                    "cost_value": 1824404.64,
                    "declared_area": null,
                    "determination_couse": "Акт об утверждении результатов определения кадастровой стоимости, полученных в соответствии с положениями Закона 237-ФЗ\n\n\n\n",
                    "land_record_category_type": "Земли населенных пунктов",
                    "land_record_reg_date": "1992-11-25",
                    "land_record_subtype": "Землепользование",
                    "land_record_type": "Земельный участок",
                    "ownership_type": "Частная",
                    "permitted_use_established_by_document": "для ведения личного подсобного хозяйства",
                    "quarter_cad_number": "24:11:0330102",
                    "readable_address": "Местоположение установлено относительно ориентира, расположенного в границах участка. Ориентир здание. Почтовый адрес ориентира: Красноярский край, Емельяновский район, с. Шуваево, ул. Березовая, 3.",
                    "specified_area": 9112,
                    "status": "Ранее учтенный"
                },
                "subcategory": 5,
                "systemInfo": {
                    "inserted": "2024-12-07T11:51:55.702316",
                    "insertedBy": "7EF5CD0B-AC08-4097-AF2B-07CD85992A79",
                    "updated": "2026-03-14T09:19:28.906368",
                    "updatedBy": "22F23413-4218-4EB5-B8D3-D2646E3C2FAE"
                }
            }
        },
        {
            "id": 414265562,
            "type": "Feature",
            "geometry": {
                "type": "Polygon",
                "coordinates": [
                    [
                        [
                            10341761.679861879,
                            7598019.474188084
                        ],
                        [
                            10341775.945115227,
                            7597988.817777733
                        ],
                        [
                            10341861.092393903,
                            7598028.422010904
                        ],
                        [
                            10341846.646743191,
                            7598060.012989667
                        ],
                        [
                            10341761.679861879,
                            7598019.474188084
                        ]
                    ]
                ],
                "crs": {
                    "type": "name",
                    "properties": {
                        "name": "EPSG:3857"
                    }
                }
            },
            "properties": {
                "cadastralDistrictsCode": 24,
                "category": 36368,
                "categoryName": "Земельные участки ЕГРН",
                "descr": "24:11:0330102:646",
                "externalKey": "24:11:0330102:646",
                "interactionId": 396739947,
                "label": "24:11:0330102:646",
                "options": {
                    "area": null,
                    "cad_num": "24:11:0330102:646",
                    "cost_application_date": "2023-01-01",
                    "cost_approvement_date": "",
                    "cost_determination_date": "2022-01-01",
                    "cost_index": 262.41,
                    "cost_registration_date": "2022-12-23",
                    "cost_value": 262410,
                    "declared_area": null,
                    "determination_couse": "Акт об утверждении результатов определения кадастровой стоимости, полученных в соответствии с положениями Закона 237-ФЗ\n\n\n\n",
                    "land_record_category_type": "Земли населенных пунктов",
                    "land_record_reg_date": "2018-08-03",
                    "land_record_subtype": "Землепользование",
                    "land_record_type": "Земельный участок",
                    "ownership_type": "Частная",
                    "permitted_use_established_by_document": "одноквартирные усадебные жилые дома",
                    "quarter_cad_number": "24:11:0330102",
                    "readable_address": "Россия, Красноярский край, Емельяновский район, с. Шуваево, ул. Степная, уч. 2 \"Б\"\n",
                    "specified_area": 1000,
                    "status": "Учтенный"
                },
                "subcategory": 5,
                "systemInfo": {
                    "inserted": "2024-12-07T11:51:56.101219",
                    "insertedBy": "7EF5CD0B-AC08-4097-AF2B-07CD85992A79",
                    "updated": "2026-02-08T21:57:05.362768",
                    "updatedBy": "7EF5CD0B-AC08-4097-AF2B-07CD85992A79"
                }
            }
        },
        {
            "id": 414265565,
            "type": "Feature",
            "geometry": {
                "type": "Polygon",
                "coordinates": [
                    [
                        [
                            10341804.100761788,
                            7598152.972540969
                        ],
                        [
                            10341718.50549089,
                            7598112.359989705
                        ],
                        [
                            10341732.897063814,
                            7598081.397958828
                        ],
                        [
                            10341818.222902559,
                            7598122.117631212
                        ],
                        [
                            10341815.074587658,
                            7598129.0501347175
                        ],
                        [
                            10341804.100761788,
                            7598152.972540969
                        ]
                    ]
                ],
                "crs": {
                    "type": "name",
                    "properties": {
                        "name": "EPSG:3857"
                    }
                }
            },
            "properties": {
                "cadastralDistrictsCode": 24,
                "category": 36368,
                "categoryName": "Земельные участки ЕГРН",
                "descr": "24:11:0330102:649",
                "externalKey": "24:11:0330102:649",
                "interactionId": 396739950,
                "label": "24:11:0330102:649",
                "options": {
                    "area": null,
                    "cad_num": "24:11:0330102:649",
                    "cost_application_date": "2023-01-01",
                    "cost_approvement_date": "",
                    "cost_determination_date": "2022-01-01",
                    "cost_index": 262.41,
                    "cost_registration_date": "2022-12-23",
                    "cost_value": 262410,
                    "declared_area": null,
                    "determination_couse": "Акт об утверждении результатов определения кадастровой стоимости, полученных в соответствии с положениями Закона 237-ФЗ\n\n\n\n",
                    "land_record_category_type": "Земли населенных пунктов",
                    "land_record_reg_date": "2018-08-03",
                    "land_record_subtype": "Землепользование",
                    "land_record_type": "Земельный участок",
                    "ownership_type": "Частная",
                    "permitted_use_established_by_document": "одноквартирные усадебные жилые дома",
                    "quarter_cad_number": "24:11:0330102",
                    "readable_address": "Россия, Красноярский край, Емельяновский район, с. Шуваево, ул. Степная, уч. 2 \"Д\"\n",
                    "specified_area": 1000,
                    "status": "Учтенный"
                },
                "subcategory": 5,
                "systemInfo": {
                    "inserted": "2024-12-07T11:51:56.170481",
                    "insertedBy": "7EF5CD0B-AC08-4097-AF2B-07CD85992A79",
                    "updated": "2026-02-08T21:59:29.815805",
                    "updatedBy": "7EF5CD0B-AC08-4097-AF2B-07CD85992A79"
                }
            }
        },
        {
            "id": 414265606,
            "type": "Feature",
            "geometry": {
                "type": "Polygon",
                "coordinates": [
                    [
                        [
                            10341747.25252458,
                            7598050.525829852
                        ],
                        [
                            10341761.679861879,
                            7598019.474188084
                        ],
                        [
                            10341846.646743191,
                            7598060.012989667
                        ],
                        [
                            10341834.755500004,
                            7598086.036573814
                        ],
                        [
                            10341832.470799213,
                            7598091.029369594
                        ],
                        [
                            10341747.25252458,
                            7598050.525829852
                        ]
                    ]
                ],
                "crs": {
                    "type": "name",
                    "properties": {
                        "name": "EPSG:3857"
                    }
                }
            },
            "properties": {
                "cadastralDistrictsCode": 24,
                "category": 36368,
                "categoryName": "Земельные участки ЕГРН",
                "descr": "24:11:0330102:647",
                "externalKey": "24:11:0330102:647",
                "interactionId": 396739991,
                "label": "24:11:0330102:647",
                "options": {
                    "area": null,
                    "cad_num": "24:11:0330102:647",
                    "cost_application_date": "2023-01-01",
                    "cost_approvement_date": "",
                    "cost_determination_date": "2022-01-01",
                    "cost_index": 262.41,
                    "cost_registration_date": "2022-12-23",
                    "cost_value": 262410,
                    "declared_area": null,
                    "determination_couse": "Акт об утверждении результатов определения кадастровой стоимости, полученных в соответствии с положениями Закона 237-ФЗ\n\n\n\n",
                    "land_record_category_type": "Земли населенных пунктов",
                    "land_record_reg_date": "2018-08-03",
                    "land_record_subtype": "Землепользование",
                    "land_record_type": "Земельный участок",
                    "ownership_type": "Частная",
                    "permitted_use_established_by_document": "одноквартирные усадебные жилые дома",
                    "quarter_cad_number": "24:11:0330102",
                    "readable_address": "Россия, Красноярский край, Емельяновский район, с. Шуваево, ул. Степная, уч. 2 \"В\"\n",
                    "specified_area": 1000,
                    "status": "Учтенный"
                },
                "subcategory": 5,
                "systemInfo": {
                    "inserted": "2024-12-07T11:51:56.265859",
                    "insertedBy": "7EF5CD0B-AC08-4097-AF2B-07CD85992A79",
                    "updated": "2026-02-08T21:57:05.118354",
                    "updatedBy": "7EF5CD0B-AC08-4097-AF2B-07CD85992A79"
                }
            }
        },
        {
            "id": 414265757,
            "type": "Feature",
            "geometry": {
                "type": "Polygon",
                "coordinates": [
                    [
                        [
                            10342804.325426511,
                            7598193.53204701
                        ],
                        [
                            10342877.883233218,
                            7598228.078885408
                        ],
                        [
                            10342871.710869482,
                            7598244.353333696
                        ],
                        [
                            10342779.794686852,
                            7598260.193241412
                        ],
                        [
                            10342804.325426511,
                            7598193.53204701
                        ]
                    ]
                ],
                "crs": {
                    "type": "name",
                    "properties": {
                        "name": "EPSG:3857"
                    }
                }
            },
            "properties": {
                "cadastralDistrictsCode": 24,
                "category": 36368,
                "categoryName": "Земельные участки ЕГРН",
                "descr": "24:11:0330102:150",
                "externalKey": "24:11:0330102:150",
                "interactionId": 396740142,
                "label": "24:11:0330102:150",
                "options": {
                    "area": null,
                    "cad_num": "24:11:0330102:150",
                    "cost_application_date": "2023-01-01",
                    "cost_approvement_date": "",
                    "cost_determination_date": "2022-01-01",
                    "cost_index": 262.41,
                    "cost_registration_date": "2022-12-23",
                    "cost_value": 291012.69,
                    "declared_area": null,
                    "determination_couse": "Акт об утверждении результатов определения кадастровой стоимости, полученных в соответствии с положениями Закона 237-ФЗ\n\n\n\n",
                    "land_record_category_type": "Земли населенных пунктов",
                    "land_record_reg_date": "2009-10-19",
                    "land_record_subtype": "Землепользование",
                    "land_record_type": "Земельный участок",
                    "ownership_type": "Частная",
                    "permitted_use_established_by_document": "для ведения личного подсобного хозяйства",
                    "quarter_cad_number": "24:11:0330102",
                    "readable_address": "Красноярский край, Емельяновский район, с. Шуваево, ул. Продольная, 7",
                    "specified_area": 1109,
                    "status": "Ранее учтенный"
                },
                "subcategory": 5,
                "systemInfo": {
                    "inserted": "2024-12-07T11:51:57.006817",
                    "insertedBy": "7EF5CD0B-AC08-4097-AF2B-07CD85992A79",
                    "updated": "2026-02-08T21:57:12.741001",
                    "updatedBy": "7EF5CD0B-AC08-4097-AF2B-07CD85992A79"
                }
            }
        },
        {
            "id": 414266148,
            "type": "Feature",
            "geometry": {
                "type": "Polygon",
                "coordinates": [
                    [
                        [
                            10342558.835310424,
                            7597981.560318364
                        ],
                        [
                            10342608.365780778,
                            7597874.626514836
                        ],
                        [
                            10342657.903551485,
                            7597897.820503451
                        ],
                        [
                            10342646.609376699,
                            7597922.120367784
                        ],
                        [
                            10342608.08637187,
                            7598004.988194306
                        ],
                        [
                            10342558.835310424,
                            7597981.560318364
                        ]
                    ]
                ],
                "crs": {
                    "type": "name",
                    "properties": {
                        "name": "EPSG:3857"
                    }
                }
            },
            "properties": {
                "cadastralDistrictsCode": 24,
                "category": 36368,
                "categoryName": "Земельные участки ЕГРН",
                "descr": "24:11:0330102:179",
                "externalKey": "24:11:0330102:179",
                "interactionId": 396740533,
                "label": "24:11:0330102:179",
                "options": {
                    "area": null,
                    "cad_num": "24:11:0330102:179",
                    "cost_application_date": "2023-01-01",
                    "cost_approvement_date": "",
                    "cost_determination_date": "2022-01-01",
                    "cost_index": 251.39,
                    "cost_registration_date": "2022-12-26",
                    "cost_value": 502780,
                    "declared_area": null,
                    "determination_couse": "Акт об утверждении результатов определения кадастровой стоимости, полученных в соответствии с положениями Закона 237-ФЗ\n\n\n\n\n\n",
                    "land_record_category_type": "Земли населенных пунктов",
                    "land_record_reg_date": "2011-10-26",
                    "land_record_subtype": "Землепользование",
                    "land_record_type": "Земельный участок",
                    "ownership_type": "Частная",
                    "permitted_use_established_by_document": "для ведения личного подсобного хозяйства",
                    "quarter_cad_number": "24:11:0330102",
                    "readable_address": "Местоположение установлено относительно ориентира, расположенного за пределами участка. Почтовый адрес ориентира: Красноярский край,  Емельяновский район, с. Шуваево, ул. Парковая, участок № 5 \"А\".",
                    "specified_area": 2000,
                    "status": "Учтенный"
                },
                "subcategory": 5,
                "systemInfo": {
                    "inserted": "2024-12-07T11:51:58.720996",
                    "insertedBy": "7EF5CD0B-AC08-4097-AF2B-07CD85992A79",
                    "updated": "2026-03-14T09:19:29.131023",
                    "updatedBy": "22F23413-4218-4EB5-B8D3-D2646E3C2FAE"
                }
            }
        },
        {
            "id": 414266175,
            "type": "Feature",
            "geometry": {
                "type": "Polygon",
                "coordinates": [
                    [
                        [
                            10342372.410931587,
                            7598249.803838108
                        ],
                        [
                            10342433.380380241,
                            7598121.568726402
                        ],
                        [
                            10342472.577767782,
                            7598139.862470655
                        ],
                        [
                            10342478.062191186,
                            7598142.421780832
                        ],
                        [
                            10342445.545665814,
                            7598210.849953841
                        ],
                        [
                            10342372.410931587,
                            7598249.803838108
                        ]
                    ]
                ],
                "crs": {
                    "type": "name",
                    "properties": {
                        "name": "EPSG:3857"
                    }
                }
            },
            "properties": {
                "cadastralDistrictsCode": 24,
                "category": 36368,
                "categoryName": "Земельные участки ЕГРН",
                "descr": "24:11:0330102:668",
                "externalKey": "24:11:0330102:668",
                "interactionId": 396740560,
                "label": "24:11:0330102:668",
                "options": {
                    "area": null,
                    "cad_num": "24:11:0330102:668",
                    "cost_application_date": "2023-01-01",
                    "cost_approvement_date": "",
                    "cost_determination_date": "2022-01-01",
                    "cost_index": 258.21,
                    "cost_registration_date": "2022-12-23",
                    "cost_value": 430177.86,
                    "declared_area": null,
                    "determination_couse": "Акт об утверждении результатов определения кадастровой стоимости, полученных в соответствии с положениями Закона 237-ФЗ\n\n\n\n\n\n",
                    "land_record_category_type": "Земли населенных пунктов",
                    "land_record_reg_date": "2019-02-15",
                    "land_record_subtype": "Землепользование",
                    "land_record_type": "Земельный участок",
                    "ownership_type": "Частная",
                    "permitted_use_established_by_document": "Для ведения личного подсобного хозяйства",
                    "quarter_cad_number": "24:11:0330102",
                    "readable_address": "Российская Федерация, Красноярский край, муниципальный район Емельяновский, сельское поселение Шуваевский сельсовет, село Шуваево, улица Продольная, земельный участок 5Г",
                    "specified_area": 1666,
                    "status": "Учтенный"
                },
                "subcategory": 5,
                "systemInfo": {
                    "inserted": "2024-12-07T11:51:58.844567",
                    "insertedBy": "7EF5CD0B-AC08-4097-AF2B-07CD85992A79",
                    "updated": "2026-02-08T15:56:06.780361",
                    "updatedBy": "7EF5CD0B-AC08-4097-AF2B-07CD85992A79"
                }
            }
        },
        {
            "id": 414266290,
            "type": "Feature",
            "geometry": {
                "type": "Polygon",
                "coordinates": [
                    [
                        [
                            10342433.380380241,
                            7598121.568726402
                        ],
                        [
                            10342473.360149192,
                            7598037.462460924
                        ],
                        [
                            10342512.539245648,
                            7598055.773748513
                        ],
                        [
                            10342472.577767782,
                            7598139.862470655
                        ],
                        [
                            10342433.380380241,
                            7598121.568726402
                        ]
                    ]
                ],
                "crs": {
                    "type": "name",
                    "properties": {
                        "name": "EPSG:3857"
                    }
                }
            },
            "properties": {
                "cadastralDistrictsCode": 24,
                "category": 36368,
                "categoryName": "Земельные участки ЕГРН",
                "descr": "24:11:0330102:674",
                "externalKey": "24:11:0330102:674",
                "interactionId": 396740675,
                "label": "24:11:0330102:674",
                "options": {
                    "area": null,
                    "cad_num": "24:11:0330102:674",
                    "cost_application_date": "2023-01-01",
                    "cost_approvement_date": "",
                    "cost_determination_date": "2022-01-01",
                    "cost_index": 262.41,
                    "cost_registration_date": "2022-12-19",
                    "cost_value": 328012.5,
                    "declared_area": null,
                    "determination_couse": "Акт об утверждении результатов определения кадастровой стоимости, полученных в соответствии с положениями Закона 237-ФЗ\n\n\n",
                    "land_record_category_type": "Земли населенных пунктов",
                    "land_record_reg_date": "2019-02-15",
                    "land_record_subtype": "Землепользование",
                    "land_record_type": "Земельный участок",
                    "ownership_type": "Частная",
                    "permitted_use_established_by_document": "Для ведения личного подсобного хозяйства",
                    "quarter_cad_number": "24:11:0330102",
                    "readable_address": "Российская Федерация, Красноярский край, муниципальный район Емельяновский, сельское поселение Шуваевский сельсовет, село Шуваево, улица Продольная, земельный участок 5В",
                    "specified_area": 1250,
                    "status": "Учтенный"
                },
                "subcategory": 5,
                "systemInfo": {
                    "inserted": "2024-12-07T11:51:59.459099",
                    "insertedBy": "7EF5CD0B-AC08-4097-AF2B-07CD85992A79",
                    "updated": "2026-02-10T08:29:45.184176",
                    "updatedBy": "7EF5CD0B-AC08-4097-AF2B-07CD85992A79"
                }
            }
        },
        {
            "id": 414266325,
            "type": "Feature",
            "geometry": {
                "type": "Polygon",
                "coordinates": [
                    [
                        [
                            10342472.577767782,
                            7598139.862470655
                        ],
                        [
                            10342512.539245648,
                            7598055.773748513
                        ],
                        [
                            10342551.449734129,
                            7598073.922779175
                        ],
                        [
                            10342511.775341872,
                            7598158.156057751
                        ],
                        [
                            10342478.062191186,
                            7598142.421780832
                        ],
                        [
                            10342472.577767782,
                            7598139.862470655
                        ]
                    ]
                ],
                "crs": {
                    "type": "name",
                    "properties": {
                        "name": "EPSG:3857"
                    }
                }
            },
            "properties": {
                "cadastralDistrictsCode": 24,
                "category": 36368,
                "categoryName": "Земельные участки ЕГРН",
                "descr": "24:11:0330102:673",
                "externalKey": "24:11:0330102:673",
                "interactionId": 396740710,
                "label": "24:11:0330102:673",
                "options": {
                    "area": null,
                    "cad_num": "24:11:0330102:673",
                    "cost_application_date": "2023-01-01",
                    "cost_approvement_date": "",
                    "cost_determination_date": "2022-01-01",
                    "cost_index": 262.41,
                    "cost_registration_date": "2022-12-19",
                    "cost_value": 328012.5,
                    "declared_area": null,
                    "determination_couse": "Акт об утверждении результатов определения кадастровой стоимости, полученных в соответствии с положениями Закона 237-ФЗ\n\n\n",
                    "land_record_category_type": "Земли населенных пунктов",
                    "land_record_reg_date": "2019-02-15",
                    "land_record_subtype": "Землепользование",
                    "land_record_type": "Земельный участок",
                    "ownership_type": "Частная",
                    "permitted_use_established_by_document": "Для ведения личного подсобного хозяйства",
                    "quarter_cad_number": "24:11:0330102",
                    "readable_address": "Российская Федерация, Красноярский край, муниципальный район Емельяновский, сельское поселение Шуваевский сельсовет, село Шуваево, улица Продольная, земельный участок 5Б",
                    "specified_area": 1250,
                    "status": "Учтенный"
                },
                "subcategory": 5,
                "systemInfo": {
                    "inserted": "2024-12-07T11:51:59.677609",
                    "insertedBy": "7EF5CD0B-AC08-4097-AF2B-07CD85992A79",
                    "updated": "2026-02-10T07:46:26.945849",
                    "updatedBy": "7EF5CD0B-AC08-4097-AF2B-07CD85992A79"
                }
            }
        },
        {
            "id": 414266404,
            "type": "Feature",
            "geometry": {
                "type": "Polygon",
                "coordinates": [
                    [
                        [
                            10343055.741250012,
                            7598182.711806544
                        ],
                        [
                            10343093.79146963,
                            7598101.887972027
                        ],
                        [
                            10343126.412289407,
                            7598117.168797105
                        ],
                        [
                            10343110.53444012,
                            7598150.7555615995
                        ],
                        [
                            10343108.769106563,
                            7598156.971498685
                        ],
                        [
                            10343102.63599555,
                            7598170.981611018
                        ],
                        [
                            10343090.17274581,
                            7598198.75004565
                        ],
                        [
                            10343055.741250012,
                            7598182.711806544
                        ]
                    ]
                ],
                "crs": {
                    "type": "name",
                    "properties": {
                        "name": "EPSG:3857"
                    }
                }
            },
            "properties": {
                "cadastralDistrictsCode": 24,
                "category": 36368,
                "categoryName": "Земельные участки ЕГРН",
                "descr": "24:11:0330102:736",
                "externalKey": "24:11:0330102:736",
                "interactionId": 396740789,
                "label": "24:11:0330102:736",
                "options": {
                    "area": null,
                    "cad_num": "24:11:0330102:736",
                    "cost_application_date": "2023-01-01",
                    "cost_approvement_date": "",
                    "cost_determination_date": "2022-01-01",
                    "cost_index": 262.41,
                    "cost_registration_date": "2023-03-27",
                    "cost_value": 267658.2,
                    "declared_area": null,
                    "determination_couse": "Акт бюджетного учреждения, созданного субъектом Российской Федерации, об определении кадастровой стоимости в соответствии со статьей 16 Закона 237-ФЗ\n\n\n\n\n\n\n\n\n\n\n\n\n\n\n\n\n\n\n\n\n\n\n\n\n\n\n\n\n\n\n\n\n\n\n\n\n\n\n\n\n\n\n\n\n\n\n\n\n\n\n\n\n\n\n",
                    "land_record_category_type": "Земли населенных пунктов",
                    "land_record_reg_date": "2022-06-22",
                    "land_record_subtype": "Землепользование",
                    "land_record_type": "Земельный участок",
                    "ownership_type": "Частная",
                    "permitted_use_established_by_document": "Для ведения личного подсобного хозяйства",
                    "quarter_cad_number": "24:11:0330102",
                    "readable_address": "Российская Федерация, Красноярский край, муниципальный район Емельяновский, сельское поселение Шуваевский сельсовет, село Шуваево, улица Парковая, земельный участок 15А ",
                    "specified_area": 1020,
                    "status": "Учтенный"
                },
                "subcategory": 5,
                "systemInfo": {
                    "inserted": "2024-12-07T11:51:59.905728",
                    "insertedBy": "7EF5CD0B-AC08-4097-AF2B-07CD85992A79",
                    "updated": "2026-02-08T22:17:40.800417",
                    "updatedBy": "7EF5CD0B-AC08-4097-AF2B-07CD85992A79"
                }
            }
        },
        {
            "id": 414266529,
            "type": "Feature",
            "geometry": {
                "type": "Polygon",
                "coordinates": [
                    [
                        [
                            10341857.703693159,
                            7597749.13081893
                        ],
                        [
                            10341838.006730987,
                            7597791.513563993
                        ],
                        [
                            10341775.60486291,
                            7597762.132243803
                        ],
                        [
                            10341795.23030991,
                            7597719.785659072
                        ],
                        [
                            10341857.703693159,
                            7597749.13081893
                        ]
                    ]
                ],
                "crs": {
                    "type": "name",
                    "properties": {
                        "name": "EPSG:3857"
                    }
                }
            },
            "properties": {
                "cadastralDistrictsCode": 24,
                "category": 36368,
                "categoryName": "Земельные участки ЕГРН",
                "descr": "24:11:0330102:739",
                "externalKey": "24:11:0330102:739",
                "interactionId": 396740914,
                "label": "24:11:0330102:739",
                "options": {
                    "area": null,
                    "cad_num": "24:11:0330102:739",
                    "cost_application_date": "2023-01-01",
                    "cost_approvement_date": "",
                    "cost_determination_date": "2022-01-01",
                    "cost_index": 262.41,
                    "cost_registration_date": "2023-03-27",
                    "cost_value": 262410,
                    "declared_area": null,
                    "determination_couse": "Акт бюджетного учреждения, созданного субъектом Российской Федерации, об определении кадастровой стоимости в соответствии со статьей 16 Закона 237-ФЗ\n\n\n\n\n\n\n\n\n\n\n\n\n\n\n\n\n\n\n\n\n\n\n\n\n\n\n\n\n\n\n\n\n\n\n\n\n\n\n\n\n\n\n\n\n\n\n\n\n\n\n\n\n\n\n",
                    "land_record_category_type": "Земли населенных пунктов",
                    "land_record_reg_date": "2022-07-12",
                    "land_record_subtype": "Землепользование",
                    "land_record_type": "Земельный участок",
                    "ownership_type": "Частная",
                    "permitted_use_established_by_document": "«Для ведения личного подсобного хозяйства» (2.2)",
                    "quarter_cad_number": "24:11:0330102",
                    "readable_address": "Красноярский край, Емельяновский район, с. Шуваево, юго-восточнее земельного участка с кадастровым номером 24:11:0330102:716",
                    "specified_area": 1000,
                    "status": "Учтенный"
                },
                "subcategory": 5,
                "systemInfo": {
                    "inserted": "2024-12-07T11:52:00.36494",
                    "insertedBy": "7EF5CD0B-AC08-4097-AF2B-07CD85992A79",
                    "updated": "2026-02-08T21:57:05.444569",
                    "updatedBy": "7EF5CD0B-AC08-4097-AF2B-07CD85992A79"
                }
            }
        },
        {
            "id": 414266531,
            "type": "Feature",
            "geometry": {
                "type": "Polygon",
                "coordinates": [
                    [
                        [
                            10341589.475997096,
                            7597749.625424425
                        ],
                        [
                            10341629.708567392,
                            7597768.642937945
                        ],
                        [
                            10341599.12676433,
                            7597834.3893667
                        ],
                        [
                            10341558.93057667,
                            7597814.832460948
                        ],
                        [
                            10341589.475997096,
                            7597749.625424425
                        ]
                    ]
                ],
                "crs": {
                    "type": "name",
                    "properties": {
                        "name": "EPSG:3857"
                    }
                }
            },
            "properties": {
                "cadastralDistrictsCode": 24,
                "category": 36368,
                "categoryName": "Земельные участки ЕГРН",
                "descr": "24:11:0330102:742",
                "externalKey": "24:11:0330102:742",
                "interactionId": 396740916,
                "label": "24:11:0330102:742",
                "options": {
                    "area": null,
                    "cad_num": "24:11:0330102:742",
                    "cost_application_date": "2023-01-01",
                    "cost_approvement_date": "",
                    "cost_determination_date": "2022-01-01",
                    "cost_index": 262.41,
                    "cost_registration_date": "2023-03-27",
                    "cost_value": 262410,
                    "declared_area": null,
                    "determination_couse": "Акт бюджетного учреждения, созданного субъектом Российской Федерации, об определении кадастровой стоимости в соответствии со статьей 16 Закона 237-ФЗ\n\n\n\n\n\n\n\n\n\n\n\n\n\n\n\n\n\n\n\n\n\n\n\n\n\n\n\n\n\n\n\n\n\n\n\n\n\n\n\n\n\n\n\n\n\n\n\n\n\n\n\n\n\n\n",
                    "land_record_category_type": "Земли населенных пунктов",
                    "land_record_reg_date": "2022-07-12",
                    "land_record_subtype": "Землепользование",
                    "land_record_type": "Земельный участок",
                    "ownership_type": "Частная",
                    "permitted_use_established_by_document": "для ведения личного подсобного хозяйства",
                    "quarter_cad_number": "24:11:0330102",
                    "readable_address": "Российская Федерация, Красноярский край, муниципальный район Емельяновский, сельское поселение Шуваевский сельсовет, село Шуваево, улица Северная, земельный участок 2/4",
                    "specified_area": 1000,
                    "status": "Учтенный"
                },
                "subcategory": 5,
                "systemInfo": {
                    "inserted": "2024-12-07T11:52:00.402253",
                    "insertedBy": "7EF5CD0B-AC08-4097-AF2B-07CD85992A79",
                    "updated": "2026-02-03T20:31:09.245179",
                    "updatedBy": "7EF5CD0B-AC08-4097-AF2B-07CD85992A79"
                }
            }
        },
        {
            "id": 414266632,
            "type": "Feature",
            "geometry": {
                "type": "Polygon",
                "coordinates": [
                    [
                        [
                            10342609.216124158,
                            7598154.745224971
                        ],
                        [
                            10342629.7193763,
                            7598110.400682116
                        ],
                        [
                            10342721.610708812,
                            7598153.778897485
                        ],
                        [
                            10342703.44239301,
                            7598195.772709709
                        ],
                        [
                            10342609.216124158,
                            7598154.745224971
                        ]
                    ]
                ],
                "crs": {
                    "type": "name",
                    "properties": {
                        "name": "EPSG:3857"
                    }
                }
            },
            "properties": {
                "cadastralDistrictsCode": 24,
                "category": 36368,
                "categoryName": "Земельные участки ЕГРН",
                "descr": "24:11:0330102:218",
                "externalKey": "24:11:0330102:218",
                "interactionId": 396741017,
                "label": "24:11:0330102:218",
                "options": {
                    "area": null,
                    "cad_num": "24:11:0330102:218",
                    "cost_application_date": "2023-01-01",
                    "cost_approvement_date": "",
                    "cost_determination_date": "2022-01-01",
                    "cost_index": 275.53,
                    "cost_registration_date": "2022-12-20",
                    "cost_value": 413295,
                    "declared_area": null,
                    "determination_couse": "Акт об утверждении результатов определения кадастровой стоимости, полученных в соответствии с положениями Закона 237-ФЗ\n\n\n",
                    "land_record_category_type": "Земли населенных пунктов",
                    "land_record_reg_date": "2014-06-03",
                    "land_record_subtype": "Землепользование",
                    "land_record_type": "Земельный участок",
                    "ownership_type": "Частная",
                    "permitted_use_established_by_document": "Для ведения личного подсобного хозяйства",
                    "quarter_cad_number": "24:11:0330102",
                    "readable_address": "Россия, Красноярский край, Емельяновский район, с. Шуваево, ул. Садовая, 1",
                    "specified_area": 1500,
                    "status": "Учтенный"
                },
                "subcategory": 5,
                "systemInfo": {
                    "inserted": "2024-12-07T11:52:00.872233",
                    "insertedBy": "7EF5CD0B-AC08-4097-AF2B-07CD85992A79",
                    "updated": "2026-02-08T22:02:17.18285",
                    "updatedBy": "7EF5CD0B-AC08-4097-AF2B-07CD85992A79"
                }
            }
        },
        {
            "id": 414266647,
            "type": "Feature",
            "geometry": {
                "type": "Polygon",
                "coordinates": [
                    [
                        [
                            10342681.00067867,
                            7598104.393885275
                        ],
                        [
                            10342706.858215852,
                            7598051.987332703
                        ],
                        [
                            10342756.30733615,
                            7598075.5045849765
                        ],
                        [
                            10342731.687389653,
                            7598128.00293937
                        ],
                        [
                            10342681.00067867,
                            7598104.393885275
                        ]
                    ]
                ],
                "crs": {
                    "type": "name",
                    "properties": {
                        "name": "EPSG:3857"
                    }
                }
            },
            "properties": {
                "cadastralDistrictsCode": 24,
                "category": 36368,
                "categoryName": "Земельные участки ЕГРН",
                "descr": "24:11:0330102:256",
                "externalKey": "24:11:0330102:256",
                "interactionId": 396741032,
                "label": "24:11:0330102:256",
                "options": {
                    "area": null,
                    "cad_num": "24:11:0330102:256",
                    "cost_application_date": "2023-01-01",
                    "cost_approvement_date": "",
                    "cost_determination_date": "2022-01-01",
                    "cost_index": 262.41,
                    "cost_registration_date": "2022-12-23",
                    "cost_value": 262410,
                    "declared_area": null,
                    "determination_couse": "Акт об утверждении результатов определения кадастровой стоимости, полученных в соответствии с положениями Закона 237-ФЗ\n\n",
                    "land_record_category_type": "Земли населенных пунктов",
                    "land_record_reg_date": "2016-05-27",
                    "land_record_subtype": "Землепользование",
                    "land_record_type": "Земельный участок",
                    "ownership_type": "Частная",
                    "permitted_use_established_by_document": "Для ведения личного подсобного хозяйства",
                    "quarter_cad_number": "24:11:0330102",
                    "readable_address": "Российская Федерация, Красноярский край, муниципальный район Емельяновский, сельское поселение Шуваевский сельсовет, село Шуваево, улица Продольная, земельный участок 10",
                    "specified_area": 1000,
                    "status": "Учтенный"
                },
                "subcategory": 5,
                "systemInfo": {
                    "inserted": "2024-12-07T11:52:01.134692",
                    "insertedBy": "7EF5CD0B-AC08-4097-AF2B-07CD85992A79",
                    "updated": "2026-02-08T22:15:29.621123",
                    "updatedBy": "7EF5CD0B-AC08-4097-AF2B-07CD85992A79"
                }
            }
        },
        {
            "id": 414266712,
            "type": "Feature",
            "geometry": {
                "type": "Polygon",
                "coordinates": [
                    [
                        [
                            10341944.785926418,
                            7598120.517961615
                        ],
                        [
                            10341978.947436001,
                            7598045.715208137
                        ],
                        [
                            10342023.770718338,
                            7598066.804535563
                        ],
                        [
                            10341990.167668575,
                            7598140.062925866
                        ],
                        [
                            10341944.785926418,
                            7598120.517961615
                        ]
                    ]
                ],
                "crs": {
                    "type": "name",
                    "properties": {
                        "name": "EPSG:3857"
                    }
                }
            },
            "properties": {
                "cadastralDistrictsCode": 24,
                "category": 36368,
                "categoryName": "Земельные участки ЕГРН",
                "descr": "24:11:0330102:246",
                "externalKey": "24:11:0330102:246",
                "interactionId": 396741097,
                "label": "24:11:0330102:246",
                "options": {
                    "area": null,
                    "cad_num": "24:11:0330102:246",
                    "cost_application_date": "2023-01-01",
                    "cost_approvement_date": "",
                    "cost_determination_date": "2022-01-01",
                    "cost_index": 262.41,
                    "cost_registration_date": "2022-12-26",
                    "cost_value": 328012.5,
                    "declared_area": null,
                    "determination_couse": "Акт об утверждении результатов определения кадастровой стоимости, полученных в соответствии с положениями Закона 237-ФЗ\n\n\n\n\n\n",
                    "land_record_category_type": "Земли населенных пунктов",
                    "land_record_reg_date": "2016-01-13",
                    "land_record_subtype": "Землепользование",
                    "land_record_type": "Земельный участок",
                    "ownership_type": "Частная",
                    "permitted_use_established_by_document": "для ведения личного подсобного хозяйства",
                    "quarter_cad_number": "24:11:0330102",
                    "readable_address": "Местоположение установлено относительно ориентира, расположенного за пределами участка. Почтовый адрес ориентира: установлено относительно ориентира, расположенного в границах участка. Почтовый адрес ориентира: Красноярский край, Емельяновский район, с. Шуваево, ул. Северная.",
                    "specified_area": 1250,
                    "status": "Учтенный"
                },
                "subcategory": 5,
                "systemInfo": {
                    "inserted": "2024-12-07T11:52:01.716833",
                    "insertedBy": "7EF5CD0B-AC08-4097-AF2B-07CD85992A79",
                    "updated": "2026-03-14T09:19:29.343836",
                    "updatedBy": "22F23413-4218-4EB5-B8D3-D2646E3C2FAE"
                }
            }
        },
        {
            "id": 414267297,
            "type": "Feature",
            "geometry": {
                "type": "Polygon",
                "coordinates": [
                    [
                        [
                            10342411.941610007,
                            7598407.525296547
                        ],
                        [
                            10342541.304761402,
                            7598407.626838285
                        ],
                        [
                            10342540.520488363,
                            7598458.0378271425
                        ],
                        [
                            10342412.556202294,
                            7598457.34507468
                        ],
                        [
                            10342411.941610007,
                            7598407.525296547
                        ]
                    ]
                ],
                "crs": {
                    "type": "name",
                    "properties": {
                        "name": "EPSG:3857"
                    }
                }
            },
            "properties": {
                "cadastralDistrictsCode": 24,
                "category": 36368,
                "categoryName": "Земельные участки ЕГРН",
                "descr": "24:11:0330102:379",
                "externalKey": "24:11:0330102:379",
                "interactionId": 396741682,
                "label": "24:11:0330102:379",
                "options": {
                    "area": null,
                    "cad_num": "24:11:0330102:379",
                    "cost_application_date": "2023-01-01",
                    "cost_approvement_date": "",
                    "cost_determination_date": "2022-01-01",
                    "cost_index": 24.74,
                    "cost_registration_date": "2023-01-09",
                    "cost_value": 49480,
                    "declared_area": null,
                    "determination_couse": "Акт об утверждении результатов определения кадастровой стоимости, полученных в соответствии с положениями Закона 237-ФЗ\n\n\n\n\n\n\n\n",
                    "land_record_category_type": "Земли сельскохозяйственного назначения",
                    "land_record_reg_date": "2017-06-09",
                    "land_record_subtype": "Землепользование",
                    "land_record_type": "Земельный участок",
                    "ownership_type": null,
                    "permitted_use_established_by_document": "Ведение личного подсобного хозяйства на полевых участках",
                    "quarter_cad_number": "24:11:0330102",
                    "readable_address": "Россия, Красноярский край, Емельяновский район,  Шуваевский сельсовет, р-н ул. Продольная, 5 с.Шуваево ",
                    "specified_area": 2000,
                    "status": "Учтенный"
                },
                "subcategory": 8,
                "systemInfo": {
                    "inserted": "2024-12-07T11:52:04.460087",
                    "insertedBy": "7EF5CD0B-AC08-4097-AF2B-07CD85992A79",
                    "updated": "2026-02-08T15:56:47.643771",
                    "updatedBy": "7EF5CD0B-AC08-4097-AF2B-07CD85992A79"
                }
            }
        },
        {
            "id": 414267306,
            "type": "Feature",
            "geometry": {
                "type": "Polygon",
                "coordinates": [
                    [
                        [
                            10341918.862764237,
                            7597680.5700618075
                        ],
                        [
                            10342025.494759377,
                            7597730.534297265
                        ],
                        [
                            10341999.342865022,
                            7597785.703445682
                        ],
                        [
                            10341893.588441476,
                            7597736.135085914
                        ],
                        [
                            10341918.862764237,
                            7597680.5700618075
                        ]
                    ]
                ],
                "crs": {
                    "type": "name",
                    "properties": {
                        "name": "EPSG:3857"
                    }
                }
            },
            "properties": {
                "cadastralDistrictsCode": 24,
                "category": 36368,
                "categoryName": "Земельные участки ЕГРН",
                "descr": "24:11:0330102:32",
                "externalKey": "24:11:0330102:32",
                "interactionId": 396741690,
                "label": "24:11:0330102:32",
                "options": {
                    "area": null,
                    "cad_num": "24:11:0330102:32",
                    "cost_application_date": "2023-01-01",
                    "cost_approvement_date": "",
                    "cost_determination_date": "2022-01-01",
                    "cost_index": 247.45,
                    "cost_registration_date": "2022-12-23",
                    "cost_value": 549586.45,
                    "declared_area": null,
                    "determination_couse": "Акт об утверждении результатов определения кадастровой стоимости, полученных в соответствии с положениями Закона 237-ФЗ\n\n",
                    "land_record_category_type": "Земли населенных пунктов",
                    "land_record_reg_date": "1992-12-22",
                    "land_record_subtype": "Землепользование",
                    "land_record_type": "Земельный участок",
                    "ownership_type": "Частная",
                    "permitted_use_established_by_document": "для ведения личного подсобного хозяйства",
                    "quarter_cad_number": "24:11:0330102",
                    "readable_address": "Местоположение установлено относительно ориентира, расположенного в границах участка. Почтовый адрес ориентира: Красноярский край, Емельяновский район, с. Шуваево, ул. Продольная, 2.",
                    "specified_area": 2221,
                    "status": "Ранее учтенный"
                },
                "subcategory": 5,
                "systemInfo": {
                    "inserted": "2024-12-07T11:52:04.472076",
                    "insertedBy": "7EF5CD0B-AC08-4097-AF2B-07CD85992A79",
                    "updated": "2026-03-14T09:19:29.528529",
                    "updatedBy": "22F23413-4218-4EB5-B8D3-D2646E3C2FAE"
                }
            }
        },
        {
            "id": 414267390,
            "type": "Feature",
            "geometry": {
                "type": "Polygon",
                "coordinates": [
                    [
                        [
                            10342109.857367864,
                            7598077.0963439755
                        ],
                        [
                            10342133.596612344,
                            7598028.966127484
                        ],
                        [
                            10342166.12554338,
                            7598044.25077228
                        ],
                        [
                            10342142.224975083,
                            7598092.434875639
                        ],
                        [
                            10342109.857367864,
                            7598077.0963439755
                        ]
                    ]
                ],
                "crs": {
                    "type": "name",
                    "properties": {
                        "name": "EPSG:3857"
                    }
                }
            },
            "properties": {
                "cadastralDistrictsCode": 24,
                "category": 36368,
                "categoryName": "Земельные участки ЕГРН",
                "descr": "24:11:0330102:643",
                "externalKey": "24:11:0330102:643",
                "interactionId": 396741775,
                "label": "24:11:0330102:643",
                "options": {
                    "area": null,
                    "cad_num": "24:11:0330102:643",
                    "cost_application_date": "2023-01-01",
                    "cost_approvement_date": "",
                    "cost_determination_date": "2022-01-01",
                    "cost_index": 262.41,
                    "cost_registration_date": "2022-12-23",
                    "cost_value": 157446,
                    "declared_area": null,
                    "determination_couse": "Акт об утверждении результатов определения кадастровой стоимости, полученных в соответствии с положениями Закона 237-ФЗ\n\n\n\n",
                    "land_record_category_type": "Земли населенных пунктов",
                    "land_record_reg_date": "2018-05-24",
                    "land_record_subtype": "Землепользование",
                    "land_record_type": "Земельный участок",
                    "ownership_type": "Частная",
                    "permitted_use_established_by_document": "Одноквартирные усадебные жилые дома",
                    "quarter_cad_number": "24:11:0330102",
                    "readable_address": "Красноярский край, Емельяновский район, с. Шуваево, ул. Северная",
                    "specified_area": 600,
                    "status": "Учтенный"
                },
                "subcategory": 5,
                "systemInfo": {
                    "inserted": "2024-12-07T11:52:05.02822",
                    "insertedBy": "7EF5CD0B-AC08-4097-AF2B-07CD85992A79",
                    "updated": "2026-02-08T21:59:27.475219",
                    "updatedBy": "7EF5CD0B-AC08-4097-AF2B-07CD85992A79"
                }
            }
        },
        {
            "id": 414267457,
            "type": "Feature",
            "geometry": {
                "type": "Polygon",
                "coordinates": [
                    [
                        [
                            10341972.615877653,
                            7598328.058635832
                        ],
                        [
                            10341970.461307593,
                            7598278.578953058
                        ],
                        [
                            10341984.669777354,
                            7598224.162395608
                        ],
                        [
                            10342004.52951461,
                            7598232.38537869
                        ],
                        [
                            10342105.873881292,
                            7598273.1250858195
                        ],
                        [
                            10342097.047861874,
                            7598300.681663078
                        ],
                        [
                            10341972.615877653,
                            7598328.058635832
                        ]
                    ]
                ],
                "crs": {
                    "type": "name",
                    "properties": {
                        "name": "EPSG:3857"
                    }
                }
            },
            "properties": {
                "cadastralDistrictsCode": 24,
                "category": 36368,
                "categoryName": "Земельные участки ЕГРН",
                "descr": "24:11:0330102:142",
                "externalKey": "24:11:0330102:142",
                "interactionId": 396741842,
                "label": "24:11:0330102:142",
                "options": {
                    "area": null,
                    "cad_num": "24:11:0330102:142",
                    "cost_application_date": "2023-01-01",
                    "cost_approvement_date": "",
                    "cost_determination_date": "2022-01-01",
                    "cost_index": 240.63,
                    "cost_registration_date": "2022-12-21",
                    "cost_value": 641760.21,
                    "declared_area": null,
                    "determination_couse": "Акт об утверждении результатов определения кадастровой стоимости, полученных в соответствии с положениями Закона 237-ФЗ\n\n\n\n",
                    "land_record_category_type": "Земли населенных пунктов",
                    "land_record_reg_date": "1992-10-31",
                    "land_record_subtype": "Землепользование",
                    "land_record_type": "Земельный участок",
                    "ownership_type": "Частная",
                    "permitted_use_established_by_document": "Для ведения личного подсобного хозяйства",
                    "quarter_cad_number": "24:11:0330102",
                    "readable_address": "Местоположение установлено относительно ориентира, расположенного в границах участка. Почтовый адрес ориентира: Красноярский край, Емельяновский район, с. Шуваево, ул. Березовая, 1.",
                    "specified_area": 2667,
                    "status": "Ранее учтенный"
                },
                "subcategory": 5,
                "systemInfo": {
                    "inserted": "2024-12-07T11:52:05.365925",
                    "insertedBy": "7EF5CD0B-AC08-4097-AF2B-07CD85992A79",
                    "updated": "2026-03-14T09:19:29.603788",
                    "updatedBy": "22F23413-4218-4EB5-B8D3-D2646E3C2FAE"
                }
            }
        },
        {
            "id": 414267624,
            "type": "Feature",
            "geometry": {
                "type": "Polygon",
                "coordinates": [
                    [
                        [
                            10342389.612017818,
                            7597968.573893257
                        ],
                        [
                            10342416.442822102,
                            7597900.338120198
                        ],
                        [
                            10342449.383955332,
                            7597915.837515352
                        ],
                        [
                            10342478.274746872,
                            7597929.444413131
                        ],
                        [
                            10342447.51959214,
                            7597995.66261138
                        ],
                        [
                            10342389.612017818,
                            7597968.573893257
                        ]
                    ]
                ],
                "crs": {
                    "type": "name",
                    "properties": {
                        "name": "EPSG:3857"
                    }
                }
            },
            "properties": {
                "cadastralDistrictsCode": 24,
                "category": 36368,
                "categoryName": "Земельные участки ЕГРН",
                "descr": "24:11:0330102:131",
                "externalKey": "24:11:0330102:131",
                "interactionId": 396742008,
                "label": "24:11:0330102:131",
                "options": {
                    "area": null,
                    "cad_num": "24:11:0330102:131",
                    "cost_application_date": "2023-01-01",
                    "cost_approvement_date": "",
                    "cost_determination_date": "2022-01-01",
                    "cost_index": 262.41,
                    "cost_registration_date": "2022-12-26",
                    "cost_value": 393615,
                    "declared_area": null,
                    "determination_couse": "Акт об утверждении результатов определения кадастровой стоимости, полученных в соответствии с положениями Закона 237-ФЗ\n\n\n\n\n\n",
                    "land_record_category_type": "Земли населенных пунктов",
                    "land_record_reg_date": "2009-07-18",
                    "land_record_subtype": "Землепользование",
                    "land_record_type": "Земельный участок",
                    "ownership_type": "Частная",
                    "permitted_use_established_by_document": "для ведения личного подсобного хозяйства",
                    "quarter_cad_number": "24:11:0330102",
                    "readable_address": "Местоположение установлено относительно ориентира, расположенного в границах участка. Ориентир жилой дом. Почтовый адрес ориентира: Красноярский край, Емельяновский район, с. Шуваево, ул. Продольная, участок № 8 \"А\".",
                    "specified_area": 1500,
                    "status": "Учтенный"
                },
                "subcategory": 5,
                "systemInfo": {
                    "inserted": "2024-12-07T11:52:05.894232",
                    "insertedBy": "7EF5CD0B-AC08-4097-AF2B-07CD85992A79",
                    "updated": "2026-03-14T09:19:29.660828",
                    "updatedBy": "22F23413-4218-4EB5-B8D3-D2646E3C2FAE"
                }
            }
        },
        {
            "id": 414267823,
            "type": "Feature",
            "geometry": {
                "type": "Polygon",
                "coordinates": [
                    [
                        [
                            10341854.356869869,
                            7598111.709698125
                        ],
                        [
                            10341828.60298246,
                            7598099.488397027
                        ],
                        [
                            10341875.357877288,
                            7597997.334071896
                        ],
                        [
                            10341901.470198045,
                            7598009.537590587
                        ],
                        [
                            10341854.356869869,
                            7598111.709698125
                        ]
                    ]
                ],
                "crs": {
                    "type": "name",
                    "properties": {
                        "name": "EPSG:3857"
                    }
                }
            },
            "properties": {
                "cadastralDistrictsCode": 24,
                "category": 36368,
                "categoryName": "Земельные участки ЕГРН",
                "descr": "24:11:0330102:185",
                "externalKey": "24:11:0330102:185",
                "interactionId": 396742208,
                "label": "24:11:0330102:185",
                "options": {
                    "area": null,
                    "cad_num": "24:11:0330102:185",
                    "cost_application_date": "2023-01-01",
                    "cost_approvement_date": "",
                    "cost_determination_date": "2022-01-01",
                    "cost_index": 262.41,
                    "cost_registration_date": "2022-12-23",
                    "cost_value": 262410,
                    "declared_area": null,
                    "determination_couse": "Акт об утверждении результатов определения кадастровой стоимости, полученных в соответствии с положениями Закона 237-ФЗ\n\n\n\n\n\n",
                    "land_record_category_type": "Земли населенных пунктов",
                    "land_record_reg_date": "2011-11-22",
                    "land_record_subtype": "Землепользование",
                    "land_record_type": "Земельный участок",
                    "ownership_type": "Частная",
                    "permitted_use_established_by_document": "для ведения личного подсобного хозяйства",
                    "quarter_cad_number": "24:11:0330102",
                    "readable_address": "Местоположение установлено относительно ориентира, расположенного за пределами участка. Почтовый адрес ориентира: Россия, Красноярский край, Емельяновский район, с. Шуваево, ул. Северная, участок № 1 \"А\".",
                    "specified_area": 1000,
                    "status": "Учтенный"
                },
                "subcategory": 5,
                "systemInfo": {
                    "inserted": "2024-12-07T11:52:06.50702",
                    "insertedBy": "7EF5CD0B-AC08-4097-AF2B-07CD85992A79",
                    "updated": "2026-03-14T09:19:29.692002",
                    "updatedBy": "22F23413-4218-4EB5-B8D3-D2646E3C2FAE"
                }
            }
        },
        {
            "id": 414267859,
            "type": "Feature",
            "geometry": {
                "type": "Polygon",
                "coordinates": [
                    [
                        [
                            10342445.545665814,
                            7598210.849953841
                        ],
                        [
                            10342478.062191186,
                            7598142.421780832
                        ],
                        [
                            10342511.775341872,
                            7598158.156057751
                        ],
                        [
                            10342541.92194902,
                            7598172.214109255
                        ],
                        [
                            10342499.748084381,
                            7598260.938017801
                        ],
                        [
                            10342480.917052161,
                            7598247.433964263
                        ],
                        [
                            10342482.763239456,
                            7598207.898638138
                        ],
                        [
                            10342461.24935626,
                            7598202.478280497
                        ],
                        [
                            10342445.545665814,
                            7598210.849953841
                        ]
                    ]
                ],
                "crs": {
                    "type": "name",
                    "properties": {
                        "name": "EPSG:3857"
                    }
                }
            },
            "properties": {
                "cadastralDistrictsCode": 24,
                "category": 36368,
                "categoryName": "Земельные участки ЕГРН",
                "descr": "24:11:0330102:669",
                "externalKey": "24:11:0330102:669",
                "interactionId": 396742244,
                "label": "24:11:0330102:669",
                "options": {
                    "area": null,
                    "cad_num": "24:11:0330102:669",
                    "cost_application_date": "2023-01-01",
                    "cost_approvement_date": "",
                    "cost_determination_date": "2022-01-01",
                    "cost_index": 258.21,
                    "cost_registration_date": "2022-12-23",
                    "cost_value": 430177.86,
                    "declared_area": null,
                    "determination_couse": "Акт об утверждении результатов определения кадастровой стоимости, полученных в соответствии с положениями Закона 237-ФЗ\n\n\n\n\n\n",
                    "land_record_category_type": "Земли населенных пунктов",
                    "land_record_reg_date": "2019-02-15",
                    "land_record_subtype": "Землепользование",
                    "land_record_type": "Земельный участок",
                    "ownership_type": "Частная",
                    "permitted_use_established_by_document": "Для ведения личного подсобного хозяйства",
                    "quarter_cad_number": "24:11:0330102",
                    "readable_address": "Российская Федерация, Красноярский край, муниципальный район Емельяновский, сельское поселение Шуваевский сельсовет, село Шуваево, улица Продольная, земельный участок 5Д",
                    "specified_area": 1666,
                    "status": "Учтенный"
                },
                "subcategory": 5,
                "systemInfo": {
                    "inserted": "2024-12-07T11:52:06.735421",
                    "insertedBy": "7EF5CD0B-AC08-4097-AF2B-07CD85992A79",
                    "updated": "2026-02-10T07:49:39.322463",
                    "updatedBy": "7EF5CD0B-AC08-4097-AF2B-07CD85992A79"
                }
            }
        },
        {
            "id": 414267903,
            "type": "Feature",
            "geometry": {
                "type": "Polygon",
                "coordinates": [
                    [
                        [
                            10341687.023553254,
                            7598180.067305951
                        ],
                        [
                            10341704.25773911,
                            7598142.998837491
                        ],
                        [
                            10341789.870620975,
                            7598184.025081461
                        ],
                        [
                            10341773.031642789,
                            7598220.860873073
                        ],
                        [
                            10341687.023553254,
                            7598180.067305951
                        ]
                    ]
                ],
                "crs": {
                    "type": "name",
                    "properties": {
                        "name": "EPSG:3857"
                    }
                }
            },
            "properties": {
                "cadastralDistrictsCode": 24,
                "category": 36368,
                "categoryName": "Земельные участки ЕГРН",
                "descr": "24:11:0330102:651",
                "externalKey": "24:11:0330102:651",
                "interactionId": 396742287,
                "label": "24:11:0330102:651",
                "options": {
                    "area": null,
                    "cad_num": "24:11:0330102:651",
                    "cost_application_date": "2023-01-01",
                    "cost_approvement_date": "",
                    "cost_determination_date": "2022-01-01",
                    "cost_index": 262.41,
                    "cost_registration_date": "2022-12-23",
                    "cost_value": 314892,
                    "declared_area": null,
                    "determination_couse": "Акт об утверждении результатов определения кадастровой стоимости, полученных в соответствии с положениями Закона 237-ФЗ\n\n\n\n\n\n",
                    "land_record_category_type": "Земли населенных пунктов",
                    "land_record_reg_date": "2018-08-03",
                    "land_record_subtype": "Землепользование",
                    "land_record_type": "Земельный участок",
                    "ownership_type": "Частная",
                    "permitted_use_established_by_document": "одноквартирные усадебные жилые дома",
                    "quarter_cad_number": "24:11:0330102",
                    "readable_address": "Россия, Красноярский край, Емельяновский район, с. Шуваево, ул. Степная, уч. 2 \"Ж\"\n",
                    "specified_area": 1200,
                    "status": "Учтенный"
                },
                "subcategory": 5,
                "systemInfo": {
                    "inserted": "2024-12-07T11:52:06.887746",
                    "insertedBy": "7EF5CD0B-AC08-4097-AF2B-07CD85992A79",
                    "updated": "2026-02-08T22:15:21.323883",
                    "updatedBy": "7EF5CD0B-AC08-4097-AF2B-07CD85992A79"
                }
            }
        },
        {
            "id": 414267926,
            "type": "Feature",
            "geometry": {
                "type": "Polygon",
                "coordinates": [
                    [
                        [
                            10341880.12877321,
                            7598123.930957457
                        ],
                        [
                            10341854.356869869,
                            7598111.709698125
                        ],
                        [
                            10341901.470198045,
                            7598009.537590587
                        ],
                        [
                            10341927.528850837,
                            7598021.705021178
                        ],
                        [
                            10341880.12877321,
                            7598123.930957457
                        ]
                    ]
                ],
                "crs": {
                    "type": "name",
                    "properties": {
                        "name": "EPSG:3857"
                    }
                }
            },
            "properties": {
                "cadastralDistrictsCode": 24,
                "category": 36368,
                "categoryName": "Земельные участки ЕГРН",
                "descr": "24:11:0330102:184",
                "externalKey": "24:11:0330102:184",
                "interactionId": 396742311,
                "label": "24:11:0330102:184",
                "options": {
                    "area": null,
                    "cad_num": "24:11:0330102:184",
                    "cost_application_date": "2023-01-01",
                    "cost_approvement_date": "",
                    "cost_determination_date": "2022-01-01",
                    "cost_index": 262.41,
                    "cost_registration_date": "2022-12-23",
                    "cost_value": 262410,
                    "declared_area": null,
                    "determination_couse": "Акт об утверждении результатов определения кадастровой стоимости, полученных в соответствии с положениями Закона 237-ФЗ\n\n\n\n\n\n",
                    "land_record_category_type": "Земли населенных пунктов",
                    "land_record_reg_date": "2011-11-22",
                    "land_record_subtype": "Землепользование",
                    "land_record_type": "Земельный участок",
                    "ownership_type": "Частная",
                    "permitted_use_established_by_document": "для ведения личного подсобного хозяйства",
                    "quarter_cad_number": "24:11:0330102",
                    "readable_address": "Местоположение установлено относительно ориентира, расположенного за пределами участка. Почтовый адрес ориентира: Россия, Красноярский край, Емельяновский район, с. Шуваево, ул. Северная, участок № 1 \"Б\".",
                    "specified_area": 1000,
                    "status": "Учтенный"
                },
                "subcategory": 5,
                "systemInfo": {
                    "inserted": "2024-12-07T11:52:06.992919",
                    "insertedBy": "7EF5CD0B-AC08-4097-AF2B-07CD85992A79",
                    "updated": "2026-03-14T09:19:29.711731",
                    "updatedBy": "22F23413-4218-4EB5-B8D3-D2646E3C2FAE"
                }
            }
        },
        {
            "id": 414268004,
            "type": "Feature",
            "geometry": {
                "type": "Polygon",
                "coordinates": [
                    [
                        [
                            10341850.221263967,
                            7597954.724721597
                        ],
                        [
                            10341802.639560867,
                            7597932.0672628395
                        ],
                        [
                            10341834.04658372,
                            7597865.17023002
                        ],
                        [
                            10341881.000623435,
                            7597887.592785276
                        ],
                        [
                            10341850.221263967,
                            7597954.724721597
                        ]
                    ]
                ],
                "crs": {
                    "type": "name",
                    "properties": {
                        "name": "EPSG:3857"
                    }
                }
            },
            "properties": {
                "cadastralDistrictsCode": 24,
                "category": 36368,
                "categoryName": "Земельные участки ЕГРН",
                "descr": "24:11:0330102:68",
                "externalKey": "24:11:0330102:68",
                "interactionId": 396742389,
                "label": "24:11:0330102:68",
                "options": {
                    "area": null,
                    "cad_num": "24:11:0330102:68",
                    "cost_application_date": "2023-01-01",
                    "cost_approvement_date": "",
                    "cost_determination_date": "2022-01-01",
                    "cost_index": 262.41,
                    "cost_registration_date": "2022-12-20",
                    "cost_value": 314892,
                    "declared_area": null,
                    "determination_couse": "Акт об утверждении результатов определения кадастровой стоимости, полученных в соответствии с положениями Закона 237-ФЗ\n\n\n",
                    "land_record_category_type": "Земли населенных пунктов",
                    "land_record_reg_date": "2009-06-03",
                    "land_record_subtype": "Землепользование",
                    "land_record_type": "Земельный участок",
                    "ownership_type": "Частная",
                    "permitted_use_established_by_document": "для ведения личного подсобного хозяйства",
                    "quarter_cad_number": "24:11:0330102",
                    "readable_address": "Местоположение установлено относительно ориентира, расположенного в границах участка. Почтовый адрес ориентира: Красноярский край, Емельяновский район, с. Шуваево, ул. Северная, 2.",
                    "specified_area": 1200,
                    "status": "Учтенный"
                },
                "subcategory": 5,
                "systemInfo": {
                    "inserted": "2024-12-07T11:52:07.166394",
                    "insertedBy": "7EF5CD0B-AC08-4097-AF2B-07CD85992A79",
                    "updated": "2026-03-14T09:19:29.720486",
                    "updatedBy": "22F23413-4218-4EB5-B8D3-D2646E3C2FAE"
                }
            }
        },
        {
            "id": 414268124,
            "type": "Feature",
            "geometry": {
                "type": "Polygon",
                "coordinates": [
                    [
                        [
                            10342327.549052762,
                            7597858.489264829
                        ],
                        [
                            10342371.386441806,
                            7597879.143404018
                        ],
                        [
                            10342339.052919608,
                            7597944.981205749
                        ],
                        [
                            10342295.447939461,
                            7597924.650501136
                        ],
                        [
                            10342327.549052762,
                            7597858.489264829
                        ]
                    ]
                ],
                "crs": {
                    "type": "name",
                    "properties": {
                        "name": "EPSG:3857"
                    }
                }
            },
            "properties": {
                "cadastralDistrictsCode": 24,
                "category": 36368,
                "categoryName": "Земельные участки ЕГРН",
                "descr": "24:11:0330102:684",
                "externalKey": "24:11:0330102:684",
                "interactionId": 396742509,
                "label": "24:11:0330102:684",
                "options": {
                    "area": null,
                    "cad_num": "24:11:0330102:684",
                    "cost_application_date": "2023-01-01",
                    "cost_approvement_date": "",
                    "cost_determination_date": "2022-01-01",
                    "cost_index": 262.41,
                    "cost_registration_date": "2022-12-20",
                    "cost_value": 288651,
                    "declared_area": null,
                    "determination_couse": "Акт об утверждении результатов определения кадастровой стоимости, полученных в соответствии с положениями Закона 237-ФЗ\n\n\n",
                    "land_record_category_type": "Земли населенных пунктов",
                    "land_record_reg_date": "2020-05-29",
                    "land_record_subtype": "Землепользование",
                    "land_record_type": "Земельный участок",
                    "ownership_type": "Частная",
                    "permitted_use_established_by_document": "Для ведения личного подсобного хозяйства",
                    "quarter_cad_number": "24:11:0330102",
                    "readable_address": "Российская Федерация, Красноярский край, муниципальный район Емельяновский, сельское поселение Шуваевский сельсовет, село Шуваево, улица Продольная, земельный участок 8В",
                    "specified_area": 1100,
                    "status": "Учтенный"
                },
                "subcategory": 5,
                "systemInfo": {
                    "inserted": "2024-12-07T11:52:07.520562",
                    "insertedBy": "7EF5CD0B-AC08-4097-AF2B-07CD85992A79",
                    "updated": "2026-02-10T08:30:02.130142",
                    "updatedBy": "7EF5CD0B-AC08-4097-AF2B-07CD85992A79"
                }
            }
        },
        {
            "id": 414268264,
            "type": "Feature",
            "geometry": {
                "type": "Polygon",
                "coordinates": [
                    [
                        [
                            10342499.748084381,
                            7598260.938017801
                        ],
                        [
                            10342541.92194902,
                            7598172.214109255
                        ],
                        [
                            10342550.973126331,
                            7598176.431516116
                        ],
                        [
                            10342590.583275607,
                            7598194.94099516
                        ],
                        [
                            10342550.85259682,
                            7598280.90101898
                        ],
                        [
                            10342518.543313943,
                            7598274.442000801
                        ],
                        [
                            10342499.748084381,
                            7598260.938017801
                        ]
                    ]
                ],
                "crs": {
                    "type": "name",
                    "properties": {
                        "name": "EPSG:3857"
                    }
                }
            },
            "properties": {
                "cadastralDistrictsCode": 24,
                "category": 36368,
                "categoryName": "Земельные участки ЕГРН",
                "descr": "24:11:0330102:670",
                "externalKey": "24:11:0330102:670",
                "interactionId": 396742649,
                "label": "24:11:0330102:670",
                "options": {
                    "area": null,
                    "cad_num": "24:11:0330102:670",
                    "cost_application_date": "2023-01-01",
                    "cost_approvement_date": "",
                    "cost_determination_date": "2022-01-01",
                    "cost_index": 258.21,
                    "cost_registration_date": "2022-12-23",
                    "cost_value": 431727.12,
                    "declared_area": null,
                    "determination_couse": "Акт об утверждении результатов определения кадастровой стоимости, полученных в соответствии с положениями Закона 237-ФЗ\n\n\n\n\n\n",
                    "land_record_category_type": "Земли населенных пунктов",
                    "land_record_reg_date": "2019-02-15",
                    "land_record_subtype": "Землепользование",
                    "land_record_type": "Земельный участок",
                    "ownership_type": "Частная",
                    "permitted_use_established_by_document": "Для ведения личного подсобного хозяйства",
                    "quarter_cad_number": "24:11:0330102",
                    "readable_address": "Российская Федерация, Красноярский кр ай, муниципальный район Емельяновский, сельское поселение Шуваевский сельсовет, село Шуваево, улица Продольная, земельный участок 5Е",
                    "specified_area": 1672,
                    "status": "Учтенный"
                },
                "subcategory": 5,
                "systemInfo": {
                    "inserted": "2024-12-07T11:52:08.119136",
                    "insertedBy": "7EF5CD0B-AC08-4097-AF2B-07CD85992A79",
                    "updated": "2026-02-10T08:56:23.527377",
                    "updatedBy": "7EF5CD0B-AC08-4097-AF2B-07CD85992A79"
                }
            }
        },
        {
            "id": 414268458,
            "type": "Feature",
            "geometry": {
                "type": "Polygon",
                "coordinates": [
                    [
                        [
                            10341670.338721395,
                            7597661.1301646875
                        ],
                        [
                            10341650.694751985,
                            7597703.512022466
                        ],
                        [
                            10341588.240463017,
                            7597674.165374445
                        ],
                        [
                            10341607.88467537,
                            7597631.801808336
                        ],
                        [
                            10341670.338721395,
                            7597661.1301646875
                        ]
                    ]
                ],
                "crs": {
                    "type": "name",
                    "properties": {
                        "name": "EPSG:3857"
                    }
                }
            },
            "properties": {
                "cadastralDistrictsCode": 24,
                "category": 36368,
                "categoryName": "Земельные участки ЕГРН",
                "descr": "24:11:0330102:747",
                "externalKey": "24:11:0330102:747",
                "interactionId": 396742843,
                "label": "24:11:0330102:747",
                "options": {
                    "area": null,
                    "cad_num": "24:11:0330102:747",
                    "cost_application_date": "2023-01-01",
                    "cost_approvement_date": "",
                    "cost_determination_date": "2022-01-01",
                    "cost_index": 262.41,
                    "cost_registration_date": "2023-03-27",
                    "cost_value": 262410,
                    "declared_area": null,
                    "determination_couse": "Акт бюджетного учреждения, созданного субъектом Российской Федерации, об определении кадастровой стоимости в соответствии со статьей 16 Закона 237-ФЗ\n\n\n\n\n\n\n\n\n\n\n\n\n\n\n\n\n\n\n\n\n\n\n\n\n\n\n\n\n\n\n\n\n\n\n\n\n\n\n\n\n\n\n\n\n\n\n\n\n\n\n\n\n\n\n",
                    "land_record_category_type": "Земли населенных пунктов",
                    "land_record_reg_date": "2022-08-23",
                    "land_record_subtype": "Землепользование",
                    "land_record_type": "Земельный участок",
                    "ownership_type": "Частная",
                    "permitted_use_established_by_document": "«Для ведения личного подсобного хозяйства» (2.2)",
                    "quarter_cad_number": "24:11:0330102",
                    "readable_address": "Российская Федерация, Красноярский край, муниципальный район Емельяновский, сельское поселение Шуваевский сельсовет, село Шуваево, улица Продольная, земельный участок 1/3",
                    "specified_area": 1000,
                    "status": "Учтенный"
                },
                "subcategory": 5,
                "systemInfo": {
                    "inserted": "2024-12-07T11:52:08.652136",
                    "insertedBy": "7EF5CD0B-AC08-4097-AF2B-07CD85992A79",
                    "updated": "2026-02-08T20:16:40.098473",
                    "updatedBy": "7EF5CD0B-AC08-4097-AF2B-07CD85992A79"
                }
            }
        },
        {
            "id": 414276849,
            "type": "Feature",
            "geometry": {
                "type": "Polygon",
                "coordinates": [
                    [
                        [
                            10342483.544032931,
                            7598012.496065847
                        ],
                        [
                            10342509.315711642,
                            7597958.006040027
                        ],
                        [
                            10342558.56647129,
                            7597981.434162756
                        ],
                        [
                            10342533.33341211,
                            7598035.673639554
                        ],
                        [
                            10342483.544032931,
                            7598012.496065847
                        ]
                    ]
                ],
                "crs": {
                    "type": "name",
                    "properties": {
                        "name": "EPSG:3857"
                    }
                }
            },
            "properties": {
                "cadastralDistrictsCode": 24,
                "category": 36368,
                "categoryName": "Земельные участки ЕГРН",
                "descr": "24:11:0330102:254",
                "externalKey": "24:11:0330102:254",
                "interactionId": 396751234,
                "label": "24:11:0330102:254",
                "options": {
                    "area": null,
                    "cad_num": "24:11:0330102:254",
                    "cost_application_date": "2023-01-01",
                    "cost_approvement_date": "",
                    "cost_determination_date": "2022-01-01",
                    "cost_index": 262.41,
                    "cost_registration_date": "2022-12-23",
                    "cost_value": 267658.2,
                    "declared_area": null,
                    "determination_couse": "Акт об утверждении результатов определения кадастровой стоимости, полученных в соответствии с положениями Закона 237-ФЗ\n\n",
                    "land_record_category_type": "Земли населенных пунктов",
                    "land_record_reg_date": "2016-05-27",
                    "land_record_subtype": "Землепользование",
                    "land_record_type": "Земельный участок",
                    "ownership_type": "Частная",
                    "permitted_use_established_by_document": "Для ведения личного подсобного хозяйства",
                    "quarter_cad_number": "24:11:0330102",
                    "readable_address": "Местоположение установлено относительно ориентира, расположенного за пределами участка. Почтовый адрес ориентира: Россия, Красноярский край, Емельяновский район, с. Шуваево, Продольная, 10 \"Г\".",
                    "specified_area": 1020,
                    "status": "Учтенный"
                },
                "subcategory": 5,
                "systemInfo": {
                    "inserted": "2024-12-07T11:52:48.202127",
                    "insertedBy": "7EF5CD0B-AC08-4097-AF2B-07CD85992A79",
                    "updated": "2026-03-14T09:20:07.407359",
                    "updatedBy": "22F23413-4218-4EB5-B8D3-D2646E3C2FAE"
                }
            }
        },
        {
            "id": 414276860,
            "type": "Feature",
            "geometry": {
                "type": "Polygon",
                "coordinates": [
                    [
                        [
                            10341999.342865022,
                            7597785.703445682
                        ],
                        [
                            10342025.494759377,
                            7597730.534297265
                        ],
                        [
                            10342168.993104674,
                            7597797.800241981
                        ],
                        [
                            10342144.293725178,
                            7597853.61932143
                        ],
                        [
                            10341999.342865022,
                            7597785.703445682
                        ]
                    ]
                ],
                "crs": {
                    "type": "name",
                    "properties": {
                        "name": "EPSG:3857"
                    }
                }
            },
            "properties": {
                "cadastralDistrictsCode": 24,
                "category": 36368,
                "categoryName": "Земельные участки ЕГРН",
                "descr": "24:11:0330102:212",
                "externalKey": "24:11:0330102:212",
                "interactionId": 396751244,
                "label": "24:11:0330102:212",
                "options": {
                    "area": null,
                    "cad_num": "24:11:0330102:212",
                    "cost_application_date": "2023-01-01",
                    "cost_approvement_date": "",
                    "cost_determination_date": "2022-01-01",
                    "cost_index": 236.17,
                    "cost_registration_date": "2022-12-23",
                    "cost_value": 712524.89,
                    "declared_area": null,
                    "determination_couse": "Акт об утверждении результатов определения кадастровой стоимости, полученных в соответствии с положениями Закона 237-ФЗ\n\n\n\n\n\n",
                    "land_record_category_type": "Земли населенных пунктов",
                    "land_record_reg_date": "2013-07-31",
                    "land_record_subtype": "Землепользование",
                    "land_record_type": "Земельный участок",
                    "ownership_type": "Частная",
                    "permitted_use_established_by_document": "для ведения личного подсобного хозяйства",
                    "quarter_cad_number": "24:11:0330102",
                    "readable_address": "Местоположение установлено относительно ориентира, расположенного за пределами участка. Почтовый адрес ориентира: Россия, Красноярский край, Емельяновский район, район с. Шуваево, ул. Продольная, 4.",
                    "specified_area": 3017,
                    "status": "Ранее учтенный"
                },
                "subcategory": 5,
                "systemInfo": {
                    "inserted": "2024-12-07T11:52:48.258796",
                    "insertedBy": "7EF5CD0B-AC08-4097-AF2B-07CD85992A79",
                    "updated": "2026-03-14T09:20:07.416265",
                    "updatedBy": "22F23413-4218-4EB5-B8D3-D2646E3C2FAE"
                }
            }
        },
        {
            "id": 414276938,
            "type": "Feature",
            "geometry": {
                "type": "Polygon",
                "coordinates": [
                    [
                        [
                            10342840.803798644,
                            7598179.507516455
                        ],
                        [
                            10342878.119375976,
                            7598099.923863817
                        ],
                        [
                            10342925.024850607,
                            7598121.747575757
                        ],
                        [
                            10342961.03301686,
                            7598138.561065714
                        ],
                        [
                            10342924.255999917,
                            7598218.254040713
                        ],
                        [
                            10342840.803798644,
                            7598179.507516455
                        ]
                    ]
                ],
                "crs": {
                    "type": "name",
                    "properties": {
                        "name": "EPSG:3857"
                    }
                }
            },
            "properties": {
                "cadastralDistrictsCode": 24,
                "category": 36368,
                "categoryName": "Земельные участки ЕГРН",
                "descr": "24:11:0330102:31",
                "externalKey": "24:11:0330102:31",
                "interactionId": 396751323,
                "label": "24:11:0330102:31",
                "options": {
                    "area": null,
                    "cad_num": "24:11:0330102:31",
                    "cost_application_date": "2023-01-01",
                    "cost_approvement_date": "",
                    "cost_determination_date": "2022-01-01",
                    "cost_index": 255.06,
                    "cost_registration_date": "2022-12-23",
                    "cost_value": 637650,
                    "declared_area": null,
                    "determination_couse": "Акт об утверждении результатов определения кадастровой стоимости, полученных в соответствии с положениями Закона 237-ФЗ\n\n",
                    "land_record_category_type": "Земли населенных пунктов",
                    "land_record_reg_date": "1992-10-29",
                    "land_record_subtype": "Землепользование",
                    "land_record_type": "Земельный участок",
                    "ownership_type": "Частная",
                    "permitted_use_established_by_document": "для ведения личного подсобного хозяйства",
                    "quarter_cad_number": "24:11:0330102",
                    "readable_address": "Местоположение установлено относительно ориентира, расположенного в границах участка. Почтовый адрес ориентира: Красноярский край, Емельяновский район, с. Шуваево, ул. Продольная, 14.",
                    "specified_area": 2500,
                    "status": "Ранее учтенный"
                },
                "subcategory": 5,
                "systemInfo": {
                    "inserted": "2024-12-07T11:52:48.428639",
                    "insertedBy": "7EF5CD0B-AC08-4097-AF2B-07CD85992A79",
                    "updated": "2026-03-14T09:20:07.464025",
                    "updatedBy": "22F23413-4218-4EB5-B8D3-D2646E3C2FAE"
                }
            }
        },
        {
            "id": 414276992,
            "type": "Feature",
            "geometry": {
                "type": "Polygon",
                "coordinates": [
                    [
                        [
                            10342225.80781162,
                            7598268.438346319
                        ],
                        [
                            10342262.91082707,
                            7598178.738452412
                        ],
                        [
                            10342303.613256676,
                            7598198.005725879
                        ],
                        [
                            10342266.654734723,
                            7598287.238969566
                        ],
                        [
                            10342225.80781162,
                            7598268.438346319
                        ]
                    ]
                ],
                "crs": {
                    "type": "name",
                    "properties": {
                        "name": "EPSG:3857"
                    }
                }
            },
            "properties": {
                "cadastralDistrictsCode": 24,
                "category": 36368,
                "categoryName": "Земельные участки ЕГРН",
                "descr": "24:11:0330102:240",
                "externalKey": "24:11:0330102:240",
                "interactionId": 396751377,
                "label": "24:11:0330102:240",
                "options": {
                    "area": null,
                    "cad_num": "24:11:0330102:240",
                    "cost_application_date": "2023-01-01",
                    "cost_approvement_date": "",
                    "cost_determination_date": "2022-01-01",
                    "cost_index": 275.53,
                    "cost_registration_date": "2022-12-26",
                    "cost_value": 371965.5,
                    "declared_area": null,
                    "determination_couse": "Акт об утверждении результатов определения кадастровой стоимости, полученных в соответствии с положениями Закона 237-ФЗ\n\n\n\n\n\n",
                    "land_record_category_type": "Земли населенных пунктов",
                    "land_record_reg_date": "2015-10-20",
                    "land_record_subtype": "Землепользование",
                    "land_record_type": "Земельный участок",
                    "ownership_type": "Частная",
                    "permitted_use_established_by_document": "Приусадебный участок личного подсобного хозяйства",
                    "quarter_cad_number": "24:11:0330102",
                    "readable_address": "Местоположение установлено относительно ориентира, расположенного за пределами участка. Почтовый адрес ориентира: Россия, Красноярский край, Емельяновский район, с. Шуваево, ул. Северная, 5 \"Б\".",
                    "specified_area": 1350,
                    "status": "Учтенный"
                },
                "subcategory": 5,
                "systemInfo": {
                    "inserted": "2024-12-07T11:52:48.607056",
                    "insertedBy": "7EF5CD0B-AC08-4097-AF2B-07CD85992A79",
                    "updated": "2026-03-14T09:20:07.455578",
                    "updatedBy": "22F23413-4218-4EB5-B8D3-D2646E3C2FAE"
                }
            }
        },
        {
            "id": 414277038,
            "type": "Feature",
            "geometry": {
                "type": "Polygon",
                "coordinates": [
                    [
                        [
                            10342339.730975533,
                            7598013.793659492
                        ],
                        [
                            10342355.143081037,
                            7597982.0954255555
                        ],
                        [
                            10342437.604500495,
                            7598020.71912217
                        ],
                        [
                            10342422.37158602,
                            7598052.723434282
                        ],
                        [
                            10342339.730975533,
                            7598013.793659492
                        ]
                    ]
                ],
                "crs": {
                    "type": "name",
                    "properties": {
                        "name": "EPSG:3857"
                    }
                }
            },
            "properties": {
                "cadastralDistrictsCode": 24,
                "category": 36368,
                "categoryName": "Земельные участки ЕГРН",
                "descr": "24:11:0330102:249",
                "externalKey": "24:11:0330102:249",
                "interactionId": 396751423,
                "label": "24:11:0330102:249",
                "options": {
                    "area": null,
                    "cad_num": "24:11:0330102:249",
                    "cost_application_date": "2023-01-01",
                    "cost_approvement_date": "",
                    "cost_determination_date": "2022-01-01",
                    "cost_index": 275.53,
                    "cost_registration_date": "2022-12-23",
                    "cost_value": 275530,
                    "declared_area": null,
                    "determination_couse": "Акт об утверждении результатов определения кадастровой стоимости, полученных в соответствии с положениями Закона 237-ФЗ\n\n",
                    "land_record_category_type": "Земли населенных пунктов",
                    "land_record_reg_date": "2016-02-12",
                    "land_record_subtype": "Землепользование",
                    "land_record_type": "Земельный участок",
                    "ownership_type": "Частная",
                    "permitted_use_established_by_document": "Для ведения личного подсобного хозяйства",
                    "quarter_cad_number": "24:11:0330102",
                    "readable_address": "Россия, Красноярский край, Емельяновский район, с. Шуваево, ул. Продольная, 3\"Б\"",
                    "specified_area": 1000,
                    "status": "Учтенный"
                },
                "subcategory": 5,
                "systemInfo": {
                    "inserted": "2024-12-07T11:52:48.706748",
                    "insertedBy": "7EF5CD0B-AC08-4097-AF2B-07CD85992A79",
                    "updated": "2026-02-08T22:02:20.322638",
                    "updatedBy": "7EF5CD0B-AC08-4097-AF2B-07CD85992A79"
                }
            }
        },
        {
            "id": 414277101,
            "type": "Feature",
            "geometry": {
                "type": "Polygon",
                "coordinates": [
                    [
                        [
                            10342144.670156414,
                            7598231.106928982
                        ],
                        [
                            10342182.259317843,
                            7598140.563869784
                        ],
                        [
                            10342222.3699103,
                            7598159.543118737
                        ],
                        [
                            10342185.265774684,
                            7598249.781745434
                        ],
                        [
                            10342144.670156414,
                            7598231.106928982
                        ]
                    ]
                ],
                "crs": {
                    "type": "name",
                    "properties": {
                        "name": "EPSG:3857"
                    }
                }
            },
            "properties": {
                "cadastralDistrictsCode": 24,
                "category": 36368,
                "categoryName": "Земельные участки ЕГРН",
                "descr": "24:11:0330102:238",
                "externalKey": "24:11:0330102:238",
                "interactionId": 396751486,
                "label": "24:11:0330102:238",
                "options": {
                    "area": null,
                    "cad_num": "24:11:0330102:238",
                    "cost_application_date": "2023-01-01",
                    "cost_approvement_date": "",
                    "cost_determination_date": "2022-01-01",
                    "cost_index": 262.41,
                    "cost_registration_date": "2022-12-26",
                    "cost_value": 354253.5,
                    "declared_area": null,
                    "determination_couse": "Акт об утверждении результатов определения кадастровой стоимости, полученных в соответствии с положениями Закона 237-ФЗ\n\n\n\n\n\n",
                    "land_record_category_type": "Земли населенных пунктов",
                    "land_record_reg_date": "2015-10-20",
                    "land_record_subtype": "Землепользование",
                    "land_record_type": "Земельный участок",
                    "ownership_type": "Частная",
                    "permitted_use_established_by_document": "Приусадебный участок личного подсобного хозяйства",
                    "quarter_cad_number": "24:11:0330102",
                    "readable_address": "Местоположение установлено относительно ориентира, расположенного за пределами участка. Почтовый адрес ориентира: Россия, Красноярский край, Емельяновский район, с. Шуваево, ул. Северная, 5.",
                    "specified_area": 1350,
                    "status": "Учтенный"
                },
                "subcategory": 5,
                "systemInfo": {
                    "inserted": "2024-12-07T11:52:48.973542",
                    "insertedBy": "7EF5CD0B-AC08-4097-AF2B-07CD85992A79",
                    "updated": "2026-03-14T09:20:07.474297",
                    "updatedBy": "22F23413-4218-4EB5-B8D3-D2646E3C2FAE"
                }
            }
        },
        {
            "id": 414277109,
            "type": "Feature",
            "geometry": {
                "type": "Polygon",
                "coordinates": [
                    [
                        [
                            10341882.2381133,
                            7597760.559031106
                        ],
                        [
                            10342009.193963014,
                            7597820.149197071
                        ],
                        [
                            10341958.977240724,
                            7597924.795091241
                        ],
                        [
                            10341834.04658372,
                            7597865.17023002
                        ],
                        [
                            10341882.2381133,
                            7597760.559031106
                        ]
                    ]
                ],
                "crs": {
                    "type": "name",
                    "properties": {
                        "name": "EPSG:3857"
                    }
                }
            },
            "properties": {
                "cadastralDistrictsCode": 24,
                "category": 36368,
                "categoryName": "Земельные участки ЕГРН",
                "descr": "24:11:0330102:226",
                "externalKey": "24:11:0330102:226",
                "interactionId": 396751494,
                "label": "24:11:0330102:226",
                "options": {
                    "area": null,
                    "cad_num": "24:11:0330102:226",
                    "cost_application_date": "2023-01-01",
                    "cost_approvement_date": "",
                    "cost_determination_date": "2022-01-01",
                    "cost_index": 219.11,
                    "cost_registration_date": "2022-12-20",
                    "cost_value": 1095550,
                    "declared_area": null,
                    "determination_couse": "Акт об утверждении результатов определения кадастровой стоимости, полученных в соответствии с положениями Закона 237-ФЗ\n\n\n",
                    "land_record_category_type": "Земли населенных пунктов",
                    "land_record_reg_date": "2015-01-13",
                    "land_record_subtype": "Землепользование",
                    "land_record_type": "Земельный участок",
                    "ownership_type": "Частная",
                    "permitted_use_established_by_document": "для ведения личного подсобного хозяйства",
                    "quarter_cad_number": "24:11:0330102",
                    "readable_address": "Местоположение установлено относительно ориентира, расположенного за пределами участка. Почтовый адрес ориентира: Россия, Красноярский край, Емельяновский район, с. Шуваево, ул. Продольная, 1 \"А\".",
                    "specified_area": 5000,
                    "status": "Учтенный"
                },
                "subcategory": 5,
                "systemInfo": {
                    "inserted": "2024-12-07T11:52:48.995303",
                    "insertedBy": "7EF5CD0B-AC08-4097-AF2B-07CD85992A79",
                    "updated": "2026-03-14T09:20:07.499444",
                    "updatedBy": "22F23413-4218-4EB5-B8D3-D2646E3C2FAE"
                }
            }
        },
        {
            "id": 414277145,
            "type": "Feature",
            "geometry": {
                "type": "Polygon",
                "coordinates": [
                    [
                        [
                            10342924.255999917,
                            7598218.254040713
                        ],
                        [
                            10342961.03301686,
                            7598138.561065714
                        ],
                        [
                            10342990.051180974,
                            7598152.094700741
                        ],
                        [
                            10343037.9609699,
                            7598174.422351923
                        ],
                        [
                            10343001.328440009,
                            7598253.81072929
                        ],
                        [
                            10342924.255999917,
                            7598218.254040713
                        ]
                    ]
                ],
                "crs": {
                    "type": "name",
                    "properties": {
                        "name": "EPSG:3857"
                    }
                }
            },
            "properties": {
                "cadastralDistrictsCode": 24,
                "category": 36368,
                "categoryName": "Земельные участки ЕГРН",
                "descr": "24:11:0330102:22",
                "externalKey": "24:11:0330102:22",
                "interactionId": 396751530,
                "label": "24:11:0330102:22",
                "options": {
                    "area": null,
                    "cad_num": "24:11:0330102:22",
                    "cost_application_date": "2023-01-01",
                    "cost_approvement_date": "",
                    "cost_determination_date": "2022-01-01",
                    "cost_index": 245.88,
                    "cost_registration_date": "2022-12-20",
                    "cost_value": 567245.16,
                    "declared_area": null,
                    "determination_couse": "Акт об утверждении результатов определения кадастровой стоимости, полученных в соответствии с положениями Закона 237-ФЗ\n\n\n",
                    "land_record_category_type": "Земли населенных пунктов",
                    "land_record_reg_date": "1992-10-08",
                    "land_record_subtype": "Землепользование",
                    "land_record_type": "Земельный участок",
                    "ownership_type": "Частная",
                    "permitted_use_established_by_document": "для ведения личного подсобного хозяйства",
                    "quarter_cad_number": "24:11:0330102",
                    "readable_address": "Местоположение установлено относительно ориентира, расположенного в границах участка. Почтовый адрес ориентира: Красноярский край, Емельяновский район, с. Шуваево, ул. Продольная, 16.",
                    "specified_area": 2307,
                    "status": "Ранее учтенный"
                },
                "subcategory": 5,
                "systemInfo": {
                    "inserted": "2024-12-07T11:52:49.091128",
                    "insertedBy": "7EF5CD0B-AC08-4097-AF2B-07CD85992A79",
                    "updated": "2026-03-14T09:20:07.537871",
                    "updatedBy": "22F23413-4218-4EB5-B8D3-D2646E3C2FAE"
                }
            }
        },
        {
            "id": 414277153,
            "type": "Feature",
            "geometry": {
                "type": "Polygon",
                "coordinates": [
                    [
                        [
                            10342163.117259925,
                            7597858.40762862
                        ],
                        [
                            10342161.719614802,
                            7597857.561066821
                        ],
                        [
                            10342240.1358658,
                            7597691.817665604
                        ],
                        [
                            10342531.65384303,
                            7597828.41140382
                        ],
                        [
                            10342575.99678221,
                            7597724.689740422
                        ],
                        [
                            10342572.860245408,
                            7597723.355754559
                        ],
                        [
                            10342575.70223084,
                            7597716.89013165
                        ],
                        [
                            10342578.139612056,
                            7597718.043481833
                        ],
                        [
                            10342648.526218668,
                            7597554.822031497
                        ],
                        [
                            10342655.820758415,
                            7597557.9404818015
                        ],
                        [
                            10342581.929295948,
                            7597727.231463176
                        ],
                        [
                            10342579.294599425,
                            7597726.113792081
                        ],
                        [
                            10342534.611129597,
                            7597829.709244127
                        ],
                        [
                            10342542.030582955,
                            7597833.457058457
                        ],
                        [
                            10342537.500784509,
                            7597841.430066861
                        ],
                        [
                            10342522.553605085,
                            7597834.437454547
                        ],
                        [
                            10342495.168462737,
                            7597821.6056495225
                        ],
                        [
                            10342367.88607007,
                            7597761.987146275
                        ],
                        [
                            10342243.150478097,
                            7597703.592473415
                        ],
                        [
                            10342198.726492597,
                            7597797.841238999
                        ],
                        [
                            10342201.235502107,
                            7597799.04873204
                        ],
                        [
                            10342171.647988059,
                            7597862.480826742
                        ],
                        [
                            10342169.622893428,
                            7597861.471661884
                        ],
                        [
                            10342163.117259925,
                            7597858.40762862
                        ]
                    ]
                ],
                "crs": {
                    "type": "name",
                    "properties": {
                        "name": "EPSG:3857"
                    }
                }
            },
            "properties": {
                "cadastralDistrictsCode": 24,
                "category": 36368,
                "categoryName": "Земельные участки ЕГРН",
                "descr": "24:11:0330102:264",
                "externalKey": "24:11:0330102:264",
                "interactionId": 396751538,
                "label": "24:11:0330102:264",
                "options": {
                    "area": null,
                    "cad_num": "24:11:0330102:264",
                    "cost_application_date": "2023-01-01",
                    "cost_approvement_date": "",
                    "cost_determination_date": "2022-01-01",
                    "cost_index": 333.87,
                    "cost_registration_date": "2022-12-29",
                    "cost_value": 672080.31,
                    "declared_area": null,
                    "determination_couse": "Акт об утверждении результатов определения кадастровой стоимости, полученных в соответствии с положениями Закона 237-ФЗ\n\n\n\n\n\n\n\n",
                    "land_record_category_type": "Земли населенных пунктов",
                    "land_record_reg_date": "2017-01-26",
                    "land_record_subtype": "Землепользование",
                    "land_record_type": "Земельный участок",
                    "ownership_type": null,
                    "permitted_use_established_by_document": "Коммунальное обслуживание",
                    "quarter_cad_number": "24:11:0330102",
                    "readable_address": "Местоположение установлено относительно ориентира, расположенного за пределами участка. Почтовый адрес ориентира: Красноярский край, Емельяновский район, с. Шуваево, ул. Северная.",
                    "specified_area": 2013,
                    "status": "Учтенный"
                },
                "subcategory": 5,
                "systemInfo": {
                    "inserted": "2024-12-07T11:52:49.186744",
                    "insertedBy": "7EF5CD0B-AC08-4097-AF2B-07CD85992A79",
                    "updated": "2026-03-14T09:20:07.519454",
                    "updatedBy": "22F23413-4218-4EB5-B8D3-D2646E3C2FAE"
                }
            }
        },
        {
            "id": 414277840,
            "type": "Feature",
            "geometry": {
                "type": "Polygon",
                "coordinates": [
                    [
                        [
                            10342142.224975083,
                            7598092.434875639
                        ],
                        [
                            10342181.373565651,
                            7598015.068508005
                        ],
                        [
                            10342248.097075446,
                            7598047.400699621
                        ],
                        [
                            10342211.101175297,
                            7598124.698806687
                        ],
                        [
                            10342142.224975083,
                            7598092.434875639
                        ]
                    ]
                ],
                "crs": {
                    "type": "name",
                    "properties": {
                        "name": "EPSG:3857"
                    }
                }
            },
            "properties": {
                "cadastralDistrictsCode": 24,
                "category": 36368,
                "categoryName": "Земельные участки ЕГРН",
                "descr": "24:11:0330102:566",
                "externalKey": "24:11:0330102:566",
                "interactionId": 396752225,
                "label": "24:11:0330102:566",
                "options": {
                    "area": null,
                    "cad_num": "24:11:0330102:566",
                    "cost_application_date": "2023-01-01",
                    "cost_approvement_date": "",
                    "cost_determination_date": "2022-01-01",
                    "cost_index": 251.13,
                    "cost_registration_date": "2022-12-21",
                    "cost_value": 504269.04,
                    "declared_area": null,
                    "determination_couse": "Акт об утверждении результатов определения кадастровой стоимости, полученных в соответствии с положениями Закона 237-ФЗ\n\n\n\n",
                    "land_record_category_type": "Земли населенных пунктов",
                    "land_record_reg_date": "2017-10-12",
                    "land_record_subtype": "Землепользование",
                    "land_record_type": "Земельный участок",
                    "ownership_type": "Частная",
                    "permitted_use_established_by_document": "Для ведения личного подсобного хозяйства",
                    "quarter_cad_number": "24:11:0330102",
                    "readable_address": "Красноярский край, Емельяновский район, с. Шуваево, ул. Северная",
                    "specified_area": 2008,
                    "status": "Учтенный"
                },
                "subcategory": 5,
                "systemInfo": {
                    "inserted": "2024-12-07T11:52:51.962954",
                    "insertedBy": "7EF5CD0B-AC08-4097-AF2B-07CD85992A79",
                    "updated": "2026-02-08T21:57:21.942273",
                    "updatedBy": "7EF5CD0B-AC08-4097-AF2B-07CD85992A79"
                }
            }
        },
        {
            "id": 414278050,
            "type": "Feature",
            "geometry": {
                "type": "Polygon",
                "coordinates": [
                    [
                        [
                            10341818.222902559,
                            7598122.117631212
                        ],
                        [
                            10341732.897063814,
                            7598081.397958828
                        ],
                        [
                            10341747.25252458,
                            7598050.525829852
                        ],
                        [
                            10341832.470799213,
                            7598091.029369594
                        ],
                        [
                            10341818.222902559,
                            7598122.117631212
                        ]
                    ]
                ],
                "crs": {
                    "type": "name",
                    "properties": {
                        "name": "EPSG:3857"
                    }
                }
            },
            "properties": {
                "cadastralDistrictsCode": 24,
                "category": 36368,
                "categoryName": "Земельные участки ЕГРН",
                "descr": "24:11:0330102:648",
                "externalKey": "24:11:0330102:648",
                "interactionId": 396752435,
                "label": "24:11:0330102:648",
                "options": {
                    "area": null,
                    "cad_num": "24:11:0330102:648",
                    "cost_application_date": "2023-01-01",
                    "cost_approvement_date": "",
                    "cost_determination_date": "2022-01-01",
                    "cost_index": 262.41,
                    "cost_registration_date": "2022-12-23",
                    "cost_value": 262410,
                    "declared_area": null,
                    "determination_couse": "Акт об утверждении результатов определения кадастровой стоимости, полученных в соответствии с положениями Закона 237-ФЗ\n\n\n\n",
                    "land_record_category_type": "Земли населенных пунктов",
                    "land_record_reg_date": "2018-08-03",
                    "land_record_subtype": "Землепользование",
                    "land_record_type": "Земельный участок",
                    "ownership_type": "Частная",
                    "permitted_use_established_by_document": "одноквартирные усадебные жилые дома",
                    "quarter_cad_number": "24:11:0330102",
                    "readable_address": "Россия, Красноярский край, Емельяновский район, с. Шуваево, ул. Степная, уч. 2 \"Г\"\n",
                    "specified_area": 1000,
                    "status": "Учтенный"
                },
                "subcategory": 5,
                "systemInfo": {
                    "inserted": "2024-12-07T11:52:52.897428",
                    "insertedBy": "7EF5CD0B-AC08-4097-AF2B-07CD85992A79",
                    "updated": "2026-02-08T21:59:30.371347",
                    "updatedBy": "7EF5CD0B-AC08-4097-AF2B-07CD85992A79"
                }
            }
        },
        {
            "id": 414278292,
            "type": "Feature",
            "geometry": {
                "type": "Polygon",
                "coordinates": [
                    [
                        [
                            10342254.172685746,
                            7598050.320376038
                        ],
                        [
                            10342248.097075446,
                            7598047.400699621
                        ],
                        [
                            10342114.130911887,
                            7597982.465582189
                        ],
                        [
                            10342158.196055774,
                            7597889.867883286
                        ],
                        [
                            10342299.081978122,
                            7597955.835245074
                        ],
                        [
                            10342254.172685746,
                            7598050.320376038
                        ]
                    ]
                ],
                "crs": {
                    "type": "name",
                    "properties": {
                        "name": "EPSG:3857"
                    }
                }
            },
            "properties": {
                "cadastralDistrictsCode": 24,
                "category": 36368,
                "categoryName": "Земельные участки ЕГРН",
                "descr": "24:11:0330102:133",
                "externalKey": "24:11:0330102:133",
                "interactionId": 396752677,
                "label": "24:11:0330102:133",
                "options": {
                    "area": null,
                    "cad_num": "24:11:0330102:133",
                    "cost_application_date": "2023-01-01",
                    "cost_approvement_date": "",
                    "cost_determination_date": "2022-01-01",
                    "cost_index": 230.13,
                    "cost_registration_date": "2022-12-26",
                    "cost_value": 1150880.13,
                    "declared_area": null,
                    "determination_couse": "Акт об утверждении результатов определения кадастровой стоимости, полученных в соответствии с положениями Закона 237-ФЗ\n\n\n\n\n\n",
                    "land_record_category_type": "Земли населенных пунктов",
                    "land_record_reg_date": "1992-12-01",
                    "land_record_subtype": "Землепользование",
                    "land_record_type": "Земельный участок",
                    "ownership_type": "Частная",
                    "permitted_use_established_by_document": "для ведения личного подсобного хозяйства",
                    "quarter_cad_number": "24:11:0330102",
                    "readable_address": "Местоположение установлено относительно ориентира, расположенного в границах участка. Почтовый адрес ориентира: Красноярский край, Емельяновский район, с. Шуваево, ул. Продольная, 3.",
                    "specified_area": 5001,
                    "status": "Ранее учтенный"
                },
                "subcategory": 5,
                "systemInfo": {
                    "inserted": "2024-12-07T11:52:53.760612",
                    "insertedBy": "7EF5CD0B-AC08-4097-AF2B-07CD85992A79",
                    "updated": "2026-03-14T09:20:07.89077",
                    "updatedBy": "22F23413-4218-4EB5-B8D3-D2646E3C2FAE"
                }
            }
        },
        {
            "id": 414278458,
            "type": "Feature",
            "geometry": {
                "type": "Polygon",
                "coordinates": [
                    [
                        [
                            10342325.63139319,
                            7597857.588113069
                        ],
                        [
                            10342327.549052762,
                            7597858.489264829
                        ],
                        [
                            10342295.447939461,
                            7597924.650501136
                        ],
                        [
                            10342248.205012374,
                            7597902.607374482
                        ],
                        [
                            10342279.625607254,
                            7597835.978353729
                        ],
                        [
                            10342325.63139319,
                            7597857.588113069
                        ]
                    ]
                ],
                "crs": {
                    "type": "name",
                    "properties": {
                        "name": "EPSG:3857"
                    }
                }
            },
            "properties": {
                "cadastralDistrictsCode": 24,
                "category": 36368,
                "categoryName": "Земельные участки ЕГРН",
                "descr": "24:11:0330102:683",
                "externalKey": "24:11:0330102:683",
                "interactionId": 396752843,
                "label": "24:11:0330102:683",
                "options": {
                    "area": null,
                    "cad_num": "24:11:0330102:683",
                    "cost_application_date": "2023-01-01",
                    "cost_approvement_date": "",
                    "cost_determination_date": "2022-01-01",
                    "cost_index": 262.41,
                    "cost_registration_date": "2022-12-20",
                    "cost_value": 314892,
                    "declared_area": null,
                    "determination_couse": "Акт об утверждении результатов определения кадастровой стоимости, полученных в соответствии с положениями Закона 237-ФЗ\n\n\n",
                    "land_record_category_type": "Земли населенных пунктов",
                    "land_record_reg_date": "2020-05-29",
                    "land_record_subtype": "Землепользование",
                    "land_record_type": "Земельный участок",
                    "ownership_type": "Частная",
                    "permitted_use_established_by_document": "Для ведения личного подсобного хозяйства",
                    "quarter_cad_number": "24:11:0330102",
                    "readable_address": "Российская Федерация, Красноярский край, муниципальный район Емельяновский, сельское поселение Шуваевский сельсовет, село Шуваево, улица Продольная, земельный участок 8Г",
                    "specified_area": 1200,
                    "status": "Учтенный"
                },
                "subcategory": 5,
                "systemInfo": {
                    "inserted": "2024-12-07T11:52:54.488439",
                    "insertedBy": "7EF5CD0B-AC08-4097-AF2B-07CD85992A79",
                    "updated": "2026-02-10T07:39:08.420199",
                    "updatedBy": "7EF5CD0B-AC08-4097-AF2B-07CD85992A79"
                }
            }
        },
        {
            "id": 414278496,
            "type": "Feature",
            "geometry": {
                "type": "Polygon",
                "coordinates": [
                    [
                        [
                            10342511.775341872,
                            7598158.156057751
                        ],
                        [
                            10342551.449734129,
                            7598073.922779175
                        ],
                        [
                            10342590.951871578,
                            7598092.342010234
                        ],
                        [
                            10342550.973126331,
                            7598176.431516116
                        ],
                        [
                            10342541.92194902,
                            7598172.214109255
                        ],
                        [
                            10342511.775341872,
                            7598158.156057751
                        ]
                    ]
                ],
                "crs": {
                    "type": "name",
                    "properties": {
                        "name": "EPSG:3857"
                    }
                }
            },
            "properties": {
                "cadastralDistrictsCode": 24,
                "category": 36368,
                "categoryName": "Земельные участки ЕГРН",
                "descr": "24:11:0330102:672",
                "externalKey": "24:11:0330102:672",
                "interactionId": 396752881,
                "label": "24:11:0330102:672",
                "options": {
                    "area": null,
                    "cad_num": "24:11:0330102:672",
                    "cost_application_date": "2023-01-01",
                    "cost_approvement_date": "",
                    "cost_determination_date": "2022-01-01",
                    "cost_index": 262.41,
                    "cost_registration_date": "2022-12-19",
                    "cost_value": 328012.5,
                    "declared_area": null,
                    "determination_couse": "Акт об утверждении результатов определения кадастровой стоимости, полученных в соответствии с положениями Закона 237-ФЗ\n\n\n",
                    "land_record_category_type": "Земли населенных пунктов",
                    "land_record_reg_date": "2019-02-15",
                    "land_record_subtype": "Землепользование",
                    "land_record_type": "Земельный участок",
                    "ownership_type": "Частная",
                    "permitted_use_established_by_document": "Для ведения личного подсобного хозяйства",
                    "quarter_cad_number": "24:11:0330102",
                    "readable_address": "Российская Федерация, Красноярский край, муниципальный район Емельяновский, сельское поселение Шуваевский сельсовет, село Шуваево, улица Продольная, земельный участок 5А",
                    "specified_area": 1250,
                    "status": "Учтенный"
                },
                "subcategory": 5,
                "systemInfo": {
                    "inserted": "2024-12-07T11:52:54.69539",
                    "insertedBy": "7EF5CD0B-AC08-4097-AF2B-07CD85992A79",
                    "updated": "2026-02-10T08:17:16.38363",
                    "updatedBy": "7EF5CD0B-AC08-4097-AF2B-07CD85992A79"
                }
            }
        },
        {
            "id": 414278524,
            "type": "Feature",
            "geometry": {
                "type": "Polygon",
                "coordinates": [
                    [
                        [
                            10342657.319799665,
                            7598028.415801186
                        ],
                        [
                            10342707.172781639,
                            7597920.888092105
                        ],
                        [
                            10342756.44230746,
                            7597943.955432911
                        ],
                        [
                            10342706.284683503,
                            7598051.717011264
                        ],
                        [
                            10342657.319799665,
                            7598028.415801186
                        ]
                    ]
                ],
                "crs": {
                    "type": "name",
                    "properties": {
                        "name": "EPSG:3857"
                    }
                }
            },
            "properties": {
                "cadastralDistrictsCode": 24,
                "category": 36368,
                "categoryName": "Земельные участки ЕГРН",
                "descr": "24:11:0330102:181",
                "externalKey": "24:11:0330102:181",
                "interactionId": 396752909,
                "label": "24:11:0330102:181",
                "options": {
                    "area": null,
                    "cad_num": "24:11:0330102:181",
                    "cost_application_date": "2023-01-01",
                    "cost_approvement_date": "",
                    "cost_determination_date": "2022-01-01",
                    "cost_index": 251.39,
                    "cost_registration_date": "2022-12-26",
                    "cost_value": 502780,
                    "declared_area": null,
                    "determination_couse": "Акт об утверждении результатов определения кадастровой стоимости, полученных в соответствии с положениями Закона 237-ФЗ\n\n\n\n\n\n",
                    "land_record_category_type": "Земли населенных пунктов",
                    "land_record_reg_date": "2011-10-26",
                    "land_record_subtype": "Землепользование",
                    "land_record_type": "Земельный участок",
                    "ownership_type": "Частная",
                    "permitted_use_established_by_document": "для ведения личного подсобного хозяйства",
                    "quarter_cad_number": "24:11:0330102",
                    "readable_address": "Местоположение установлено относительно ориентира, расположенного за пределами участка. Почтовый адрес ориентира: Красноярский край,  Емельяновский район, с. Шуваево, ул. Парковая, участок № 5 \"В\".",
                    "specified_area": 2000,
                    "status": "Учтенный"
                },
                "subcategory": 5,
                "systemInfo": {
                    "inserted": "2024-12-07T11:52:54.893574",
                    "insertedBy": "7EF5CD0B-AC08-4097-AF2B-07CD85992A79",
                    "updated": "2026-03-14T09:20:07.933387",
                    "updatedBy": "22F23413-4218-4EB5-B8D3-D2646E3C2FAE"
                }
            }
        },
        {
            "id": 414278652,
            "type": "Feature",
            "geometry": {
                "type": "Polygon",
                "coordinates": [
                    [
                        [
                            10342339.052919608,
                            7597944.981205749
                        ],
                        [
                            10342371.386441806,
                            7597879.143404018
                        ],
                        [
                            10342416.442822102,
                            7597900.338120198
                        ],
                        [
                            10342389.612017818,
                            7597968.573893257
                        ],
                        [
                            10342339.052919608,
                            7597944.981205749
                        ]
                    ]
                ],
                "crs": {
                    "type": "name",
                    "properties": {
                        "name": "EPSG:3857"
                    }
                }
            },
            "properties": {
                "cadastralDistrictsCode": 24,
                "category": 36368,
                "categoryName": "Земельные участки ЕГРН",
                "descr": "24:11:0330102:685",
                "externalKey": "24:11:0330102:685",
                "interactionId": 396753037,
                "label": "24:11:0330102:685",
                "options": {
                    "area": null,
                    "cad_num": "24:11:0330102:685",
                    "cost_application_date": "2023-01-01",
                    "cost_approvement_date": "",
                    "cost_determination_date": "2022-01-01",
                    "cost_index": 262.41,
                    "cost_registration_date": "2022-12-20",
                    "cost_value": 314892,
                    "declared_area": null,
                    "determination_couse": "Акт об утверждении результатов определения кадастровой стоимости, полученных в соответствии с положениями Закона 237-ФЗ\n\n\n",
                    "land_record_category_type": "Земли населенных пунктов",
                    "land_record_reg_date": "2020-05-29",
                    "land_record_subtype": "Землепользование",
                    "land_record_type": "Земельный участок",
                    "ownership_type": "Частная",
                    "permitted_use_established_by_document": "Для ведения личного подсобного хозяйства",
                    "quarter_cad_number": "24:11:0330102",
                    "readable_address": "Российская Федерация, Красноярский край, муниципальный район Емельяновский, сельское поселение Шуваевский сельсовет, село Шуваево, улица Продольная, земельный участок 8Б",
                    "specified_area": 1200,
                    "status": "Учтенный"
                },
                "subcategory": 5,
                "systemInfo": {
                    "inserted": "2024-12-07T11:52:55.421295",
                    "insertedBy": "7EF5CD0B-AC08-4097-AF2B-07CD85992A79",
                    "updated": "2026-02-10T09:03:13.180313",
                    "updatedBy": "7EF5CD0B-AC08-4097-AF2B-07CD85992A79"
                }
            }
        },
        {
            "id": 414278667,
            "type": "Feature",
            "geometry": {
                "type": "Polygon",
                "coordinates": [
                    [
                        [
                            10342550.973126331,
                            7598176.431516116
                        ],
                        [
                            10342590.951871578,
                            7598092.342010234
                        ],
                        [
                            10342629.7193763,
                            7598110.400682116
                        ],
                        [
                            10342590.583275607,
                            7598194.94099516
                        ],
                        [
                            10342550.973126331,
                            7598176.431516116
                        ]
                    ]
                ],
                "crs": {
                    "type": "name",
                    "properties": {
                        "name": "EPSG:3857"
                    }
                }
            },
            "properties": {
                "cadastralDistrictsCode": 24,
                "category": 36368,
                "categoryName": "Земельные участки ЕГРН",
                "descr": "24:11:0330102:671",
                "externalKey": "24:11:0330102:671",
                "interactionId": 396753052,
                "label": "24:11:0330102:671",
                "options": {
                    "area": null,
                    "cad_num": "24:11:0330102:671",
                    "cost_application_date": "2023-01-01",
                    "cost_approvement_date": "",
                    "cost_determination_date": "2022-01-01",
                    "cost_index": 262.41,
                    "cost_registration_date": "2022-12-23",
                    "cost_value": 328012.5,
                    "declared_area": null,
                    "determination_couse": "Акт об утверждении результатов определения кадастровой стоимости, полученных в соответствии с положениями Закона 237-ФЗ\n\n\n\n\n\n",
                    "land_record_category_type": "Земли населенных пунктов",
                    "land_record_reg_date": "2019-02-15",
                    "land_record_subtype": "Землепользование",
                    "land_record_type": "Земельный участок",
                    "ownership_type": "Частная",
                    "permitted_use_established_by_document": "Для ведения личного подсобного хозяйства",
                    "quarter_cad_number": "24:11:0330102",
                    "readable_address": "Российская Федерация, Красноярский край, муниципальный район Емельяновский, сельское поселение Шуваевский сельсовет, село Шуваево, улица Продольная, земельный участок 5",
                    "specified_area": 1250,
                    "status": "Учтенный"
                },
                "subcategory": 5,
                "systemInfo": {
                    "inserted": "2024-12-07T11:52:55.495425",
                    "insertedBy": "7EF5CD0B-AC08-4097-AF2B-07CD85992A79",
                    "updated": "2026-02-10T09:19:52.902645",
                    "updatedBy": "7EF5CD0B-AC08-4097-AF2B-07CD85992A79"
                }
            }
        },
        {
            "id": 414278718,
            "type": "Feature",
            "geometry": {
                "type": "Polygon",
                "coordinates": [
                    [
                        [
                            10341704.25773911,
                            7598142.998837491
                        ],
                        [
                            10341718.50549089,
                            7598112.359989705
                        ],
                        [
                            10341804.100761788,
                            7598152.972540969
                        ],
                        [
                            10341789.870620975,
                            7598184.025081461
                        ],
                        [
                            10341704.25773911,
                            7598142.998837491
                        ]
                    ]
                ],
                "crs": {
                    "type": "name",
                    "properties": {
                        "name": "EPSG:3857"
                    }
                }
            },
            "properties": {
                "cadastralDistrictsCode": 24,
                "category": 36368,
                "categoryName": "Земельные участки ЕГРН",
                "descr": "24:11:0330102:650",
                "externalKey": "24:11:0330102:650",
                "interactionId": 396753103,
                "label": "24:11:0330102:650",
                "options": {
                    "area": null,
                    "cad_num": "24:11:0330102:650",
                    "cost_application_date": "2023-01-01",
                    "cost_approvement_date": "",
                    "cost_determination_date": "2022-01-01",
                    "cost_index": 262.41,
                    "cost_registration_date": "2022-12-23",
                    "cost_value": 262410,
                    "declared_area": null,
                    "determination_couse": "Акт об утверждении результатов определения кадастровой стоимости, полученных в соответствии с положениями Закона 237-ФЗ\n\n\n\n",
                    "land_record_category_type": "Земли населенных пунктов",
                    "land_record_reg_date": "2018-08-03",
                    "land_record_subtype": "Землепользование",
                    "land_record_type": "Земельный участок",
                    "ownership_type": "Частная",
                    "permitted_use_established_by_document": "одноквартирные усадебные жилые дома",
                    "quarter_cad_number": "24:11:0330102",
                    "readable_address": "Россия, Красноярский край, Емельяновский район, с. Шуваево, ул. Степная, уч. 2 \"Е\"\n",
                    "specified_area": 1000,
                    "status": "Учтенный"
                },
                "subcategory": 5,
                "systemInfo": {
                    "inserted": "2024-12-07T11:52:55.763025",
                    "insertedBy": "7EF5CD0B-AC08-4097-AF2B-07CD85992A79",
                    "updated": "2026-02-08T22:02:08.226674",
                    "updatedBy": "7EF5CD0B-AC08-4097-AF2B-07CD85992A79"
                }
            }
        },
        {
            "id": 414278728,
            "type": "Feature",
            "geometry": {
                "type": "Polygon",
                "coordinates": [
                    [
                        [
                            10342119.103729282,
                            7598238.350059522
                        ],
                        [
                            10342020.235173667,
                            7598197.2547444785
                        ],
                        [
                            10342036.875966378,
                            7598160.184615457
                        ],
                        [
                            10342083.815485766,
                            7598181.8699252
                        ],
                        [
                            10342132.11742844,
                            7598204.167932733
                        ],
                        [
                            10342119.103729282,
                            7598238.350059522
                        ]
                    ]
                ],
                "crs": {
                    "type": "name",
                    "properties": {
                        "name": "EPSG:3857"
                    }
                }
            },
            "properties": {
                "cadastralDistrictsCode": 24,
                "category": 36368,
                "categoryName": "Земельные участки ЕГРН",
                "descr": "24:11:0330102:688",
                "externalKey": "24:11:0330102:688",
                "interactionId": 396753113,
                "label": "24:11:0330102:688",
                "options": {
                    "area": null,
                    "cad_num": "24:11:0330102:688",
                    "cost_application_date": "2023-01-01",
                    "cost_approvement_date": "",
                    "cost_determination_date": "2022-01-01",
                    "cost_index": 262.41,
                    "cost_registration_date": "2022-12-16",
                    "cost_value": 332735.88,
                    "declared_area": null,
                    "determination_couse": "Акт об утверждении результатов определения кадастровой стоимости, полученных в соответствии с положениями Закона 237-ФЗ\n\n",
                    "land_record_category_type": "Земли населенных пунктов",
                    "land_record_reg_date": "2020-05-29",
                    "land_record_subtype": "Землепользование",
                    "land_record_type": "Земельный участок",
                    "ownership_type": "Частная",
                    "permitted_use_established_by_document": "Для ведения личного подсобного хозяйства",
                    "quarter_cad_number": "24:11:0330102",
                    "readable_address": "Российская Федерация, Красноярский край, Емельяновский муниципальный район, сельское поселение Шуваевский сельсовет, село Шуваево, улица Березовая, земельный участок 1Б",
                    "specified_area": 1268,
                    "status": "Учтенный"
                },
                "subcategory": 5,
                "systemInfo": {
                    "inserted": "2024-12-07T11:52:55.788975",
                    "insertedBy": "7EF5CD0B-AC08-4097-AF2B-07CD85992A79",
                    "updated": "2026-02-08T22:17:40.581362",
                    "updatedBy": "7EF5CD0B-AC08-4097-AF2B-07CD85992A79"
                }
            }
        },
        {
            "id": 414278749,
            "type": "Feature",
            "geometry": {
                "type": "Polygon",
                "coordinates": [
                    [
                        [
                            10342069.203602185,
                            7598088.182050225
                        ],
                        [
                            10342115.048947783,
                            7598109.757612798
                        ],
                        [
                            10342083.815485766,
                            7598181.8699252
                        ],
                        [
                            10342036.875966378,
                            7598160.184615457
                        ],
                        [
                            10342069.203602185,
                            7598088.182050225
                        ]
                    ]
                ],
                "crs": {
                    "type": "name",
                    "properties": {
                        "name": "EPSG:3857"
                    }
                }
            },
            "properties": {
                "cadastralDistrictsCode": 24,
                "category": 36368,
                "categoryName": "Земельные участки ЕГРН",
                "descr": "24:11:0330102:686",
                "externalKey": "24:11:0330102:686",
                "interactionId": 396753134,
                "label": "24:11:0330102:686",
                "options": {
                    "area": null,
                    "cad_num": "24:11:0330102:686",
                    "cost_application_date": "2023-01-01",
                    "cost_approvement_date": "",
                    "cost_determination_date": "2022-01-01",
                    "cost_index": 262.41,
                    "cost_registration_date": "2022-12-20",
                    "cost_value": 328012.5,
                    "declared_area": null,
                    "determination_couse": "Акт об утверждении результатов определения кадастровой стоимости, полученных в соответствии с положениями Закона 237-ФЗ\n\n\n",
                    "land_record_category_type": "Земли населенных пунктов",
                    "land_record_reg_date": "2020-05-29",
                    "land_record_subtype": "Землепользование",
                    "land_record_type": "Земельный участок",
                    "ownership_type": "Частная",
                    "permitted_use_established_by_document": "Для ведения личного подсобного хозяйства",
                    "quarter_cad_number": "24:11:0330102",
                    "readable_address": "Российская Федерация, Красноярский край, муниципальный район Емельяновский, сельское поселение Шуваевский сельсовет, село Шуваево, улица Северная, земельный участок 3 ",
                    "specified_area": 1250,
                    "status": "Учтенный"
                },
                "subcategory": 5,
                "systemInfo": {
                    "inserted": "2024-12-07T11:52:56.14949",
                    "insertedBy": "7EF5CD0B-AC08-4097-AF2B-07CD85992A79",
                    "updated": "2026-02-08T21:57:05.666374",
                    "updatedBy": "7EF5CD0B-AC08-4097-AF2B-07CD85992A79"
                }
            }
        },
        {
            "id": 414280104,
            "type": "Feature",
            "geometry": {
                "type": "Polygon",
                "coordinates": [
                    [
                        [
                            10342141.289763438,
                            7598536.645774233
                        ],
                        [
                            10342087.710746877,
                            7598541.729503953
                        ],
                        [
                            10342079.297744304,
                            7598452.2514119
                        ],
                        [
                            10342132.858158648,
                            7598447.203719101
                        ],
                        [
                            10342141.289763438,
                            7598536.645774233
                        ]
                    ]
                ],
                "crs": {
                    "type": "name",
                    "properties": {
                        "name": "EPSG:3857"
                    }
                }
            },
            "properties": {
                "cadastralDistrictsCode": 24,
                "category": 36368,
                "categoryName": "Земельные участки ЕГРН",
                "descr": "24:11:0330102:219",
                "externalKey": "24:11:0330102:219",
                "interactionId": 396754489,
                "label": "24:11:0330102:219",
                "options": {
                    "area": null,
                    "cad_num": "24:11:0330102:219",
                    "cost_application_date": "2023-01-01",
                    "cost_approvement_date": "",
                    "cost_determination_date": "2022-01-01",
                    "cost_index": 262.41,
                    "cost_registration_date": "2022-12-20",
                    "cost_value": 393615,
                    "declared_area": null,
                    "determination_couse": "Акт об утверждении результатов определения кадастровой стоимости, полученных в соответствии с положениями Закона 237-ФЗ\n\n\n",
                    "land_record_category_type": "Земли населенных пунктов",
                    "land_record_reg_date": "2014-07-11",
                    "land_record_subtype": "Землепользование",
                    "land_record_type": "Земельный участок",
                    "ownership_type": "Частная",
                    "permitted_use_established_by_document": "для ведения личного подсобного хозяйства",
                    "quarter_cad_number": "24:11:0330102",
                    "readable_address": "Местоположение установлено относительно ориентира, расположенного за пределами участка. Почтовый адрес ориентира: Россия, Красноярский край, Емельяновский район, с. Шуваево, ул. Лесная, 10.",
                    "specified_area": 1500,
                    "status": "Учтенный"
                },
                "subcategory": 5,
                "systemInfo": {
                    "inserted": "2024-12-07T11:53:05.325847",
                    "insertedBy": "7EF5CD0B-AC08-4097-AF2B-07CD85992A79",
                    "updated": "2026-03-14T09:20:08.777526",
                    "updatedBy": "22F23413-4218-4EB5-B8D3-D2646E3C2FAE"
                }
            }
        },
        {
            "id": 414280133,
            "type": "Feature",
            "geometry": {
                "type": "Polygon",
                "coordinates": [
                    [
                        [
                            10342110.01435283,
                            7598638.021594427
                        ],
                        [
                            10342088.935987262,
                            7598550.591635931
                        ],
                        [
                            10342142.642542418,
                            7598544.106215978
                        ],
                        [
                            10342163.75737131,
                            7598631.536003183
                        ],
                        [
                            10342110.01435283,
                            7598638.021594427
                        ]
                    ]
                ],
                "crs": {
                    "type": "name",
                    "properties": {
                        "name": "EPSG:3857"
                    }
                }
            },
            "properties": {
                "cadastralDistrictsCode": 24,
                "category": 36368,
                "categoryName": "Земельные участки ЕГРН",
                "descr": "24:11:0330102:220",
                "externalKey": "24:11:0330102:220",
                "interactionId": 396754518,
                "label": "24:11:0330102:220",
                "options": {
                    "area": null,
                    "cad_num": "24:11:0330102:220",
                    "cost_application_date": "2023-01-01",
                    "cost_approvement_date": "",
                    "cost_determination_date": "2022-01-01",
                    "cost_index": 262.41,
                    "cost_registration_date": "2022-12-20",
                    "cost_value": 393615,
                    "declared_area": null,
                    "determination_couse": "Акт об утверждении результатов определения кадастровой стоимости, полученных в соответствии с положениями Закона 237-ФЗ\n\n\n",
                    "land_record_category_type": "Земли населенных пунктов",
                    "land_record_reg_date": "2014-09-09",
                    "land_record_subtype": "Землепользование",
                    "land_record_type": "Земельный участок",
                    "ownership_type": "Частная",
                    "permitted_use_established_by_document": "Для ведения личного подсобного хозяйства",
                    "quarter_cad_number": "24:11:0330102",
                    "readable_address": "Россия, Красноярский край, Емельяновский район, с.Шуваево, ул. Лесная, 8",
                    "specified_area": 1500,
                    "status": "Учтенный"
                },
                "subcategory": 5,
                "systemInfo": {
                    "inserted": "2024-12-07T11:53:05.565202",
                    "insertedBy": "7EF5CD0B-AC08-4097-AF2B-07CD85992A79",
                    "updated": "2026-02-08T22:02:19.145871",
                    "updatedBy": "7EF5CD0B-AC08-4097-AF2B-07CD85992A79"
                }
            }
        },
        {
            "id": 414280143,
            "type": "Feature",
            "geometry": {
                "type": "Polygon",
                "coordinates": [
                    [
                        [
                            10342589.449979374,
                            7598197.545382421
                        ],
                        [
                            10342609.216124158,
                            7598154.745224971
                        ],
                        [
                            10342703.44239301,
                            7598195.772709709
                        ],
                        [
                            10342683.999696111,
                            7598238.4120164765
                        ],
                        [
                            10342589.449979374,
                            7598197.545382421
                        ]
                    ]
                ],
                "crs": {
                    "type": "name",
                    "properties": {
                        "name": "EPSG:3857"
                    }
                }
            },
            "properties": {
                "cadastralDistrictsCode": 24,
                "category": 36368,
                "categoryName": "Земельные участки ЕГРН",
                "descr": "24:11:0330102:250",
                "externalKey": "24:11:0330102:250",
                "interactionId": 396754528,
                "label": "24:11:0330102:250",
                "options": {
                    "area": null,
                    "cad_num": "24:11:0330102:250",
                    "cost_application_date": "2023-01-01",
                    "cost_approvement_date": "",
                    "cost_determination_date": "2022-01-01",
                    "cost_index": 262.41,
                    "cost_registration_date": "2022-12-23",
                    "cost_value": 393615,
                    "declared_area": null,
                    "determination_couse": "Акт об утверждении результатов определения кадастровой стоимости, полученных в соответствии с положениями Закона 237-ФЗ\n\n",
                    "land_record_category_type": "Земли населенных пунктов",
                    "land_record_reg_date": "2016-02-25",
                    "land_record_subtype": "Землепользование",
                    "land_record_type": "Земельный участок",
                    "ownership_type": null,
                    "permitted_use_established_by_document": "Приусадебный участок личного подсобного хозяйства",
                    "quarter_cad_number": "24:11:0330102",
                    "readable_address": "Местоположение установлено относительно ориентира, расположенного за пределами участка. Почтовый адрес ориентира: Россия, Красноярский край, Емельяновский район, муниципальное образование Шуваевский сельсовет, с. Шуваево, ул. Садовая.",
                    "specified_area": 1500,
                    "status": "Учтенный"
                },
                "subcategory": 5,
                "systemInfo": {
                    "inserted": "2024-12-07T11:53:05.627226",
                    "insertedBy": "7EF5CD0B-AC08-4097-AF2B-07CD85992A79",
                    "updated": "2026-03-14T09:20:08.796011",
                    "updatedBy": "22F23413-4218-4EB5-B8D3-D2646E3C2FAE"
                }
            }
        },
        {
            "id": 414280150,
            "type": "Feature",
            "geometry": {
                "type": "Polygon",
                "coordinates": [
                    [
                        [
                            10342266.654734723,
                            7598287.238969566
                        ],
                        [
                            10342303.613256676,
                            7598198.005725879
                        ],
                        [
                            10342344.154603438,
                            7598217.182753708
                        ],
                        [
                            10342308.05748481,
                            7598306.291784749
                        ],
                        [
                            10342266.654734723,
                            7598287.238969566
                        ]
                    ]
                ],
                "crs": {
                    "type": "name",
                    "properties": {
                        "name": "EPSG:3857"
                    }
                }
            },
            "properties": {
                "cadastralDistrictsCode": 24,
                "category": 36368,
                "categoryName": "Земельные участки ЕГРН",
                "descr": "24:11:0330102:239",
                "externalKey": "24:11:0330102:239",
                "interactionId": 396754535,
                "label": "24:11:0330102:239",
                "options": {
                    "area": null,
                    "cad_num": "24:11:0330102:239",
                    "cost_application_date": "2023-01-01",
                    "cost_approvement_date": "",
                    "cost_determination_date": "2022-01-01",
                    "cost_index": 275.53,
                    "cost_registration_date": "2022-12-26",
                    "cost_value": 371965.5,
                    "declared_area": null,
                    "determination_couse": "Акт об утверждении результатов определения кадастровой стоимости, полученных в соответствии с положениями Закона 237-ФЗ\n\n\n\n\n\n",
                    "land_record_category_type": "Земли населенных пунктов",
                    "land_record_reg_date": "2015-10-20",
                    "land_record_subtype": "Землепользование",
                    "land_record_type": "Земельный участок",
                    "ownership_type": "Частная",
                    "permitted_use_established_by_document": "Приусадебный участок личного подсобного хозяйства",
                    "quarter_cad_number": "24:11:0330102",
                    "readable_address": "Местоположение установлено относительно ориентира, расположенного за пределами участка. Почтовый адрес ориентира: Россия, Красноярский край, Емельяновский район, с. Шуваево, ул. Северная, 5 \"В\".",
                    "specified_area": 1350,
                    "status": "Учтенный"
                },
                "subcategory": 5,
                "systemInfo": {
                    "inserted": "2024-12-07T11:53:05.700183",
                    "insertedBy": "7EF5CD0B-AC08-4097-AF2B-07CD85992A79",
                    "updated": "2026-03-14T09:20:08.823579",
                    "updatedBy": "22F23413-4218-4EB5-B8D3-D2646E3C2FAE"
                }
            }
        },
        {
            "id": 414280202,
            "type": "Feature",
            "geometry": {
                "type": "Polygon",
                "coordinates": [
                    [
                        [
                            10342569.234138994,
                            7598241.189801384
                        ],
                        [
                            10342589.449979374,
                            7598197.545382421
                        ],
                        [
                            10342683.999696111,
                            7598238.4120164765
                        ],
                        [
                            10342663.586440606,
                            7598282.487980249
                        ],
                        [
                            10342569.234138994,
                            7598241.189801384
                        ]
                    ]
                ],
                "crs": {
                    "type": "name",
                    "properties": {
                        "name": "EPSG:3857"
                    }
                }
            },
            "properties": {
                "cadastralDistrictsCode": 24,
                "category": 36368,
                "categoryName": "Земельные участки ЕГРН",
                "descr": "24:11:0330102:252",
                "externalKey": "24:11:0330102:252",
                "interactionId": 396754587,
                "label": "24:11:0330102:252",
                "options": {
                    "area": null,
                    "cad_num": "24:11:0330102:252",
                    "cost_application_date": "2023-01-01",
                    "cost_approvement_date": "",
                    "cost_determination_date": "2022-01-01",
                    "cost_index": 261.36,
                    "cost_registration_date": "2022-12-23",
                    "cost_value": 403801.2,
                    "declared_area": null,
                    "determination_couse": "Акт об утверждении результатов определения кадастровой стоимости, полученных в соответствии с положениями Закона 237-ФЗ\n\n",
                    "land_record_category_type": "Земли населенных пунктов",
                    "land_record_reg_date": "2016-03-30",
                    "land_record_subtype": "Землепользование",
                    "land_record_type": "Земельный участок",
                    "ownership_type": "Частная",
                    "permitted_use_established_by_document": "Для ведения личного подсобного хозяйства",
                    "quarter_cad_number": "24:11:0330102",
                    "readable_address": "Местоположение установлено относительно ориентира, расположенного за пределами участка. Почтовый адрес ориентира: Красноярский край, Емельяновский районн, с. Шуваево.",
                    "specified_area": 1545,
                    "status": "Учтенный"
                },
                "subcategory": 5,
                "systemInfo": {
                    "inserted": "2024-12-07T11:53:05.898122",
                    "insertedBy": "7EF5CD0B-AC08-4097-AF2B-07CD85992A79",
                    "updated": "2026-03-14T09:20:08.818553",
                    "updatedBy": "22F23413-4218-4EB5-B8D3-D2646E3C2FAE"
                }
            }
        },
        {
            "id": 414280783,
            "type": "Feature",
            "geometry": {
                "type": "Polygon",
                "coordinates": [
                    [
                        [
                            10341889.45122633,
                            7598393.08985364
                        ],
                        [
                            10341914.766108727,
                            7598628.6897713
                        ],
                        [
                            10341872.989922723,
                            7598619.518451086
                        ],
                        [
                            10341772.61690341,
                            7598574.443847312
                        ],
                        [
                            10341758.36895287,
                            7598504.330852789
                        ],
                        [
                            10341770.98494871,
                            7598461.2153660245
                        ],
                        [
                            10341889.45122633,
                            7598393.08985364
                        ]
                    ]
                ],
                "crs": {
                    "type": "name",
                    "properties": {
                        "name": "EPSG:3857"
                    }
                }
            },
            "properties": {
                "cadastralDistrictsCode": 24,
                "category": 36368,
                "categoryName": "Земельные участки ЕГРН",
                "descr": "24:11:0330102:53",
                "externalKey": "24:11:0330102:53",
                "interactionId": 396755168,
                "label": "24:11:0330102:53",
                "options": {
                    "area": null,
                    "cad_num": "24:11:0330102:53",
                    "cost_application_date": "2023-01-01",
                    "cost_approvement_date": "",
                    "cost_determination_date": "2022-01-01",
                    "cost_index": 206.25,
                    "cost_registration_date": "2022-12-21",
                    "cost_value": 1539037.5,
                    "declared_area": null,
                    "determination_couse": "Акт об утверждении результатов определения кадастровой стоимости, полученных в соответствии с положениями Закона 237-ФЗ\n\n\n\n",
                    "land_record_category_type": "Земли населенных пунктов",
                    "land_record_reg_date": "1992-11-25",
                    "land_record_subtype": "Землепользование",
                    "land_record_type": "Земельный участок",
                    "ownership_type": "Частная",
                    "permitted_use_established_by_document": "Для ведения личного подсобного хозяйства",
                    "quarter_cad_number": "24:11:0330102",
                    "readable_address": "Местоположение установлено относительно ориентира, расположенного в границах участка. Ориентир здание. Почтовый адрес ориентира: Красноярский край, Емельяновский район, с. Шуваево, ул. Лесная, 4.",
                    "specified_area": 7462,
                    "status": "Ранее учтенный"
                },
                "subcategory": 5,
                "systemInfo": {
                    "inserted": "2024-12-07T11:53:08.723844",
                    "insertedBy": "7EF5CD0B-AC08-4097-AF2B-07CD85992A79",
                    "updated": "2026-03-14T09:20:09.060059",
                    "updatedBy": "22F23413-4218-4EB5-B8D3-D2646E3C2FAE"
                }
            }
        },
        {
            "id": 414280848,
            "type": "Feature",
            "geometry": {
                "type": "Polygon",
                "coordinates": [
                    [
                        [
                            10342990.051180974,
                            7598152.094700741
                        ],
                        [
                            10343028.801112471,
                            7598071.470085181
                        ],
                        [
                            10343093.79146963,
                            7598101.887972027
                        ],
                        [
                            10343055.741250012,
                            7598182.711806544
                        ],
                        [
                            10343037.9609699,
                            7598174.422351923
                        ],
                        [
                            10342990.051180974,
                            7598152.094700741
                        ]
                    ]
                ],
                "crs": {
                    "type": "name",
                    "properties": {
                        "name": "EPSG:3857"
                    }
                }
            },
            "properties": {
                "cadastralDistrictsCode": 24,
                "category": 36368,
                "categoryName": "Земельные участки ЕГРН",
                "descr": "24:11:0330102:42",
                "externalKey": "24:11:0330102:42",
                "interactionId": 396755232,
                "label": "24:11:0330102:42",
                "options": {
                    "area": null,
                    "cad_num": "24:11:0330102:42",
                    "cost_application_date": "2023-01-01",
                    "cost_approvement_date": "",
                    "cost_determination_date": "2022-01-01",
                    "cost_index": 263.98,
                    "cost_registration_date": "2022-12-21",
                    "cost_value": 527960,
                    "declared_area": null,
                    "determination_couse": "Акт об утверждении результатов определения кадастровой стоимости, полученных в соответствии с положениями Закона 237-ФЗ\n\n\n\n",
                    "land_record_category_type": "Земли населенных пунктов",
                    "land_record_reg_date": "1994-01-31",
                    "land_record_subtype": "Землепользование",
                    "land_record_type": "Земельный участок",
                    "ownership_type": "Частная",
                    "permitted_use_established_by_document": "для ведения личного подсобного хозяйства",
                    "quarter_cad_number": "24:11:0330102",
                    "readable_address": "Местоположение установлено относительно ориентира, расположенного в границах участка. Почтовый адрес ориентира: Красноярский край, Емельяновский район, с. Шуваево, ул. Парковая, 13.",
                    "specified_area": 2000,
                    "status": "Ранее учтенный"
                },
                "subcategory": 5,
                "systemInfo": {
                    "inserted": "2024-12-07T11:53:08.926467",
                    "insertedBy": "7EF5CD0B-AC08-4097-AF2B-07CD85992A79",
                    "updated": "2026-03-14T09:20:09.085127",
                    "updatedBy": "22F23413-4218-4EB5-B8D3-D2646E3C2FAE"
                }
            }
        },
        {
            "id": 414280896,
            "type": "Feature",
            "geometry": {
                "type": "Polygon",
                "coordinates": [
                    [
                        [
                            10342077.130937606,
                            7598061.954890907
                        ],
                        [
                            10342101.068059353,
                            7598013.50166292
                        ],
                        [
                            10342133.596612344,
                            7598028.966127484
                        ],
                        [
                            10342109.857367864,
                            7598077.0963439755
                        ],
                        [
                            10342077.130937606,
                            7598061.954890907
                        ]
                    ]
                ],
                "crs": {
                    "type": "name",
                    "properties": {
                        "name": "EPSG:3857"
                    }
                }
            },
            "properties": {
                "cadastralDistrictsCode": 24,
                "category": 36368,
                "categoryName": "Земельные участки ЕГРН",
                "descr": "24:11:0330102:642",
                "externalKey": "24:11:0330102:642",
                "interactionId": 396755281,
                "label": "24:11:0330102:642",
                "options": {
                    "area": null,
                    "cad_num": "24:11:0330102:642",
                    "cost_application_date": "2023-01-01",
                    "cost_approvement_date": "",
                    "cost_determination_date": "2022-01-01",
                    "cost_index": 262.41,
                    "cost_registration_date": "2022-12-23",
                    "cost_value": 157446,
                    "declared_area": null,
                    "determination_couse": "Акт об утверждении результатов определения кадастровой стоимости, полученных в соответствии с положениями Закона 237-ФЗ\n\n\n\n",
                    "land_record_category_type": "Земли населенных пунктов",
                    "land_record_reg_date": "2018-05-24",
                    "land_record_subtype": "Землепользование",
                    "land_record_type": "Земельный участок",
                    "ownership_type": "Частная",
                    "permitted_use_established_by_document": "Одноквартирные усадебные жилые дома",
                    "quarter_cad_number": "24:11:0330102",
                    "readable_address": "Красноярский край, Емельяновский район, с. Шуваево, ул. Северная",
                    "specified_area": 600,
                    "status": "Учтенный"
                },
                "subcategory": 5,
                "systemInfo": {
                    "inserted": "2024-12-07T11:53:09.029104",
                    "insertedBy": "7EF5CD0B-AC08-4097-AF2B-07CD85992A79",
                    "updated": "2026-02-08T21:57:23.596757",
                    "updatedBy": "7EF5CD0B-AC08-4097-AF2B-07CD85992A79"
                }
            }
        },
        {
            "id": 414280932,
            "type": "Feature",
            "geometry": {
                "type": "Polygon",
                "coordinates": [
                    [
                        [
                            10342758.124094399,
                            7598140.383882025
                        ],
                        [
                            10342794.95567985,
                            7598061.141861532
                        ],
                        [
                            10342859.819116447,
                            7598091.84907132
                        ],
                        [
                            10342878.119375976,
                            7598099.923863817
                        ],
                        [
                            10342840.803798644,
                            7598179.507516455
                        ],
                        [
                            10342758.124094399,
                            7598140.383882025
                        ]
                    ]
                ],
                "crs": {
                    "type": "name",
                    "properties": {
                        "name": "EPSG:3857"
                    }
                }
            },
            "properties": {
                "cadastralDistrictsCode": 24,
                "category": 36368,
                "categoryName": "Земельные участки ЕГРН",
                "descr": "24:11:0330102:639",
                "externalKey": "24:11:0330102:639",
                "interactionId": 396755317,
                "label": "24:11:0330102:639",
                "options": {
                    "area": null,
                    "cad_num": "24:11:0330102:639",
                    "cost_application_date": "2023-01-01",
                    "cost_approvement_date": "",
                    "cost_determination_date": "2022-01-01",
                    "cost_index": 243.25,
                    "cost_registration_date": "2022-12-23",
                    "cost_value": 604476.25,
                    "declared_area": null,
                    "determination_couse": "Акт об утверждении результатов определения кадастровой стоимости, полученных в соответствии с положениями Закона 237-ФЗ\n\n\n\n",
                    "land_record_category_type": "Земли населенных пунктов",
                    "land_record_reg_date": "2018-02-12",
                    "land_record_subtype": "Землепользование",
                    "land_record_type": "Земельный участок",
                    "ownership_type": null,
                    "permitted_use_established_by_document": "Для ведения личного подсобного хозяйства",
                    "quarter_cad_number": "24:11:0330102",
                    "readable_address": "Красноярский край, Емельяновский район, Шуваевский сельсовет, с. Шуваево.",
                    "specified_area": 2485,
                    "status": "Учтенный"
                },
                "subcategory": 5,
                "systemInfo": {
                    "inserted": "2024-12-07T11:53:09.238441",
                    "insertedBy": "7EF5CD0B-AC08-4097-AF2B-07CD85992A79",
                    "updated": "2026-02-08T22:02:07.920641",
                    "updatedBy": "7EF5CD0B-AC08-4097-AF2B-07CD85992A79"
                }
            }
        },
        {
            "id": 414280950,
            "type": "Feature",
            "geometry": {
                "type": "Polygon",
                "coordinates": [
                    [
                        [
                            10342075.410404941,
                            7598061.143784036
                        ],
                        [
                            10342114.130911887,
                            7597982.465582189
                        ],
                        [
                            10342181.373565651,
                            7598015.068508005
                        ],
                        [
                            10342166.12554338,
                            7598044.25077228
                        ],
                        [
                            10342133.596612344,
                            7598028.966127484
                        ],
                        [
                            10342101.068059353,
                            7598013.50166292
                        ],
                        [
                            10342077.130937606,
                            7598061.954890907
                        ],
                        [
                            10342075.410404941,
                            7598061.143784036
                        ]
                    ]
                ],
                "crs": {
                    "type": "name",
                    "properties": {
                        "name": "EPSG:3857"
                    }
                }
            },
            "properties": {
                "cadastralDistrictsCode": 24,
                "category": 36368,
                "categoryName": "Земельные участки ЕГРН",
                "descr": "24:11:0330102:644",
                "externalKey": "24:11:0330102:644",
                "interactionId": 396755335,
                "label": "24:11:0330102:644",
                "options": {
                    "area": null,
                    "cad_num": "24:11:0330102:644",
                    "cost_application_date": "2023-01-01",
                    "cost_approvement_date": "",
                    "cost_determination_date": "2022-01-01",
                    "cost_index": 262.41,
                    "cost_registration_date": "2022-12-23",
                    "cost_value": 212289.69,
                    "declared_area": null,
                    "determination_couse": "Акт об утверждении результатов определения кадастровой стоимости, полученных в соответствии с положениями Закона 237-ФЗ\n\n\n\n",
                    "land_record_category_type": "Земли населенных пунктов",
                    "land_record_reg_date": "2018-05-24",
                    "land_record_subtype": "Землепользование",
                    "land_record_type": "Земельный участок",
                    "ownership_type": "Частная",
                    "permitted_use_established_by_document": "Одноквартирные усадебные жилые дома",
                    "quarter_cad_number": "24:11:0330102",
                    "readable_address": "Российская Федерация, Красноярский край, муниципальный район Емельяновский, сельское поселение Шуваевский сельсовет, село Шуваево, улица Северная, земельный участок 6",
                    "specified_area": 809,
                    "status": "Учтенный"
                },
                "subcategory": 5,
                "systemInfo": {
                    "inserted": "2024-12-07T11:53:09.444626",
                    "insertedBy": "7EF5CD0B-AC08-4097-AF2B-07CD85992A79",
                    "updated": "2026-02-08T22:15:39.094533",
                    "updatedBy": "7EF5CD0B-AC08-4097-AF2B-07CD85992A79"
                }
            }
        },
        {
            "id": 414281004,
            "type": "Feature",
            "geometry": {
                "type": "Polygon",
                "coordinates": [
                    [
                        [
                            10341775.945115227,
                            7597988.817777733
                        ],
                        [
                            10341790.462170653,
                            7597957.568776396
                        ],
                        [
                            10341875.357877288,
                            7597997.334071896
                        ],
                        [
                            10341861.092393903,
                            7598028.422010904
                        ],
                        [
                            10341775.945115227,
                            7597988.817777733
                        ]
                    ]
                ],
                "crs": {
                    "type": "name",
                    "properties": {
                        "name": "EPSG:3857"
                    }
                }
            },
            "properties": {
                "cadastralDistrictsCode": 24,
                "category": 36368,
                "categoryName": "Земельные участки ЕГРН",
                "descr": "24:11:0330102:645",
                "externalKey": "24:11:0330102:645",
                "interactionId": 396755389,
                "label": "24:11:0330102:645",
                "options": {
                    "area": null,
                    "cad_num": "24:11:0330102:645",
                    "cost_application_date": "2023-01-01",
                    "cost_approvement_date": "",
                    "cost_determination_date": "2022-01-01",
                    "cost_index": 262.41,
                    "cost_registration_date": "2022-12-23",
                    "cost_value": 262410,
                    "declared_area": null,
                    "determination_couse": "Акт об утверждении результатов определения кадастровой стоимости, полученных в соответствии с положениями Закона 237-ФЗ",
                    "land_record_category_type": "Земли населенных пунктов",
                    "land_record_reg_date": "2018-08-03",
                    "land_record_subtype": "Землепользование",
                    "land_record_type": "Земельный участок",
                    "ownership_type": "Частная",
                    "permitted_use_established_by_document": "одноквартирные усадебные жилые дома",
                    "quarter_cad_number": "24:11:0330102",
                    "readable_address": "Россия, Красноярский край, Емельяновский район, с. Шуваево, ул. Степная, уч. 2 \"А\"",
                    "specified_area": 1000,
                    "status": "Учтенный"
                },
                "subcategory": 5,
                "systemInfo": {
                    "inserted": "2024-12-07T11:53:09.58671",
                    "insertedBy": "7EF5CD0B-AC08-4097-AF2B-07CD85992A79",
                    "updated": "2026-02-08T21:57:07.202053",
                    "updatedBy": "7EF5CD0B-AC08-4097-AF2B-07CD85992A79"
                }
            }
        },
        {
            "id": 414281072,
            "type": "Feature",
            "geometry": {
                "type": "Polygon",
                "coordinates": [
                    [
                        [
                            10342198.726492597,
                            7597797.841238999
                        ],
                        [
                            10342243.150478097,
                            7597703.592473415
                        ],
                        [
                            10342367.886045825,
                            7597762.005116885
                        ],
                        [
                            10342325.613484107,
                            7597857.57011784
                        ],
                        [
                            10342198.726492597,
                            7597797.841238999
                        ]
                    ]
                ],
                "crs": {
                    "type": "name",
                    "properties": {
                        "name": "EPSG:3857"
                    }
                }
            },
            "properties": {
                "cadastralDistrictsCode": 24,
                "category": 36368,
                "categoryName": "Земельные участки ЕГРН",
                "descr": "24:11:0330102:34",
                "externalKey": "24:11:0330102:34",
                "interactionId": 396755457,
                "label": "24:11:0330102:34",
                "options": {
                    "area": null,
                    "cad_num": "24:11:0330102:34",
                    "cost_application_date": "2023-01-01",
                    "cost_approvement_date": "",
                    "cost_determination_date": "2022-01-01",
                    "cost_index": 217.54,
                    "cost_registration_date": "2022-12-23",
                    "cost_value": 978930,
                    "declared_area": null,
                    "determination_couse": "Акт об утверждении результатов определения кадастровой стоимости, полученных в соответствии с положениями Закона 237-ФЗ\n\n",
                    "land_record_category_type": "Земли населенных пунктов",
                    "land_record_reg_date": "1992-12-15",
                    "land_record_subtype": "Землепользование",
                    "land_record_type": "Земельный участок",
                    "ownership_type": "Частная",
                    "permitted_use_established_by_document": "для ведения личного подсобного хозяйства",
                    "quarter_cad_number": "24:11:0330102",
                    "readable_address": "Местоположение установлено относительно ориентира, расположенного в границах участка. Почтовый адрес ориентира: Россия, Красноярский край, Емельяновский район, с. Шуваево, ул. Парковая, 3.",
                    "specified_area": 4500,
                    "status": "Ранее учтенный"
                },
                "subcategory": 5,
                "systemInfo": {
                    "inserted": "2024-12-07T11:53:09.830045",
                    "insertedBy": "7EF5CD0B-AC08-4097-AF2B-07CD85992A79",
                    "updated": "2026-03-14T09:20:09.175383",
                    "updatedBy": "22F23413-4218-4EB5-B8D3-D2646E3C2FAE"
                }
            }
        },
        {
            "id": 414281134,
            "type": "Feature",
            "geometry": {
                "type": "Polygon",
                "coordinates": [
                    [
                        [
                            10343001.328440009,
                            7598253.81072929
                        ],
                        [
                            10343037.9609699,
                            7598174.422351923
                        ],
                        [
                            10343055.741250012,
                            7598182.711806544
                        ],
                        [
                            10343110.12189878,
                            7598208.066519414
                        ],
                        [
                            10343076.859525226,
                            7598289.131225759
                        ],
                        [
                            10343001.328440009,
                            7598253.81072929
                        ]
                    ]
                ],
                "crs": {
                    "type": "name",
                    "properties": {
                        "name": "EPSG:3857"
                    }
                }
            },
            "properties": {
                "cadastralDistrictsCode": 24,
                "category": 36368,
                "categoryName": "Земельные участки ЕГРН",
                "descr": "24:11:0330102:128",
                "externalKey": "24:11:0330102:128",
                "interactionId": 396755519,
                "label": "24:11:0330102:128",
                "options": {
                    "area": null,
                    "cad_num": "24:11:0330102:128",
                    "cost_application_date": "2023-01-01",
                    "cost_approvement_date": "",
                    "cost_determination_date": "2022-01-01",
                    "cost_index": 247.45,
                    "cost_registration_date": "2022-12-26",
                    "cost_value": 547359.4,
                    "declared_area": null,
                    "determination_couse": "Акт об утверждении результатов определения кадастровой стоимости, полученных в соответствии с положениями Закона 237-ФЗ\n\n\n\n\n\n",
                    "land_record_category_type": "Земли населенных пунктов",
                    "land_record_reg_date": "2008-09-13",
                    "land_record_subtype": "Землепользование",
                    "land_record_type": "Земельный участок",
                    "ownership_type": "Частная",
                    "permitted_use_established_by_document": "для ведения личного подсобного хозяйства",
                    "quarter_cad_number": "24:11:0330102",
                    "readable_address": "Местоположение установлено относительно ориентира, расположенного за пределами участка. Почтовый адрес ориентира: Красноярский край, Емельяновский район, с. Шуваево, ул. Продольная, 18.",
                    "specified_area": 2212,
                    "status": "Ранее учтенный"
                },
                "subcategory": 5,
                "systemInfo": {
                    "inserted": "2024-12-07T11:53:10.223819",
                    "insertedBy": "7EF5CD0B-AC08-4097-AF2B-07CD85992A79",
                    "updated": "2026-03-14T09:20:09.213408",
                    "updatedBy": "22F23413-4218-4EB5-B8D3-D2646E3C2FAE"
                }
            }
        },
        {
            "id": 414281148,
            "type": "Feature",
            "geometry": {
                "type": "Polygon",
                "coordinates": [
                    [
                        [
                            10342509.315711642,
                            7597958.006040027
                        ],
                        [
                            10342558.828308979,
                            7597851.43227567
                        ],
                        [
                            10342608.365780778,
                            7597874.626514836
                        ],
                        [
                            10342558.835310424,
                            7597981.560318364
                        ],
                        [
                            10342509.315711642,
                            7597958.006040027
                        ]
                    ]
                ],
                "crs": {
                    "type": "name",
                    "properties": {
                        "name": "EPSG:3857"
                    }
                }
            },
            "properties": {
                "cadastralDistrictsCode": 24,
                "category": 36368,
                "categoryName": "Земельные участки ЕГРН",
                "descr": "24:11:0330102:178",
                "externalKey": "24:11:0330102:178",
                "interactionId": 396755533,
                "label": "24:11:0330102:178",
                "options": {
                    "area": null,
                    "cad_num": "24:11:0330102:178",
                    "cost_application_date": "2023-01-01",
                    "cost_approvement_date": "",
                    "cost_determination_date": "2022-01-01",
                    "cost_index": 251.39,
                    "cost_registration_date": "2022-12-26",
                    "cost_value": 502780,
                    "declared_area": null,
                    "determination_couse": "Акт об утверждении результатов определения кадастровой стоимости, полученных в соответствии с положениями Закона 237-ФЗ\n\n\n\n\n\n",
                    "land_record_category_type": "Земли населенных пунктов",
                    "land_record_reg_date": "2011-10-26",
                    "land_record_subtype": "Землепользование",
                    "land_record_type": "Земельный участок",
                    "ownership_type": "Частная",
                    "permitted_use_established_by_document": "для ведения личного подсобного хозяйства",
                    "quarter_cad_number": "24:11:0330102",
                    "readable_address": "Российская Федерация, Красноярский край, муниципальный округ Емельяновский, село Шуваево, улица Парковая, земельный участок 5",
                    "specified_area": 2000,
                    "status": "Учтенный"
                },
                "subcategory": 5,
                "systemInfo": {
                    "inserted": "2024-12-07T11:53:10.328921",
                    "insertedBy": "7EF5CD0B-AC08-4097-AF2B-07CD85992A79",
                    "updated": "2026-02-13T02:56:30.954982",
                    "updatedBy": "7EF5CD0B-AC08-4097-AF2B-07CD85992A79"
                }
            }
        },
        {
            "id": 414281249,
            "type": "Feature",
            "geometry": {
                "type": "Polygon",
                "coordinates": [
                    [
                        [
                            10341910.92951962,
                            7598194.692711443
                        ],
                        [
                            10341944.785926418,
                            7598120.517961615
                        ],
                        [
                            10342036.875966378,
                            7598160.184615457
                        ],
                        [
                            10342004.529790672,
                            7598232.187689948
                        ],
                        [
                            10341984.669777354,
                            7598224.162395608
                        ],
                        [
                            10341910.92951962,
                            7598194.692711443
                        ]
                    ]
                ],
                "crs": {
                    "type": "name",
                    "properties": {
                        "name": "EPSG:3857"
                    }
                }
            },
            "properties": {
                "cadastralDistrictsCode": 24,
                "category": 36368,
                "categoryName": "Земельные участки ЕГРН",
                "descr": "24:11:0330102:149",
                "externalKey": "24:11:0330102:149",
                "interactionId": 396755634,
                "label": "24:11:0330102:149",
                "options": {
                    "area": null,
                    "cad_num": "24:11:0330102:149",
                    "cost_application_date": "2023-01-01",
                    "cost_approvement_date": "",
                    "cost_determination_date": "2022-01-01",
                    "cost_index": 242.99,
                    "cost_registration_date": "2022-12-23",
                    "cost_value": 607475,
                    "declared_area": null,
                    "determination_couse": "Акт об утверждении результатов определения кадастровой стоимости, полученных в соответствии с положениями Закона 237-ФЗ\n\n\n\n",
                    "land_record_category_type": "Земли населенных пунктов",
                    "land_record_reg_date": "2009-12-16",
                    "land_record_subtype": "Землепользование",
                    "land_record_type": "Земельный участок",
                    "ownership_type": "Частная",
                    "permitted_use_established_by_document": "для ведения личного подсобного хозяйства",
                    "quarter_cad_number": "24:11:0330102",
                    "readable_address": "Местоположение установлено относительно ориентира, расположенного в границах участка. Почтовый адрес ориентира: Красноярский край, Емельяновский район, с. Шуваево, ул. Северная 3 \"А\" - 2.",
                    "specified_area": 2500,
                    "status": "Учтенный"
                },
                "subcategory": 5,
                "systemInfo": {
                    "inserted": "2024-12-07T11:53:10.800061",
                    "insertedBy": "7EF5CD0B-AC08-4097-AF2B-07CD85992A79",
                    "updated": "2026-03-14T09:20:09.293244",
                    "updatedBy": "22F23413-4218-4EB5-B8D3-D2646E3C2FAE"
                }
            }
        },
        {
            "id": 414281264,
            "type": "Feature",
            "geometry": {
                "type": "Polygon",
                "coordinates": [
                    [
                        [
                            10342280.372088686,
                            7598157.268308586
                        ],
                        [
                            10342211.101175297,
                            7598124.698806687
                        ],
                        [
                            10342248.097075446,
                            7598047.400699621
                        ],
                        [
                            10342254.172685746,
                            7598050.320376038
                        ],
                        [
                            10342317.348395018,
                            7598080.7961984305
                        ],
                        [
                            10342280.372088686,
                            7598157.268308586
                        ]
                    ]
                ],
                "crs": {
                    "type": "name",
                    "properties": {
                        "name": "EPSG:3857"
                    }
                }
            },
            "properties": {
                "cadastralDistrictsCode": 24,
                "category": 36368,
                "categoryName": "Земельные участки ЕГРН",
                "descr": "24:11:0330102:139",
                "externalKey": "24:11:0330102:139",
                "interactionId": 396755649,
                "label": "24:11:0330102:139",
                "options": {
                    "area": null,
                    "cad_num": "24:11:0330102:139",
                    "cost_application_date": "2023-01-01",
                    "cost_approvement_date": "",
                    "cost_determination_date": "2022-01-01",
                    "cost_index": 263.46,
                    "cost_registration_date": "2022-12-26",
                    "cost_value": 535087.26,
                    "declared_area": null,
                    "determination_couse": "Акт об утверждении результатов определения кадастровой стоимости, полученных в соответствии с положениями Закона 237-ФЗ\n\n\n\n\n\n",
                    "land_record_category_type": "Земли населенных пунктов",
                    "land_record_reg_date": "1992-11-12",
                    "land_record_subtype": "Землепользование",
                    "land_record_type": "Земельный участок",
                    "ownership_type": "Частная",
                    "permitted_use_established_by_document": "для ведения личного подсобного хозяйства",
                    "quarter_cad_number": "24:11:0330102",
                    "readable_address": "Местоположение установлено относительно ориентира, расположенного в границах участка. Почтовый адрес ориентира: Красноярский край, Емельяновский район, с. Шуваево, ул. Северная, 8.",
                    "specified_area": 2031,
                    "status": "Ранее учтенный"
                },
                "subcategory": 5,
                "systemInfo": {
                    "inserted": "2024-12-07T11:53:10.965868",
                    "insertedBy": "7EF5CD0B-AC08-4097-AF2B-07CD85992A79",
                    "updated": "2026-03-14T09:20:09.313868",
                    "updatedBy": "22F23413-4218-4EB5-B8D3-D2646E3C2FAE"
                }
            }
        },
        {
            "id": 414281586,
            "type": "Feature",
            "geometry": {
                "type": "Polygon",
                "coordinates": [
                    [
                        [
                            10342706.284683503,
                            7598051.717011264
                        ],
                        [
                            10342756.44230746,
                            7597943.955432911
                        ],
                        [
                            10342806.48281289,
                            7597967.382948308
                        ],
                        [
                            10342756.30733615,
                            7598075.5045849765
                        ],
                        [
                            10342706.284683503,
                            7598051.717011264
                        ]
                    ]
                ],
                "crs": {
                    "type": "name",
                    "properties": {
                        "name": "EPSG:3857"
                    }
                }
            },
            "properties": {
                "cadastralDistrictsCode": 24,
                "category": 36368,
                "categoryName": "Земельные участки ЕГРН",
                "descr": "24:11:0330102:180",
                "externalKey": "24:11:0330102:180",
                "interactionId": 396755971,
                "label": "24:11:0330102:180",
                "options": {
                    "area": null,
                    "cad_num": "24:11:0330102:180",
                    "cost_application_date": "2023-01-01",
                    "cost_approvement_date": "",
                    "cost_determination_date": "2022-01-01",
                    "cost_index": 263.2,
                    "cost_registration_date": "2022-12-26",
                    "cost_value": 537717.6,
                    "declared_area": null,
                    "determination_couse": "Акт об утверждении результатов определения кадастровой стоимости, полученных в соответствии с положениями Закона 237-ФЗ\n\n\n\n\n\n",
                    "land_record_category_type": "Земли населенных пунктов",
                    "land_record_reg_date": "2011-10-26",
                    "land_record_subtype": "Землепользование",
                    "land_record_type": "Земельный участок",
                    "ownership_type": "Частная",
                    "permitted_use_established_by_document": "для ведения личного подсобного хозяйства",
                    "quarter_cad_number": "24:11:0330102",
                    "readable_address": "Местоположение установлено относительно ориентира, расположенного за пределами участка. Почтовый адрес ориентира: Красноярский край,  Емельяновский район, с. Шуваево, ул. Парковая, участок № 5 \"Г\".",
                    "specified_area": 2043,
                    "status": "Учтенный"
                },
                "subcategory": 5,
                "systemInfo": {
                    "inserted": "2024-12-07T11:53:12.318398",
                    "insertedBy": "7EF5CD0B-AC08-4097-AF2B-07CD85992A79",
                    "updated": "2026-03-14T09:20:09.41958",
                    "updatedBy": "22F23413-4218-4EB5-B8D3-D2646E3C2FAE"
                }
            }
        },
        {
            "id": 414281620,
            "type": "Feature",
            "geometry": {
                "type": "Polygon",
                "coordinates": [
                    [
                        [
                            10342608.08637187,
                            7598004.988194306
                        ],
                        [
                            10342646.609376699,
                            7597922.120367784
                        ],
                        [
                            10342657.903551485,
                            7597897.820503451
                        ],
                        [
                            10342707.172781639,
                            7597920.888092105
                        ],
                        [
                            10342657.319799665,
                            7598028.415801186
                        ],
                        [
                            10342608.08637187,
                            7598004.988194306
                        ]
                    ]
                ],
                "crs": {
                    "type": "name",
                    "properties": {
                        "name": "EPSG:3857"
                    }
                }
            },
            "properties": {
                "cadastralDistrictsCode": 24,
                "category": 36368,
                "categoryName": "Земельные участки ЕГРН",
                "descr": "24:11:0330102:182",
                "externalKey": "24:11:0330102:182",
                "interactionId": 396756005,
                "label": "24:11:0330102:182",
                "options": {
                    "area": null,
                    "cad_num": "24:11:0330102:182",
                    "cost_application_date": "2023-01-01",
                    "cost_approvement_date": "",
                    "cost_determination_date": "2022-01-01",
                    "cost_index": 251.39,
                    "cost_registration_date": "2022-12-23",
                    "cost_value": 502780,
                    "declared_area": null,
                    "determination_couse": "Акт об утверждении результатов определения кадастровой стоимости, полученных в соответствии с положениями Закона 237-ФЗ\n\n\n\n\n\n",
                    "land_record_category_type": "Земли населенных пунктов",
                    "land_record_reg_date": "2011-10-26",
                    "land_record_subtype": "Землепользование",
                    "land_record_type": "Земельный участок",
                    "ownership_type": "Частная",
                    "permitted_use_established_by_document": "для ведения личного подсобного хозяйства",
                    "quarter_cad_number": "24:11:0330102",
                    "readable_address": "Местоположение установлено относительно ориентира, расположенного за пределами участка. Почтовый адрес ориентира: Красноярский край,  Емельяновский район, с. Шуваево, ул. Парковая, участок № 5 \"Б\".",
                    "specified_area": 2000,
                    "status": "Учтенный"
                },
                "subcategory": 5,
                "systemInfo": {
                    "inserted": "2024-12-07T11:53:12.424601",
                    "insertedBy": "7EF5CD0B-AC08-4097-AF2B-07CD85992A79",
                    "updated": "2026-03-14T09:20:09.432035",
                    "updatedBy": "22F23413-4218-4EB5-B8D3-D2646E3C2FAE"
                }
            }
        },
        {
            "id": 414281628,
            "type": "Feature",
            "geometry": {
                "type": "Polygon",
                "coordinates": [
                    [
                        [
                            10342159.998416394,
                            7598130.918378451
                        ],
                        [
                            10342132.11742844,
                            7598204.167932733
                        ],
                        [
                            10342083.815485766,
                            7598181.8699252
                        ],
                        [
                            10342115.048947783,
                            7598109.757612798
                        ],
                        [
                            10342159.998416394,
                            7598130.918378451
                        ]
                    ]
                ],
                "crs": {
                    "type": "name",
                    "properties": {
                        "name": "EPSG:3857"
                    }
                }
            },
            "properties": {
                "cadastralDistrictsCode": 24,
                "category": 36368,
                "categoryName": "Земельные участки ЕГРН",
                "descr": "24:11:0330102:687",
                "externalKey": "24:11:0330102:687",
                "interactionId": 396756013,
                "label": "24:11:0330102:687",
                "options": {
                    "area": null,
                    "cad_num": "24:11:0330102:687",
                    "cost_application_date": "2023-01-01",
                    "cost_approvement_date": "",
                    "cost_determination_date": "2022-01-01",
                    "cost_index": 262.41,
                    "cost_registration_date": "2022-12-16",
                    "cost_value": 328012.5,
                    "declared_area": null,
                    "determination_couse": "Акт об утверждении результатов определения кадастровой стоимости, полученных в соответствии с положениями Закона 237-ФЗ\n\n",
                    "land_record_category_type": "Земли населенных пунктов",
                    "land_record_reg_date": "2020-05-29",
                    "land_record_subtype": "Землепользование",
                    "land_record_type": "Земельный участок",
                    "ownership_type": "Частная",
                    "permitted_use_established_by_document": "Для ведения личного подсобного хозяйства",
                    "quarter_cad_number": "24:11:0330102",
                    "readable_address": "Российская Федерация, Красноярский край, муниципальный район Емельяновский , сельское поселение Шуваевский сельсовет, село Шуваево, улица Северная, земельный участок 3А ",
                    "specified_area": 1250,
                    "status": "Учтенный"
                },
                "subcategory": 5,
                "systemInfo": {
                    "inserted": "2024-12-07T11:53:12.532584",
                    "insertedBy": "7EF5CD0B-AC08-4097-AF2B-07CD85992A79",
                    "updated": "2026-02-08T21:57:07.506807",
                    "updatedBy": "7EF5CD0B-AC08-4097-AF2B-07CD85992A79"
                }
            }
        },
        {
            "id": 414281763,
            "type": "Feature",
            "geometry": {
                "type": "Polygon",
                "coordinates": [
                    [
                        [
                            10341850.221263967,
                            7597954.724721597
                        ],
                        [
                            10341881.000623435,
                            7597887.592785276
                        ],
                        [
                            10341927.937003499,
                            7597910.015092632
                        ],
                        [
                            10341897.874931661,
                            7597977.417995222
                        ],
                        [
                            10341850.221263967,
                            7597954.724721597
                        ]
                    ]
                ],
                "crs": {
                    "type": "name",
                    "properties": {
                        "name": "EPSG:3857"
                    }
                }
            },
            "properties": {
                "cadastralDistrictsCode": 24,
                "category": 36368,
                "categoryName": "Земельные участки ЕГРН",
                "descr": "24:11:0330102:69",
                "externalKey": "24:11:0330102:69",
                "interactionId": 396756148,
                "label": "24:11:0330102:69",
                "options": {
                    "area": null,
                    "cad_num": "24:11:0330102:69",
                    "cost_application_date": "2023-01-01",
                    "cost_approvement_date": "",
                    "cost_determination_date": "2022-01-01",
                    "cost_index": 262.41,
                    "cost_registration_date": "2022-12-16",
                    "cost_value": 314892,
                    "declared_area": null,
                    "determination_couse": "Акт об утверждении результатов определения кадастровой стоимости, полученных в соответствии с положениями Закона 237-ФЗ\n\n",
                    "land_record_category_type": "Земли населенных пунктов",
                    "land_record_reg_date": "2009-06-03",
                    "land_record_subtype": "Землепользование",
                    "land_record_type": "Земельный участок",
                    "ownership_type": "Частная",
                    "permitted_use_established_by_document": "для ведения личного подсобного хозяйства",
                    "quarter_cad_number": "24:11:0330102",
                    "readable_address": "Местоположение установлено относительно ориентира, расположенного в границах участка. Почтовый адрес ориентира: Красноярский край, Емельяновский район, с. Шуваево, ул. Северная, 2 \"А\".",
                    "specified_area": 1200,
                    "status": "Учтенный"
                },
                "subcategory": 5,
                "systemInfo": {
                    "inserted": "2024-12-07T11:53:13.093725",
                    "insertedBy": "7EF5CD0B-AC08-4097-AF2B-07CD85992A79",
                    "updated": "2026-03-14T09:20:09.477247",
                    "updatedBy": "22F23413-4218-4EB5-B8D3-D2646E3C2FAE"
                }
            }
        },
        {
            "id": 414490512,
            "type": "Feature",
            "geometry": {
                "type": "Polygon",
                "coordinates": [
                    [
                        [
                            10342079.297744304,
                            7598452.2514119
                        ],
                        [
                            10342074.251893708,
                            7598392.055551287
                        ],
                        [
                            10342127.291166762,
                            7598387.456513492
                        ],
                        [
                            10342132.858158648,
                            7598447.203719101
                        ],
                        [
                            10342079.297744304,
                            7598452.2514119
                        ]
                    ]
                ],
                "crs": {
                    "type": "name",
                    "properties": {
                        "name": "EPSG:3857"
                    }
                }
            },
            "properties": {
                "cadastralDistrictsCode": 24,
                "category": 36368,
                "categoryName": "Земельные участки ЕГРН",
                "descr": "24:11:0330102:755",
                "externalKey": "24:11:0330102:755",
                "interactionId": 396964897,
                "label": "24:11:0330102:755",
                "options": {
                    "area": null,
                    "cad_num": "24:11:0330102:755",
                    "cost_application_date": "2023-01-01",
                    "cost_approvement_date": "",
                    "cost_determination_date": "2022-01-01",
                    "cost_index": 262.41,
                    "cost_registration_date": "2023-03-27",
                    "cost_value": 262410,
                    "declared_area": null,
                    "determination_couse": "Акт бюджетного учреждения, созданного субъектом Российской Федерации, об определении кадастровой стоимости в соответствии со статьей 16 Закона 237-ФЗ\n\n\n\n\n\n\n\n\n\n\n\n\n\n\n\n\n\n\n\n\n\n\n\n\n\n\n\n\n\n\n\n\n\n\n\n\n\n\n\n\n\n\n\n\n\n\n\n\n\n\n\n\n\n\n",
                    "land_record_category_type": "Земли населенных пунктов",
                    "land_record_reg_date": "2022-11-01",
                    "land_record_subtype": "Землепользование",
                    "land_record_type": "Земельный участок",
                    "ownership_type": "Частная",
                    "permitted_use_established_by_document": "Для ведения личного подсобного хозяйства (приусадебный земельный участок) (2.2)",
                    "quarter_cad_number": "24:11:0330102",
                    "readable_address": "Российская Федерация, Красноярский край, муниципальный район Емельяновский, сельское поселение Шуваевский сельсовет, село Шуваево, улица Лесная, земельный участок 12",
                    "specified_area": 1000,
                    "status": "Учтенный"
                },
                "subcategory": 5,
                "systemInfo": {
                    "inserted": "2024-12-07T12:17:15.687226",
                    "insertedBy": "7EF5CD0B-AC08-4097-AF2B-07CD85992A79",
                    "updated": "2026-02-03T20:53:47.671585",
                    "updatedBy": "7EF5CD0B-AC08-4097-AF2B-07CD85992A79"
                }
            }
        },
        {
            "id": 414938398,
            "type": "Feature",
            "geometry": {
                "type": "Polygon",
                "coordinates": [
                    [
                        [
                            10341717.708156312,
                            7597892.948399298
                        ],
                        [
                            10341748.810299806,
                            7597826.46494366
                        ],
                        [
                            10341808.578955306,
                            7597854.027910254
                        ],
                        [
                            10341777.405277384,
                            7597920.655511193
                        ],
                        [
                            10341717.708156312,
                            7597892.948399298
                        ]
                    ]
                ],
                "crs": {
                    "type": "name",
                    "properties": {
                        "name": "EPSG:3857"
                    }
                }
            },
            "properties": {
                "cadastralDistrictsCode": 24,
                "category": 36368,
                "categoryName": "Земельные участки ЕГРН",
                "descr": "24:11:0330102:716",
                "externalKey": "24:11:0330102:716",
                "interactionId": 397412783,
                "label": "24:11:0330102:716",
                "options": {
                    "area": null,
                    "cad_num": "24:11:0330102:716",
                    "cost_application_date": "2023-01-01",
                    "cost_approvement_date": "",
                    "cost_determination_date": "2022-01-01",
                    "cost_index": 262.41,
                    "cost_registration_date": "2022-12-28",
                    "cost_value": 393615,
                    "declared_area": null,
                    "determination_couse": "Кадастровая стоимость объекта недвижимости определена в рамках статьи 16 Федерального закона от 3 июля 2016 г. N 237-ФЗ \"О государственной кадастровой оценке\"",
                    "land_record_category_type": "Земли населенных пунктов",
                    "land_record_reg_date": "2021-08-30",
                    "land_record_subtype": "Землепользование",
                    "land_record_type": "Земельный участок",
                    "ownership_type": "Частная",
                    "permitted_use_established_by_document": "одноквартирные усадебные жилые дома",
                    "quarter_cad_number": "24:11:0330102",
                    "readable_address": "Российская Федерация, Красноярский край, муниципальный район Емельяновский, сельское поселение Шуваевский сельсовет, село Шуваево, улица Северная, земельный участок 2/1",
                    "specified_area": 1500,
                    "status": "Учтенный"
                },
                "subcategory": 5,
                "systemInfo": {
                    "inserted": "2024-12-07T13:10:56.435272",
                    "insertedBy": "7EF5CD0B-AC08-4097-AF2B-07CD85992A79",
                    "updated": "2026-02-08T22:02:06.507649",
                    "updatedBy": "7EF5CD0B-AC08-4097-AF2B-07CD85992A79"
                }
            }
        },
        {
            "id": 416774921,
            "type": "Feature",
            "geometry": {
                "type": "Polygon",
                "coordinates": [
                    [
                        [
                            10341731.963907896,
                            7597593.345074928
                        ],
                        [
                            10341793.990746204,
                            7597482.001272149
                        ],
                        [
                            10341833.109608464,
                            7597501.7162982905
                        ],
                        [
                            10341773.092502538,
                            7597612.470560963
                        ],
                        [
                            10341731.963907896,
                            7597593.345074928
                        ]
                    ]
                ],
                "crs": {
                    "type": "name",
                    "properties": {
                        "name": "EPSG:3857"
                    }
                }
            },
            "properties": {
                "cadastralDistrictsCode": 24,
                "category": 36368,
                "categoryName": "Земельные участки ЕГРН",
                "descr": "24:11:0330102:765",
                "externalKey": "24:11:0330102:765",
                "interactionId": 399249306,
                "label": "24:11:0330102:765",
                "options": {
                    "area": null,
                    "cad_num": "24:11:0330102:765",
                    "cost_application_date": "2023-01-31",
                    "cost_approvement_date": "",
                    "cost_determination_date": "2022-01-01",
                    "cost_index": 256.37,
                    "cost_registration_date": "2023-03-01",
                    "cost_value": 448647.5,
                    "declared_area": null,
                    "determination_couse": "Акт бюджетного учреждения, созданного субъектом Российской Федерации, об определении кадастровой стоимости в соответствии со статьей 16 Закона 237-ФЗ\n\n\n\n\n\n\n\n\n\n\n\n\n\n\n\n\n\n\n\n\n\n\n\n\n\n\n\n\n\n\n\n\n\n\n\n\n\n",
                    "land_record_category_type": "Земли населенных пунктов",
                    "land_record_reg_date": "2023-01-31",
                    "land_record_subtype": "Землепользование",
                    "land_record_type": "Земельный участок",
                    "ownership_type": "Частная",
                    "permitted_use_established_by_document": "«Для ведения личного подсобного хозяйства (приусадебный земельный участок)» (2.2)",
                    "quarter_cad_number": "24:11:0330102",
                    "readable_address": "Россия, Красноярский край, Емельяновский район, с. Шуваево, ориентировочно 20 м на юго-запад от земельного участка с кадастровым номером 24:11:0330102:735 ",
                    "specified_area": 1750,
                    "status": "Учтенный"
                },
                "subcategory": 5,
                "systemInfo": {
                    "inserted": "2024-12-07T16:34:44.412995",
                    "insertedBy": "7EF5CD0B-AC08-4097-AF2B-07CD85992A79",
                    "updated": "2026-02-01T18:48:54.164648",
                    "updatedBy": "7EF5CD0B-AC08-4097-AF2B-07CD85992A79"
                }
            }
        },
        {
            "id": 416863316,
            "type": "Feature",
            "geometry": {
                "type": "Polygon",
                "coordinates": [
                    [
                        [
                            10342827.34254488,
                            7598076.459519047
                        ],
                        [
                            10342865.485114248,
                            7597995.009057244
                        ],
                        [
                            10342897.961648487,
                            7598010.218573449
                        ],
                        [
                            10342859.819116447,
                            7598091.84907132
                        ],
                        [
                            10342827.34254488,
                            7598076.459519047
                        ]
                    ]
                ],
                "crs": {
                    "type": "name",
                    "properties": {
                        "name": "EPSG:3857"
                    }
                }
            },
            "properties": {
                "cadastralDistrictsCode": 24,
                "category": 36368,
                "categoryName": "Земельные участки ЕГРН",
                "descr": "24:11:0330102:764",
                "externalKey": "24:11:0330102:764",
                "interactionId": 399337701,
                "label": "24:11:0330102:764",
                "options": {
                    "area": null,
                    "cad_num": "24:11:0330102:764",
                    "cost_application_date": "2023-01-13",
                    "cost_approvement_date": "",
                    "cost_determination_date": "2022-01-01",
                    "cost_index": 262.41,
                    "cost_registration_date": "2023-02-16",
                    "cost_value": 263197.23,
                    "declared_area": null,
                    "determination_couse": "Акт бюджетного учреждения, созданного субъектом Российской Федерации, об определении кадастровой стоимости в соответствии со статьей 16 Закона 237-ФЗ\n\n\n\n\n\n\n\n\n\n\n\n\n\n\n\n\n\n\n\n\n\n\n\n\n\n\n\n\n\n\n",
                    "land_record_category_type": "Земли населенных пунктов",
                    "land_record_reg_date": "2023-01-13",
                    "land_record_subtype": "Землепользование",
                    "land_record_type": "Земельный участок",
                    "ownership_type": "Частная",
                    "permitted_use_established_by_document": "для ведения личного подсобного хозяйства",
                    "quarter_cad_number": "24:11:0330102",
                    "readable_address": "Российская Федерация, Красноярский край, муниципальный район Емельяновский, сельское поселение Шуваевский сельсовет, село Шуваево, улица Парковая, земельный участок 7А",
                    "specified_area": 1003,
                    "status": "Учтенный"
                },
                "subcategory": 5,
                "systemInfo": {
                    "inserted": "2024-12-07T16:48:43.179774",
                    "insertedBy": "7EF5CD0B-AC08-4097-AF2B-07CD85992A79",
                    "updated": "2026-02-01T18:50:16.092954",
                    "updatedBy": "7EF5CD0B-AC08-4097-AF2B-07CD85992A79"
                }
            }
        },
        {
            "id": 416903919,
            "type": "Feature",
            "geometry": {
                "type": "Polygon",
                "coordinates": [
                    [
                        [
                            10341858.934350636,
                            7597652.523146373
                        ],
                        [
                            10341914.826091593,
                            7597541.707895285
                        ],
                        [
                            10341949.716267163,
                            7597559.403837932
                        ],
                        [
                            10341894.3464016,
                            7597669.196021999
                        ],
                        [
                            10341858.934350636,
                            7597652.523146373
                        ]
                    ]
                ],
                "crs": {
                    "type": "name",
                    "properties": {
                        "name": "EPSG:3857"
                    }
                }
            },
            "properties": {
                "cadastralDistrictsCode": 24,
                "category": 36368,
                "categoryName": "Земельные участки ЕГРН",
                "descr": "24:11:0330102:775",
                "externalKey": "24:11:0330102:775",
                "interactionId": 399378304,
                "label": "24:11:0330102:775",
                "options": {
                    "area": null,
                    "cad_num": "24:11:0330102:775",
                    "cost_application_date": "2023-03-30",
                    "cost_approvement_date": "",
                    "cost_determination_date": "2022-01-01",
                    "cost_index": 262.41,
                    "cost_registration_date": "2023-04-19",
                    "cost_value": 393615,
                    "declared_area": null,
                    "determination_couse": "Акт бюджетного учреждения, созданного субъектом Российской Федерации, об определении кадастровой стоимости в соответствии со статьей 16 Закона 237-ФЗ\n\n\n\n\n\n\n\n\n\n\n\n\n\n\n\n\n\n\n\n\n\n\n\n\n\n\n\n\n\n\n\n\n\n\n\n\n\n\n\n\n\n\n\n\n\n\n\n\n\n\n\n\n\n\n\n\n\n\n\n\n\n\n\n\n\n\n\n\n\n\n\n\n\n",
                    "land_record_category_type": "Земли населенных пунктов",
                    "land_record_reg_date": "2023-03-30",
                    "land_record_subtype": "Землепользование",
                    "land_record_type": "Земельный участок",
                    "ownership_type": "Частная",
                    "permitted_use_established_by_document": "для ведения личного подсобного хозяйства (приусадебный земельный участок) (2.2)",
                    "quarter_cad_number": "24:11:0330102",
                    "readable_address": "Россия, Красноярский край, Емельяновский район, с. Шуваево, западнее земельного участка с кадастровым номером 24:11:0330102:67",
                    "specified_area": 1500,
                    "status": "Учтенный"
                },
                "subcategory": 5,
                "systemInfo": {
                    "inserted": "2024-12-07T16:55:41.549552",
                    "insertedBy": "7EF5CD0B-AC08-4097-AF2B-07CD85992A79",
                    "updated": "2026-02-01T18:51:16.112922",
                    "updatedBy": "7EF5CD0B-AC08-4097-AF2B-07CD85992A79"
                }
            }
        },
        {
            "id": 416966288,
            "type": "Feature",
            "geometry": {
                "type": "Polygon",
                "coordinates": [
                    [
                        [
                            10341773.092502538,
                            7597612.470560963
                        ],
                        [
                            10341833.109608464,
                            7597501.7162982905
                        ],
                        [
                            10341874.810082648,
                            7597522.06379194
                        ],
                        [
                            10341817.249918854,
                            7597633.03782254
                        ],
                        [
                            10341799.095910842,
                            7597624.565843778
                        ],
                        [
                            10341773.092502538,
                            7597612.470560963
                        ]
                    ]
                ],
                "crs": {
                    "type": "name",
                    "properties": {
                        "name": "EPSG:3857"
                    }
                }
            },
            "properties": {
                "cadastralDistrictsCode": 24,
                "category": 36368,
                "categoryName": "Земельные участки ЕГРН",
                "descr": "24:11:0330102:773",
                "externalKey": "24:11:0330102:773",
                "interactionId": 399440673,
                "label": "24:11:0330102:773",
                "options": {
                    "area": null,
                    "cad_num": "24:11:0330102:773",
                    "cost_application_date": "2023-03-10",
                    "cost_approvement_date": "",
                    "cost_determination_date": "2022-01-01",
                    "cost_index": 254.28,
                    "cost_registration_date": "2023-04-03",
                    "cost_value": 470418,
                    "declared_area": null,
                    "determination_couse": "Акт бюджетного учреждения, созданного субъектом Российской Федерации, об определении кадастровой стоимости в соответствии со статьей 16 Закона 237-ФЗ\n\n\n\n\n\n\n\n\n\n\n\n\n\n\n\n\n\n\n\n\n\n\n\n\n\n\n\n\n\n\n\n\n\n\n\n\n\n\n\n\n\n\n\n\n\n\n\n\n\n\n\n\n\n\n\n\n\n\n",
                    "land_record_category_type": "Земли населенных пунктов",
                    "land_record_reg_date": "2023-03-10",
                    "land_record_subtype": "Землепользование",
                    "land_record_type": "Земельный участок",
                    "ownership_type": "Частная",
                    "permitted_use_established_by_document": "для ведения личного подсобного хозяйства (приусадебный земельный участок) (2.2)",
                    "quarter_cad_number": "24:11:0330102",
                    "readable_address": "Россия, Красноярский край, Емельяновский район, с. Шуваево, ориентировочно южнее земельного участка с кадастровым номером 24:11:0330102:735",
                    "specified_area": 1850,
                    "status": "Учтенный"
                },
                "subcategory": 5,
                "systemInfo": {
                    "inserted": "2024-12-07T17:05:45.492984",
                    "insertedBy": "7EF5CD0B-AC08-4097-AF2B-07CD85992A79",
                    "updated": "2026-02-01T18:52:06.043241",
                    "updatedBy": "7EF5CD0B-AC08-4097-AF2B-07CD85992A79"
                }
            }
        },
        {
            "id": 416986048,
            "type": "Feature",
            "geometry": {
                "type": "Polygon",
                "coordinates": [
                    [
                        [
                            10341510.41898663,
                            7597791.54326284
                        ],
                        [
                            10341541.34132101,
                            7597726.337167438
                        ],
                        [
                            10341589.475997096,
                            7597749.625424425
                        ],
                        [
                            10341558.93057667,
                            7597814.832460948
                        ],
                        [
                            10341510.41898663,
                            7597791.54326284
                        ]
                    ]
                ],
                "crs": {
                    "type": "name",
                    "properties": {
                        "name": "EPSG:3857"
                    }
                }
            },
            "properties": {
                "cadastralDistrictsCode": 24,
                "category": 36368,
                "categoryName": "Земельные участки ЕГРН",
                "descr": "24:11:0330102:778",
                "externalKey": "24:11:0330102:778",
                "interactionId": 399460433,
                "label": "24:11:0330102:778",
                "options": {
                    "area": null,
                    "cad_num": "24:11:0330102:778",
                    "cost_application_date": "2023-04-21",
                    "cost_approvement_date": "",
                    "cost_determination_date": "2022-01-01",
                    "cost_index": 262.41,
                    "cost_registration_date": "2023-05-12",
                    "cost_value": 314892,
                    "declared_area": null,
                    "determination_couse": "Акт бюджетного учреждения, созданного субъектом Российской Федерации, об определении кадастровой стоимости в соответствии со статьей 16 Закона 237-ФЗ\n\n\n\n\n\n\n\n\n\n\n\n\n\n\n\n\n\n\n\n\n\n\n\n\n\n\n\n\n\n\n\n\n\n\n\n\n\n\n\n\n\n\n\n\n\n\n\n\n\n\n\n\n\n\n\n\n\n\n\n\n\n\n\n\n\n\n\n\n\n\n\n\n\n\n\n\n\n\n\n\n\n\n\n\n\n",
                    "land_record_category_type": "Земли населенных пунктов",
                    "land_record_reg_date": "2023-04-21",
                    "land_record_subtype": "Землепользование",
                    "land_record_type": "Земельный участок",
                    "ownership_type": "Частная",
                    "permitted_use_established_by_document": "\"Для ведения личного подсобного хозяйства (приусадебный земельный участок)\" (2.2)",
                    "quarter_cad_number": "24:11:0330102",
                    "readable_address": "Россия, Красноярский край, Емельяновский район, с. Шуваево, ориентировочно западнее земельного участка с кадастровым номером 24:11:0330102:742",
                    "specified_area": 1200,
                    "status": "Учтенный"
                },
                "subcategory": 5,
                "systemInfo": {
                    "inserted": "2024-12-07T17:08:59.066076",
                    "insertedBy": "7EF5CD0B-AC08-4097-AF2B-07CD85992A79",
                    "updated": "2026-02-01T18:54:19.151182",
                    "updatedBy": "7EF5CD0B-AC08-4097-AF2B-07CD85992A79"
                }
            }
        },
        {
            "id": 416992138,
            "type": "Feature",
            "geometry": {
                "type": "Polygon",
                "coordinates": [
                    [
                        [
                            10342355.143081037,
                            7597982.0954255555
                        ],
                        [
                            10342339.730975533,
                            7598013.793659492
                        ],
                        [
                            10342328.832920106,
                            7598036.063204002
                        ],
                        [
                            10342284.530892424,
                            7598013.628615765
                        ],
                        [
                            10342309.674038667,
                            7597960.809706942
                        ],
                        [
                            10342355.143081037,
                            7597982.0954255555
                        ]
                    ]
                ],
                "crs": {
                    "type": "name",
                    "properties": {
                        "name": "EPSG:3857"
                    }
                }
            },
            "properties": {
                "cadastralDistrictsCode": 24,
                "category": 36368,
                "categoryName": "Земельные участки ЕГРН",
                "descr": "24:11:0330102:759",
                "externalKey": "24:11:0330102:759",
                "interactionId": 399466523,
                "label": "24:11:0330102:759",
                "options": {
                    "area": null,
                    "cad_num": "24:11:0330102:759",
                    "cost_application_date": "2023-01-30",
                    "cost_approvement_date": "",
                    "cost_determination_date": "2022-01-01",
                    "cost_index": 262.41,
                    "cost_registration_date": "2023-02-28",
                    "cost_value": 240892.38,
                    "declared_area": null,
                    "determination_couse": "Акт бюджетного учреждения, созданного субъектом Российской Федерации, об определении кадастровой стоимости в соответствии со статьей 16 Закона 237-ФЗ\n\n\n\n\n\n\n\n\n\n\n\n\n\n\n\n\n\n\n\n\n\n\n\n\n\n\n\n\n\n\n\n\n\n\n\n",
                    "land_record_category_type": "Земли населенных пунктов",
                    "land_record_reg_date": "2022-12-23",
                    "land_record_subtype": "Землепользование",
                    "land_record_type": "Земельный участок",
                    "ownership_type": "Частная",
                    "permitted_use_established_by_document": "для индивидуального жилищного строительства (код - 2.1)",
                    "quarter_cad_number": "24:11:0330102",
                    "readable_address": "Красноярский край, муниципальный район Емельяновский, сельское поселение Шуваевский сельсовет, село Шуваево, улица Продольная, земельный участок 3А",
                    "specified_area": 918,
                    "status": "Учтенный"
                },
                "subcategory": 5,
                "systemInfo": {
                    "inserted": "2024-12-07T17:09:58.414166",
                    "insertedBy": "7EF5CD0B-AC08-4097-AF2B-07CD85992A79",
                    "updated": "2026-02-08T22:25:35.021318",
                    "updatedBy": "7EF5CD0B-AC08-4097-AF2B-07CD85992A79"
                }
            }
        },
        {
            "id": 417063006,
            "type": "Feature",
            "geometry": {
                "type": "Polygon",
                "coordinates": [
                    [
                        [
                            10341477.962926518,
                            7597679.161471811
                        ],
                        [
                            10341527.245565036,
                            7597701.948492367
                        ],
                        [
                            10341489.664991654,
                            7597770.558969628
                        ],
                        [
                            10341441.351340447,
                            7597747.143963767
                        ],
                        [
                            10341477.962926518,
                            7597679.161471811
                        ]
                    ]
                ],
                "crs": {
                    "type": "name",
                    "properties": {
                        "name": "EPSG:3857"
                    }
                }
            },
            "properties": {
                "cadastralDistrictsCode": 24,
                "category": 36368,
                "categoryName": "Земельные участки ЕГРН",
                "descr": "24:11:0330102:792",
                "externalKey": "24:11:0330102:792",
                "interactionId": 399537391,
                "label": "24:11:0330102:792",
                "options": {
                    "area": null,
                    "cad_num": "24:11:0330102:792",
                    "cost_application_date": "2023-07-31",
                    "cost_approvement_date": "",
                    "cost_determination_date": "2022-01-01",
                    "cost_index": 262.41,
                    "cost_registration_date": "2023-08-15",
                    "cost_value": 341133,
                    "declared_area": null,
                    "determination_couse": "Акт бюджетного учреждения, созданного субъектом Российской Федерации, об определении кадастровой стоимости в соответствии со статьей 16 Закона 237-ФЗ\n\n\n\n\n\n\n\n\n\n\n\n\n\n\n\n\n\n\n\n\n\n\n\n\n\n\n\n\n\n\n\n\n\n\n\n\n\n\n\n\n\n\n\n\n\n\n\n\n\n\n\n\n\n\n\n\n\n\n\n\n\n\n\n\n\n\n\n\n\n\n\n\n\n\n\n\n\n\n\n\n\n\n\n\n\n\n\n\n\n\n\n\n\n\n\n\n\n\n\n\n\n\n\n\n\n\n\n\n\n\n\n\n\n\n\n\n\n\n\n\n\n\n\n\n\n\n\n\n\n\n\n\n\n\n\n\n\n\n\n\n\n\n\n\n\n\n\n\n\n",
                    "land_record_category_type": "Земли населенных пунктов",
                    "land_record_reg_date": "2023-07-31",
                    "land_record_subtype": "Землепользование",
                    "land_record_type": "Земельный участок",
                    "ownership_type": "Частная",
                    "permitted_use_established_by_document": "для ведения личного подсобного хозяйства",
                    "quarter_cad_number": "24:11:0330102",
                    "readable_address": "Российская Федерация, Красноярский край, муниципальный район Емельяновский, сельское поселение Шуваевский сельсовет, село Шуваево, улица Северная, земельный участок 2/6",
                    "specified_area": 1300,
                    "status": "Учтенный"
                },
                "subcategory": 5,
                "systemInfo": {
                    "inserted": "2024-12-07T17:20:38.408055",
                    "insertedBy": "7EF5CD0B-AC08-4097-AF2B-07CD85992A79",
                    "updated": "2026-02-05T22:17:41.433742",
                    "updatedBy": "7EF5CD0B-AC08-4097-AF2B-07CD85992A79"
                }
            }
        },
        {
            "id": 417107866,
            "type": "Feature",
            "geometry": {
                "type": "Polygon",
                "coordinates": [
                    [
                        [
                            10341773.031642789,
                            7598220.860873073
                        ],
                        [
                            10341755.994686088,
                            7598258.073927202
                        ],
                        [
                            10341748.24061909,
                            7598275.100082888
                        ],
                        [
                            10341670.814753152,
                            7598289.581675642
                        ],
                        [
                            10341670.902266223,
                            7598228.801167637
                        ],
                        [
                            10341669.177547086,
                            7598218.446963492
                        ],
                        [
                            10341670.077029213,
                            7598216.525291697
                        ],
                        [
                            10341687.023553254,
                            7598180.067305951
                        ],
                        [
                            10341773.031642789,
                            7598220.860873073
                        ]
                    ]
                ],
                "crs": {
                    "type": "name",
                    "properties": {
                        "name": "EPSG:3857"
                    }
                }
            },
            "properties": {
                "cadastralDistrictsCode": 24,
                "category": 36368,
                "categoryName": "Земельные участки ЕГРН",
                "descr": "24:11:0330102:793",
                "externalKey": "24:11:0330102:793",
                "interactionId": 399582251,
                "label": "24:11:0330102:793",
                "options": {
                    "area": null,
                    "cad_num": "24:11:0330102:793",
                    "cost_application_date": "2023-08-14",
                    "cost_approvement_date": "",
                    "cost_determination_date": "2022-01-01",
                    "cost_index": 245.35,
                    "cost_registration_date": "2023-08-30",
                    "cost_value": 576572.5,
                    "declared_area": null,
                    "determination_couse": "Акт бюджетного учреждения, созданного субъектом Российской Федерации, об определении кадастровой стоимости в соответствии со статьей 16 Закона 237-ФЗ\n\n\n\n\n\n\n\n\n\n\n\n\n\n\n\n\n\n\n\n\n\n\n\n\n\n\n\n\n\n\n\n\n\n\n\n\n\n\n\n\n\n\n\n\n\n\n\n\n\n\n\n\n\n\n\n\n\n\n\n\n\n\n\n\n\n\n\n\n\n\n\n\n\n\n\n\n\n\n\n\n\n\n\n\n\n\n\n\n\n\n\n\n\n\n\n\n\n\n\n\n\n\n\n\n\n\n\n\n\n\n\n\n\n\n\n\n\n\n\n\n\n\n\n\n\n\n\n\n\n\n\n\n\n\n\n\n\n\n\n\n\n\n\n\n\n\n\n\n\n\n\n\n\n\n\n\n\n\n\n",
                    "land_record_category_type": "Земли населенных пунктов",
                    "land_record_reg_date": "2023-08-14",
                    "land_record_subtype": "Землепользование",
                    "land_record_type": "Земельный участок",
                    "ownership_type": "Частная",
                    "permitted_use_established_by_document": "для ведения личного подсобного хозяйства (приусадебный земельный участок) (код 2.2)",
                    "quarter_cad_number": "24:11:0330102",
                    "readable_address": "Российская Федерация, Красноярский край, муниципальный район Емельяновский, сельское поселение Шуваевский сельсовет, село Шуваево, улица Степная, земельный участок 2И",
                    "specified_area": 2350,
                    "status": "Учтенный"
                },
                "subcategory": 5,
                "systemInfo": {
                    "inserted": "2024-12-07T17:27:09.244226",
                    "insertedBy": "7EF5CD0B-AC08-4097-AF2B-07CD85992A79",
                    "updated": "2026-02-08T15:39:17.001961",
                    "updatedBy": "7EF5CD0B-AC08-4097-AF2B-07CD85992A79"
                }
            }
        },
        {
            "id": 417112383,
            "type": "Feature",
            "geometry": {
                "type": "Polygon",
                "coordinates": [
                    [
                        [
                            10341542.76297597,
                            7597981.525449591
                        ],
                        [
                            10341124.354697168,
                            7598239.996581013
                        ],
                        [
                            10341032.179889327,
                            7598034.693312729
                        ],
                        [
                            10341115.576287737,
                            7597996.541654534
                        ],
                        [
                            10341153.814085675,
                            7597982.671954516
                        ],
                        [
                            10341202.495028064,
                            7597940.998578139
                        ],
                        [
                            10341280.766656756,
                            7597850.632359264
                        ],
                        [
                            10341336.386292443,
                            7597808.951257021
                        ],
                        [
                            10341360.745058818,
                            7597781.150850229
                        ],
                        [
                            10341397.195653317,
                            7597786.416441272
                        ],
                        [
                            10341435.344867434,
                            7597819.539028732
                        ],
                        [
                            10341473.44853388,
                            7597883.96679645
                        ],
                        [
                            10341509.81834239,
                            7597944.923950934
                        ],
                        [
                            10341542.76297597,
                            7597981.525449591
                        ]
                    ]
                ],
                "crs": {
                    "type": "name",
                    "properties": {
                        "name": "EPSG:3857"
                    }
                }
            },
            "properties": {
                "cadastralDistrictsCode": 24,
                "category": 36368,
                "categoryName": "Земельные участки ЕГРН",
                "descr": "24:11:0330102:812",
                "externalKey": "24:11:0330102:812",
                "interactionId": 399586768,
                "label": "24:11:0330102:812",
                "options": {
                    "area": null,
                    "cad_num": "24:11:0330102:812",
                    "cost_application_date": "2023-10-11",
                    "cost_approvement_date": "",
                    "cost_determination_date": "2022-01-01",
                    "cost_index": 6.06,
                    "cost_registration_date": "2023-10-26",
                    "cost_value": 202967.58,
                    "declared_area": null,
                    "determination_couse": "Акт бюджетного учреждения, созданного субъектом Российской Федерации, об определении кадастровой стоимости в соответствии со статьей 16 Закона 237-ФЗ\n\n\n",
                    "land_record_category_type": "Земли сельскохозяйственного назначения",
                    "land_record_reg_date": "2023-10-11",
                    "land_record_subtype": "Землепользование",
                    "land_record_type": "Земельный участок",
                    "ownership_type": "Частная",
                    "permitted_use_established_by_document": "Для сельскохозяйственного производства",
                    "quarter_cad_number": "24:11:0330102",
                    "readable_address": "Российская Федерация, Красноярский край, Емельяновский район, Местоположение установлено относительно ориентира, расположенного за пределами участка.Ориентир с. Шуваево.Участок находится примерно в 1 км метрах, по направлению на север от ориентира. Почтовый адрес ориентира: Красноярский край, р-н Емельяновский",
                    "specified_area": 33493,
                    "status": "Учтенный"
                },
                "subcategory": 8,
                "systemInfo": {
                    "inserted": "2024-12-07T17:27:47.099083",
                    "insertedBy": "7EF5CD0B-AC08-4097-AF2B-07CD85992A79",
                    "updated": "2026-02-01T19:11:45.586438",
                    "updatedBy": "7EF5CD0B-AC08-4097-AF2B-07CD85992A79"
                }
            }
        },
        {
            "id": 417115171,
            "type": "Feature",
            "geometry": {
                "type": "Polygon",
                "coordinates": [
                    [
                        [
                            10341342.487281417,
                            7598725.8826908255
                        ],
                        [
                            10341222.200823076,
                            7598457.947219619
                        ],
                        [
                            10341662.028596701,
                            7598176.364970358
                        ],
                        [
                            10341670.902266223,
                            7598228.801167637
                        ],
                        [
                            10341670.661743527,
                            7598395.849869121
                        ],
                        [
                            10341684.448511751,
                            7598474.174714631
                        ],
                        [
                            10341616.630811116,
                            7598540.196863075
                        ],
                        [
                            10341587.074448783,
                            7598564.506578758
                        ],
                        [
                            10341503.651194347,
                            7598606.152825656
                        ],
                        [
                            10341449.771497887,
                            7598632.169830558
                        ],
                        [
                            10341416.724526022,
                            7598675.6329812845
                        ],
                        [
                            10341342.487281417,
                            7598725.8826908255
                        ]
                    ]
                ],
                "crs": {
                    "type": "name",
                    "properties": {
                        "name": "EPSG:3857"
                    }
                }
            },
            "properties": {
                "cadastralDistrictsCode": 24,
                "category": 36368,
                "categoryName": "Земельные участки ЕГРН",
                "descr": "24:11:0330102:810",
                "externalKey": "24:11:0330102:810",
                "interactionId": 399589556,
                "label": "24:11:0330102:810",
                "options": {
                    "area": null,
                    "cad_num": "24:11:0330102:810",
                    "cost_application_date": "2023-10-11",
                    "cost_approvement_date": "",
                    "cost_determination_date": "2022-01-01",
                    "cost_index": 6.06,
                    "cost_registration_date": "2023-10-26",
                    "cost_value": 245393.64,
                    "declared_area": null,
                    "determination_couse": "Акт бюджетного учреждения, созданного субъектом Российской Федерации, об определении кадастровой стоимости в соответствии со статьей 16 Закона 237-ФЗ\n\n\n",
                    "land_record_category_type": "Земли сельскохозяйственного назначения",
                    "land_record_reg_date": "2023-10-11",
                    "land_record_subtype": "Землепользование",
                    "land_record_type": "Земельный участок",
                    "ownership_type": "Частная",
                    "permitted_use_established_by_document": "Для сельскохозяйственного производства",
                    "quarter_cad_number": "24:11:0330102",
                    "readable_address": "Российская Федерация, Красноярский край, Емельяновский район, Местоположение установлено относительно ориентира, расположенного за пределами участка.Ориентир с. Шуваево.Участок находится примерно в 1 км метрах, по направлению на север от ориентира. Почтовый адрес ориентира: Красноярский край, р-н Емельяновский",
                    "specified_area": 40494,
                    "status": "Учтенный"
                },
                "subcategory": 8,
                "systemInfo": {
                    "inserted": "2024-12-07T17:28:10.793951",
                    "insertedBy": "7EF5CD0B-AC08-4097-AF2B-07CD85992A79",
                    "updated": "2026-02-08T15:56:48.99815",
                    "updatedBy": "7EF5CD0B-AC08-4097-AF2B-07CD85992A79"
                }
            }
        },
        {
            "id": 417129784,
            "type": "Feature",
            "geometry": {
                "type": "Polygon",
                "coordinates": [
                    [
                        [
                            10341222.200823076,
                            7598457.947219619
                        ],
                        [
                            10341124.354697168,
                            7598239.996581013
                        ],
                        [
                            10341542.76297597,
                            7597981.525449591
                        ],
                        [
                            10341579.17926841,
                            7598011.159202968
                        ],
                        [
                            10341622.52148223,
                            7598063.410878057
                        ],
                        [
                            10341658.845657678,
                            7598157.436282598
                        ],
                        [
                            10341662.028596701,
                            7598176.364970358
                        ],
                        [
                            10341222.200823076,
                            7598457.947219619
                        ]
                    ]
                ],
                "crs": {
                    "type": "name",
                    "properties": {
                        "name": "EPSG:3857"
                    }
                }
            },
            "properties": {
                "cadastralDistrictsCode": 24,
                "category": 36368,
                "categoryName": "Земельные участки ЕГРН",
                "descr": "24:11:0330102:811",
                "externalKey": "24:11:0330102:811",
                "interactionId": 399604169,
                "label": "24:11:0330102:811",
                "options": {
                    "area": null,
                    "cad_num": "24:11:0330102:811",
                    "cost_application_date": "2023-10-11",
                    "cost_approvement_date": "",
                    "cost_determination_date": "2022-01-01",
                    "cost_index": 6.06,
                    "cost_registration_date": "2023-10-26",
                    "cost_value": 228019.62,
                    "declared_area": null,
                    "determination_couse": "Акт бюджетного учреждения, созданного субъектом Российской Федерации, об определении кадастровой стоимости в соответствии со статьей 16 Закона 237-ФЗ\n\n\n",
                    "land_record_category_type": "Земли сельскохозяйственного назначения",
                    "land_record_reg_date": "2023-10-11",
                    "land_record_subtype": "Землепользование",
                    "land_record_type": "Земельный участок",
                    "ownership_type": "Частная",
                    "permitted_use_established_by_document": "Для сельскохозяйственного производства",
                    "quarter_cad_number": "24:11:0330102",
                    "readable_address": "Российская Федерация, Красноярский край, Емельяновский район, Местоположение установлено относительно ориентира, расположенного за пределами участка.Ориентир с. Шуваево.Участок находится примерно в 1 км метрах, по направлению на север от ориентира. Почтовый адрес ориентира: Красноярский край, р-н Емельяновский",
                    "specified_area": 37627,
                    "status": "Учтенный"
                },
                "subcategory": 8,
                "systemInfo": {
                    "inserted": "2024-12-07T17:30:16.000262",
                    "insertedBy": "7EF5CD0B-AC08-4097-AF2B-07CD85992A79",
                    "updated": "2026-02-01T19:10:48.240521",
                    "updatedBy": "7EF5CD0B-AC08-4097-AF2B-07CD85992A79"
                }
            }
        },
        {
            "id": 418501912,
            "type": "Feature",
            "geometry": {
                "type": "Polygon",
                "coordinates": [
                    [
                        [
                            10342066.391018162,
                            7598344.328789776
                        ],
                        [
                            10341973.453352265,
                            7598344.755784146
                        ],
                        [
                            10341972.615877653,
                            7598328.058635832
                        ],
                        [
                            10342097.047861874,
                            7598300.681663078
                        ],
                        [
                            10342066.391018162,
                            7598344.328789776
                        ]
                    ]
                ],
                "crs": {
                    "type": "name",
                    "properties": {
                        "name": "EPSG:3857"
                    }
                }
            },
            "properties": {
                "cadastralDistrictsCode": 24,
                "category": 36368,
                "categoryName": "Земельные участки ЕГРН",
                "descr": "24:11:0330102:855",
                "externalKey": "24:11:0330102:855",
                "interactionId": 400976297,
                "label": "24:11:0330102:855",
                "options": {
                    "area": null,
                    "cad_num": "24:11:0330102:855",
                    "cost_application_date": "2024-11-01",
                    "cost_approvement_date": "",
                    "cost_determination_date": "2022-01-01",
                    "cost_index": 262.41,
                    "cost_registration_date": "2024-11-19",
                    "cost_value": 250076.73,
                    "declared_area": null,
                    "determination_couse": "Акт бюджетного учреждения, созданного субъектом Российской Федерации, об определении кадастровой стоимости в соответствии со статьей 16 Закона 237-ФЗ\n\n\n\n\n\n\n\n\n\n\n\n\n\n\n\n\n\n\n\n\n\n\n\n\n\n\n\n\n\n\n\n\n\n\n\n\n\n\n\n\n\n\n\n\n\n\n\n\n\n\n\n\n\n\n\n\n\n\n\n\n\n\n\n\n\n\n\n\n\n\n\n\n\n\n\n\n",
                    "land_record_category_type": "Земли населенных пунктов",
                    "land_record_reg_date": "2024-11-01",
                    "land_record_subtype": "Землепользование",
                    "land_record_type": "Земельный участок",
                    "ownership_type": "Частная",
                    "permitted_use_established_by_document": "Для ведения личного подсобного хозяйства (приусадебный земельный участок) (2.2)",
                    "quarter_cad_number": "24:11:0330102",
                    "readable_address": "Российская Федерация, Красноярский край, Емельяновский р-н, с. Шуваево",
                    "specified_area": 953,
                    "status": "Учтенный"
                },
                "subcategory": 5,
                "systemInfo": {
                    "inserted": "2024-12-08T02:41:53.956749",
                    "insertedBy": "7EF5CD0B-AC08-4097-AF2B-07CD85992A79",
                    "updated": "2026-02-08T15:56:49.579351",
                    "updatedBy": "7EF5CD0B-AC08-4097-AF2B-07CD85992A79"
                }
            }
        },
        {
            "id": 418502008,
            "type": "Feature",
            "geometry": {
                "type": "Polygon",
                "coordinates": [
                    [
                        [
                            10342043.514938422,
                            7598376.916109545
                        ],
                        [
                            10341975.073828937,
                            7598378.635358321
                        ],
                        [
                            10341973.453352265,
                            7598344.755784146
                        ],
                        [
                            10342066.391018162,
                            7598344.328789776
                        ],
                        [
                            10342043.514938422,
                            7598376.916109545
                        ]
                    ]
                ],
                "crs": {
                    "type": "name",
                    "properties": {
                        "name": "EPSG:3857"
                    }
                }
            },
            "properties": {
                "cadastralDistrictsCode": 24,
                "category": 36368,
                "categoryName": "Земельные участки ЕГРН",
                "descr": "24:11:0330102:854",
                "externalKey": "24:11:0330102:854",
                "interactionId": 400976393,
                "label": "24:11:0330102:854",
                "options": {
                    "area": null,
                    "cad_num": "24:11:0330102:854",
                    "cost_application_date": "2024-11-01",
                    "cost_approvement_date": "",
                    "cost_determination_date": "2022-01-01",
                    "cost_index": 262.41,
                    "cost_registration_date": "2024-11-19",
                    "cost_value": 217275.48,
                    "declared_area": null,
                    "determination_couse": "Акт бюджетного учреждения, созданного субъектом Российской Федерации, об определении кадастровой стоимости в соответствии со статьей 16 Закона 237-ФЗ\n\n\n\n\n\n\n\n\n\n\n\n\n\n\n\n\n\n\n\n\n\n\n\n\n\n\n\n\n\n\n\n\n\n\n\n\n\n\n\n\n\n\n\n\n\n\n\n\n\n\n\n\n\n\n\n\n\n\n\n\n\n\n\n\n\n\n\n\n\n\n\n\n\n\n\n\n",
                    "land_record_category_type": "Земли населенных пунктов",
                    "land_record_reg_date": "2024-11-01",
                    "land_record_subtype": "Землепользование",
                    "land_record_type": "Земельный участок",
                    "ownership_type": "Частная",
                    "permitted_use_established_by_document": "Для ведения личного подсобного хозяйства (приусадебный земельный участок) (2.2)",
                    "quarter_cad_number": "24:11:0330102",
                    "readable_address": "Российская Федерация, Красноярский край, Емельяновский р-н, с. Шуваево",
                    "specified_area": 828,
                    "status": "Учтенный"
                },
                "subcategory": 5,
                "systemInfo": {
                    "inserted": "2024-12-08T02:41:56.171291",
                    "insertedBy": "7EF5CD0B-AC08-4097-AF2B-07CD85992A79",
                    "updated": "2026-02-04T10:51:41.929939",
                    "updatedBy": "7EF5CD0B-AC08-4097-AF2B-07CD85992A79"
                }
            }
        },
        {
            "id": 418535755,
            "type": "Feature",
            "geometry": {
                "type": "Polygon",
                "coordinates": [
                    [
                        [
                            10341638.946814287,
                            7597853.7658568965
                        ],
                        [
                            10341669.744226143,
                            7597787.552177862
                        ],
                        [
                            10341748.810299806,
                            7597826.46494366
                        ],
                        [
                            10341717.708156312,
                            7597892.948399298
                        ],
                        [
                            10341638.946814287,
                            7597853.7658568965
                        ]
                    ]
                ],
                "crs": {
                    "type": "name",
                    "properties": {
                        "name": "EPSG:3857"
                    }
                }
            },
            "properties": {
                "cadastralDistrictsCode": 24,
                "category": 36368,
                "categoryName": "Земельные участки ЕГРН",
                "descr": "24:11:0330102:730",
                "externalKey": "24:11:0330102:730",
                "interactionId": 401010140,
                "label": "24:11:0330102:730",
                "options": {
                    "area": null,
                    "cad_num": "24:11:0330102:730",
                    "cost_application_date": "2023-01-01",
                    "cost_approvement_date": "",
                    "cost_determination_date": "2022-01-01",
                    "cost_index": 251.39,
                    "cost_registration_date": "2023-03-27",
                    "cost_value": 502780,
                    "declared_area": null,
                    "determination_couse": "Акт бюджетного учреждения, созданного субъектом Российской Федерации, об определении кадастровой стоимости в соответствии со статьей 16 Закона 237-ФЗ\n\n\n\n\n\n\n\n\n\n\n\n\n\n\n\n\n\n\n\n\n\n\n\n\n\n\n\n\n\n\n\n\n\n\n\n\n\n\n\n\n\n\n\n\n\n\n\n\n\n\n\n\n\n\n",
                    "land_record_category_type": "Земли населенных пунктов",
                    "land_record_reg_date": "2022-06-01",
                    "land_record_subtype": "Землепользование",
                    "land_record_type": "Земельный участок",
                    "ownership_type": "Частная",
                    "permitted_use_established_by_document": "для ведения личного подсобного хозяйства (2.2)",
                    "quarter_cad_number": "24:11:0330102",
                    "readable_address": "Россия, Красноярский край, Емельяновский район, с. Шуваево, западнее земельного участка с кадастровым номером 24:11:0330102:716",
                    "specified_area": 2000,
                    "status": "Учтенный"
                },
                "subcategory": 5,
                "systemInfo": {
                    "inserted": "2024-12-08T03:16:25.309255",
                    "insertedBy": "7EF5CD0B-AC08-4097-AF2B-07CD85992A79",
                    "updated": "2026-02-08T21:57:24.550286",
                    "updatedBy": "7EF5CD0B-AC08-4097-AF2B-07CD85992A79"
                }
            }
        },
        {
            "id": 418544635,
            "type": "Feature",
            "geometry": {
                "type": "Polygon",
                "coordinates": [
                    [
                        [
                            10342020.235173667,
                            7598197.2547444785
                        ],
                        [
                            10342119.103729282,
                            7598238.350059522
                        ],
                        [
                            10342105.873881292,
                            7598273.1250858195
                        ],
                        [
                            10342004.52951461,
                            7598232.38537869
                        ],
                        [
                            10342020.235173667,
                            7598197.2547444785
                        ]
                    ]
                ],
                "crs": {
                    "type": "name",
                    "properties": {
                        "name": "EPSG:3857"
                    }
                }
            },
            "properties": {
                "cadastralDistrictsCode": 24,
                "category": 36368,
                "categoryName": "Земельные участки ЕГРН",
                "descr": "24:11:0330102:689",
                "externalKey": "24:11:0330102:689",
                "interactionId": 401019020,
                "label": "24:11:0330102:689",
                "options": {
                    "area": null,
                    "cad_num": "24:11:0330102:689",
                    "cost_application_date": "2023-01-01",
                    "cost_approvement_date": "",
                    "cost_determination_date": "2022-01-01",
                    "cost_index": 262.41,
                    "cost_registration_date": "2022-12-16",
                    "cost_value": 332998.29,
                    "declared_area": null,
                    "determination_couse": "Акт об утверждении результатов определения кадастровой стоимости, полученных в соответствии с положениями Закона 237-ФЗ\n\n",
                    "land_record_category_type": "Земли населенных пунктов",
                    "land_record_reg_date": "2020-05-29",
                    "land_record_subtype": "Землепользование",
                    "land_record_type": "Земельный участок",
                    "ownership_type": "Частная",
                    "permitted_use_established_by_document": "Для ведения личного подсобного хозяйства",
                    "quarter_cad_number": "24:11:0330102",
                    "readable_address": "Красноярский край, муниципальный район Емельяновский , сельское поселение Шуваевский сельсовет, село Шуваево, улица Березовая, земельный участок 1А ",
                    "specified_area": 1269,
                    "status": "Учтенный"
                },
                "subcategory": 5,
                "systemInfo": {
                    "inserted": "2024-12-08T03:20:28.500163",
                    "insertedBy": "7EF5CD0B-AC08-4097-AF2B-07CD85992A79",
                    "updated": "2026-02-08T21:57:23.409368",
                    "updatedBy": "7EF5CD0B-AC08-4097-AF2B-07CD85992A79"
                }
            }
        },
        {
            "id": 418580690,
            "type": "Feature",
            "geometry": {
                "type": "Polygon",
                "coordinates": [
                    [
                        [
                            10342900.457539981,
                            7598848.516885583
                        ],
                        [
                            10342929.65837342,
                            7598791.202186502
                        ],
                        [
                            10342998.073025914,
                            7598827.23571568
                        ],
                        [
                            10342970.365327325,
                            7598881.335636475
                        ],
                        [
                            10342900.457539981,
                            7598848.516885583
                        ]
                    ]
                ],
                "crs": {
                    "type": "name",
                    "properties": {
                        "name": "EPSG:3857"
                    }
                }
            },
            "properties": {
                "cadastralDistrictsCode": 24,
                "category": 36368,
                "categoryName": "Земельные участки ЕГРН",
                "descr": "24:11:0330103:362",
                "externalKey": "24:11:0330103:362",
                "interactionId": 401055075,
                "label": "24:11:0330103:362",
                "options": {
                    "area": null,
                    "cad_num": "24:11:0330103:362",
                    "cost_application_date": "2024-10-29",
                    "cost_approvement_date": "",
                    "cost_determination_date": "2022-01-01",
                    "cost_index": 53.26,
                    "cost_registration_date": "2024-11-13",
                    "cost_value": 79890,
                    "declared_area": null,
                    "determination_couse": "Акт бюджетного учреждения, созданного субъектом Российской Федерации, об определении кадастровой стоимости в соответствии со статьей 16 Закона 237-ФЗ\n\n\n\n\n\n\n\n\n\n\n\n\n\n\n\n\n\n\n\n\n\n\n\n\n\n\n\n\n\n\n\n\n\n\n\n\n\n\n\n\n\n\n\n\n\n\n\n\n\n\n\n\n\n\n\n\n\n\n\n\n\n\n\n\n\n\n\n\n\n\n\n\n\n",
                    "land_record_category_type": "Земли населенных пунктов",
                    "land_record_reg_date": "2024-10-29",
                    "land_record_subtype": "Землепользование",
                    "land_record_type": "Земельный участок",
                    "ownership_type": null,
                    "permitted_use_established_by_document": "ведение огородничества (код 13.1)",
                    "quarter_cad_number": "24:11:0330103",
                    "readable_address": "Российская Федерация, Красноярский край, Емельяновский район, с.Шуваево",
                    "specified_area": 1500,
                    "status": "Учтенный"
                },
                "subcategory": 5,
                "systemInfo": {
                    "inserted": "2024-12-08T03:30:54.485578",
                    "insertedBy": "7EF5CD0B-AC08-4097-AF2B-07CD85992A79",
                    "updated": "2026-02-08T21:59:50.991139",
                    "updatedBy": "7EF5CD0B-AC08-4097-AF2B-07CD85992A79"
                }
            }
        },
        {
            "id": 418591896,
            "type": "Feature",
            "geometry": {
                "type": "Polygon",
                "coordinates": [
                    [
                        [
                            10342860.815629689,
                            7598935.258760735
                        ],
                        [
                            10342889.909312095,
                            7598878.069243444
                        ],
                        [
                            10342957.93265985,
                            7598911.982180611
                        ],
                        [
                            10342927.692160582,
                            7598968.613560246
                        ],
                        [
                            10342860.815629689,
                            7598935.258760735
                        ]
                    ]
                ],
                "crs": {
                    "type": "name",
                    "properties": {
                        "name": "EPSG:3857"
                    }
                }
            },
            "properties": {
                "cadastralDistrictsCode": 24,
                "category": 36368,
                "categoryName": "Земельные участки ЕГРН",
                "descr": "24:11:0330103:363",
                "externalKey": "24:11:0330103:363",
                "interactionId": 401066281,
                "label": "24:11:0330103:363",
                "options": {
                    "area": null,
                    "cad_num": "24:11:0330103:363",
                    "cost_application_date": "2024-10-30",
                    "cost_approvement_date": "",
                    "cost_determination_date": "2022-01-01",
                    "cost_index": 53.26,
                    "cost_registration_date": "2024-11-14",
                    "cost_value": 79890,
                    "declared_area": null,
                    "determination_couse": "Акт бюджетного учреждения, созданного субъектом Российской Федерации, об определении кадастровой стоимости в соответствии со статьей 16 Закона 237-ФЗ\n\n\n\n\n\n\n\n\n\n\n\n\n\n\n\n\n\n\n\n\n\n\n\n\n\n\n\n\n\n\n\n\n\n\n\n\n\n\n\n\n\n\n\n\n\n\n\n\n\n\n\n\n\n\n\n\n\n\n\n\n\n\n\n\n\n\n\n\n\n\n\n\n\n\n",
                    "land_record_category_type": "Земли населенных пунктов",
                    "land_record_reg_date": "2024-10-30",
                    "land_record_subtype": "Землепользование",
                    "land_record_type": "Земельный участок",
                    "ownership_type": null,
                    "permitted_use_established_by_document": "ведение огородничества (код 13.1)",
                    "quarter_cad_number": "24:11:0330103",
                    "readable_address": "Российская Федерация, Красноярский край, Емельяновский район, с.Шуваево",
                    "specified_area": 1500,
                    "status": "Учтенный"
                },
                "subcategory": 5,
                "systemInfo": {
                    "inserted": "2024-12-08T03:33:00.553622",
                    "insertedBy": "7EF5CD0B-AC08-4097-AF2B-07CD85992A79",
                    "updated": "2026-02-08T22:02:00.17717",
                    "updatedBy": "7EF5CD0B-AC08-4097-AF2B-07CD85992A79"
                }
            }
        },
        {
            "id": 418733115,
            "type": "Feature",
            "geometry": {
                "type": "Polygon",
                "coordinates": [
                    [
                        [
                            10343344.55536364,
                            7598665.714707396
                        ],
                        [
                            10343368.248821925,
                            7598620.8659366695
                        ],
                        [
                            10343452.944313167,
                            7598661.0123046795
                        ],
                        [
                            10343430.77392798,
                            7598707.355168367
                        ],
                        [
                            10343344.55536364,
                            7598665.714707396
                        ]
                    ]
                ],
                "crs": {
                    "type": "name",
                    "properties": {
                        "name": "EPSG:3857"
                    }
                }
            },
            "properties": {
                "cadastralDistrictsCode": 24,
                "category": 36368,
                "categoryName": "Земельные участки ЕГРН",
                "descr": "24:11:0330103:366",
                "externalKey": "24:11:0330103:366",
                "interactionId": 401207500,
                "label": "24:11:0330103:366",
                "options": {
                    "area": null,
                    "cad_num": "24:11:0330103:366",
                    "cost_application_date": "2024-11-13",
                    "cost_approvement_date": "",
                    "cost_determination_date": "2022-01-01",
                    "cost_index": 47.76,
                    "cost_registration_date": "2024-11-29",
                    "cost_value": 71640,
                    "declared_area": null,
                    "determination_couse": "Акт бюджетного учреждения, созданного субъектом Российской Федерации, об определении кадастровой стоимости в соответствии со статьей 16 Закона 237-ФЗ\n\n\n\n\n\n\n\n\n\n\n\n\n\n\n\n\n\n\n\n\n\n\n\n\n\n\n\n\n\n\n\n\n\n\n\n\n\n\n\n\n\n\n\n\n\n\n\n\n\n\n\n\n\n\n\n\n\n\n\n\n\n\n\n\n\n\n\n\n\n\n\n\n\n\n\n\n\n\n\n\n\n\n\n\n",
                    "land_record_category_type": "Земли населенных пунктов",
                    "land_record_reg_date": "2024-11-13",
                    "land_record_subtype": "Землепользование",
                    "land_record_type": "Земельный участок",
                    "ownership_type": null,
                    "permitted_use_established_by_document": "ведение огородничества (код 13.1)",
                    "quarter_cad_number": "24:11:0330103",
                    "readable_address": "Российская Федерация, Красноярский край, Емельяновский р-н, с.Шуваево ",
                    "specified_area": 1500,
                    "status": "Учтенный"
                },
                "subcategory": 5,
                "systemInfo": {
                    "inserted": "2024-12-08T03:48:41.980054",
                    "insertedBy": "7EF5CD0B-AC08-4097-AF2B-07CD85992A79",
                    "updated": "2026-02-08T21:59:35.159444",
                    "updatedBy": "7EF5CD0B-AC08-4097-AF2B-07CD85992A79"
                }
            }
        },
        {
            "id": 418763177,
            "type": "Feature",
            "geometry": {
                "type": "Polygon",
                "coordinates": [
                    [
                        [
                            10341477.962926518,
                            7597679.161471811
                        ],
                        [
                            10341529.300844528,
                            7597571.4867320135
                        ],
                        [
                            10341578.11718835,
                            7597593.930990417
                        ],
                        [
                            10341527.245565036,
                            7597701.948492367
                        ],
                        [
                            10341477.962926518,
                            7597679.161471811
                        ]
                    ]
                ],
                "crs": {
                    "type": "name",
                    "properties": {
                        "name": "EPSG:3857"
                    }
                }
            },
            "properties": {
                "cadastralDistrictsCode": 24,
                "category": 36368,
                "categoryName": "Земельные участки ЕГРН",
                "descr": "24:11:0330102:856",
                "externalKey": "24:11:0330102:856",
                "interactionId": 401237562,
                "label": "24:11:0330102:856",
                "options": {
                    "area": null,
                    "cad_num": "24:11:0330102:856",
                    "cost_application_date": "2024-11-12",
                    "cost_approvement_date": "",
                    "cost_determination_date": "2022-01-01",
                    "cost_index": 251.39,
                    "cost_registration_date": "2024-11-28",
                    "cost_value": 502780,
                    "declared_area": null,
                    "determination_couse": "Акт бюджетного учреждения, созданного субъектом Российской Федерации, об определении кадастровой стоимости в соответствии со статьей 16 Закона 237-ФЗ\n\n\n\n\n\n\n\n\n\n\n\n\n\n\n\n\n\n\n\n\n\n\n\n\n\n\n\n\n\n\n\n\n\n\n\n\n\n\n\n\n\n\n\n\n\n\n\n\n\n\n\n\n\n\n\n\n\n\n\n\n\n\n\n\n\n\n\n\n\n\n\n\n\n\n\n\n\n\n\n\n\n\n\n\n",
                    "land_record_category_type": "Земли населенных пунктов",
                    "land_record_reg_date": "2024-11-12",
                    "land_record_subtype": "Землепользование",
                    "land_record_type": "Земельный участок",
                    "ownership_type": null,
                    "permitted_use_established_by_document": "для ведения личного подсобного хозяйства (приусадебный земельныйучасток)",
                    "quarter_cad_number": "24:11:0330102",
                    "readable_address": "Российская Федерация, Красноярский край, Емельяновский район, с. Шуваево",
                    "specified_area": 2000,
                    "status": "Учтенный"
                },
                "subcategory": 5,
                "systemInfo": {
                    "inserted": "2024-12-08T03:52:26.292171",
                    "insertedBy": "7EF5CD0B-AC08-4097-AF2B-07CD85992A79",
                    "updated": "2026-02-04T16:51:28.618646",
                    "updatedBy": "7EF5CD0B-AC08-4097-AF2B-07CD85992A79"
                }
            }
        },
        {
            "id": 542538734,
            "type": "Feature",
            "geometry": {
                "type": "Polygon",
                "coordinates": [
                    [
                        [
                            10341754.339409268,
                            7598261.791715517
                        ],
                        [
                            10341815.074587658,
                            7598129.0501347175
                        ],
                        [
                            10341889.164895853,
                            7598163.930431855
                        ],
                        [
                            10341834.482290206,
                            7598278.63806749
                        ],
                        [
                            10341779.215450661,
                            7598261.072554723
                        ],
                        [
                            10341754.339409268,
                            7598261.791715517
                        ]
                    ]
                ],
                "crs": {
                    "type": "name",
                    "properties": {
                        "name": "EPSG:3857"
                    }
                }
            },
            "properties": {
                "cadastralDistrictsCode": 24,
                "category": 36368,
                "categoryName": "Земельные участки ЕГРН",
                "descr": "24:11:0130101:709",
                "externalKey": "24:11:0130101:709",
                "interactionId": 525005627,
                "label": "24:11:0130101:709",
                "options": {
                    "area": null,
                    "cad_num": "24:11:0130101:709",
                    "cost_application_date": "2023-01-01",
                    "cost_approvement_date": "",
                    "cost_determination_date": "2022-01-01",
                    "cost_index": 232.5,
                    "cost_registration_date": "2022-12-30",
                    "cost_value": 778642.5,
                    "declared_area": null,
                    "determination_couse": "Акт об утверждении результатов определения кадастровой стоимости, полученных в соответствии с положениями Закона 237-ФЗ\n\n\n\n\n\n",
                    "land_record_category_type": "Земли населенных пунктов",
                    "land_record_reg_date": "1993-01-25",
                    "land_record_subtype": "Землепользование",
                    "land_record_type": "Земельный участок",
                    "ownership_type": "Частная",
                    "permitted_use_established_by_document": "для ведения личного подсобного хозяйства",
                    "quarter_cad_number": "24:11:0330102",
                    "readable_address": "Местоположение установлено относительно ориентира, расположенного за пределами участка. Почтовый адрес ориентира: Красноярский край, Емельяновский район, с. Шуваево, ул. Лесная, 2.",
                    "specified_area": 3349,
                    "status": "Ранее учтенный"
                },
                "subcategory": 5,
                "systemInfo": {
                    "inserted": "2024-12-27T19:27:32.544787",
                    "insertedBy": "7EF5CD0B-AC08-4097-AF2B-07CD85992A79",
                    "updated": "2026-03-19T00:38:47.674817",
                    "updatedBy": "22F23413-4218-4EB5-B8D3-D2646E3C2FAE"
                }
            }
        },
        {
            "id": 662679089,
            "type": "Feature",
            "geometry": {
                "type": "Polygon",
                "coordinates": [
                    [
                        [
                            10342824.0477866,
                            7598823.327785438
                        ],
                        [
                            10342869.86766179,
                            7598841.8633817965
                        ],
                        [
                            10342833.466021521,
                            7598919.209157658
                        ],
                        [
                            10342779.69703953,
                            7598889.249787118
                        ],
                        [
                            10342824.0477866,
                            7598823.327785438
                        ]
                    ]
                ],
                "crs": {
                    "type": "name",
                    "properties": {
                        "name": "EPSG:3857"
                    }
                }
            },
            "properties": {
                "cadastralDistrictsCode": 24,
                "category": 36368,
                "categoryName": "Земельные участки ЕГРН",
                "descr": "24:11:0330103:370",
                "externalKey": "24:11:0330103:370",
                "interactionId": 645072860,
                "label": "24:11:0330103:370",
                "options": {
                    "area": null,
                    "cad_num": "24:11:0330103:370",
                    "cost_application_date": "2025-02-25",
                    "cost_approvement_date": "",
                    "cost_determination_date": "2022-01-01",
                    "cost_index": 44.08,
                    "cost_registration_date": "2025-03-12",
                    "cost_value": 62152.8,
                    "declared_area": null,
                    "determination_couse": "Акт бюджетного учреждения, созданного субъектом Российской Федерации, об определении кадастровой стоимости в соответствии со статьей 16 Закона 237-ФЗ\n\n\n\n\n\n\n\n\n\n\n\n\n\n\n\n\n\n\n\n\n\n\n\n\n\n\n\n\n\n\n\n\n\n\n\n\n\n\n\n\n\n\n\n\n\n\n\n\n\n\n\n\n\n\n\n\n\n\n\n\n\n\n\n\n\n\n\n\n\n\n\n\n\n\n\n\n\n\n\n\n\n\n\n\n\n\n\n\n\n\n\n\n\n\n\n\n\n\n\n\n\n\n\n\n\n\n\n\n\n\n\n\n\n\n\n\n\n\n\n\n\n\n\n\n\n\n\n\n\n\n\n",
                    "land_record_category_type": "Земли населенных пунктов",
                    "land_record_reg_date": "2025-02-25",
                    "land_record_subtype": "Землепользование",
                    "land_record_type": "Земельный участок",
                    "ownership_type": null,
                    "permitted_use_established_by_document": "Ведение огородничества",
                    "quarter_cad_number": "24:11:0330103",
                    "readable_address": "Российская Федерация, Красноярский край, Емельяновский район, с. Шуваево",
                    "specified_area": 1410,
                    "status": "Учтенный"
                },
                "subcategory": 5,
                "systemInfo": {
                    "inserted": "2025-02-25T03:01:50.165986",
                    "insertedBy": "7EF5CD0B-AC08-4097-AF2B-07CD85992A79",
                    "updated": "2026-02-08T21:59:50.482226",
                    "updatedBy": "7EF5CD0B-AC08-4097-AF2B-07CD85992A79"
                }
            }
        },
        {
            "id": 685417232,
            "type": "Feature",
            "geometry": {
                "type": "Polygon",
                "coordinates": [
                    [
                        [
                            10343424.691860273,
                            7598797.769666316
                        ],
                        [
                            10343453.780830437,
                            7598740.579022752
                        ],
                        [
                            10343521.80545135,
                            7598774.4863490565
                        ],
                        [
                            10343491.569643898,
                            7598831.118949268
                        ],
                        [
                            10343424.691860273,
                            7598797.769666316
                        ]
                    ]
                ],
                "crs": {
                    "type": "name",
                    "properties": {
                        "name": "EPSG:3857"
                    }
                }
            },
            "properties": {
                "cadastralDistrictsCode": 24,
                "category": 36368,
                "categoryName": "Земельные участки ЕГРН",
                "descr": "24:11:0330103:372",
                "externalKey": "24:11:0330103:372",
                "interactionId": 667776329,
                "label": "24:11:0330103:372",
                "options": {
                    "area": null,
                    "cad_num": "24:11:0330103:372",
                    "cost_application_date": "2025-03-06",
                    "cost_approvement_date": "",
                    "cost_determination_date": "2022-01-01",
                    "cost_index": 198.91,
                    "cost_registration_date": "2025-03-24",
                    "cost_value": 298365,
                    "declared_area": null,
                    "determination_couse": "Акт бюджетного учреждения, созданного субъектом Российской Федерации, об определении кадастровой стоимости в соответствии со статьей 16 Закона 237-ФЗ\n\n\n\n\n\n\n\n\n\n\n\n\n\n\n\n\n\n\n\n\n\n\n\n\n\n\n\n\n\n\n\n\n\n\n\n\n\n\n\n\n\n\n\n\n\n\n\n\n\n\n\n\n\n\n\n\n\n\n\n\n\n\n\n\n\n\n\n\n\n\n\n\n\n\n\n\n\n\n\n\n\n\n\n\n\n\n\n\n\n\n\n\n\n\n\n\n\n\n\n\n\n\n\n\n\n\n\n\n\n\n\n\n\n\n\n\n\n\n\n\n\n\n\n\n\n\n\n\n\n\n\n\n\n\n\n\n\n\n",
                    "land_record_category_type": "Земли населенных пунктов",
                    "land_record_reg_date": "2025-03-06",
                    "land_record_subtype": "Землепользование",
                    "land_record_type": "Земельный участок",
                    "ownership_type": null,
                    "permitted_use_established_by_document": "ведение огородничества (код 13.1)",
                    "quarter_cad_number": "24:11:0330103",
                    "readable_address": "Российская Федерация, Красноярский край, Емельяновский район, с.Шуваево",
                    "specified_area": 1500,
                    "status": "Учтенный"
                },
                "subcategory": 5,
                "systemInfo": {
                    "inserted": "2025-03-06T10:47:43.089374",
                    "insertedBy": "7EF5CD0B-AC08-4097-AF2B-07CD85992A79",
                    "updated": "2026-02-08T21:59:49.03063",
                    "updatedBy": "7EF5CD0B-AC08-4097-AF2B-07CD85992A79"
                }
            }
        },
        {
            "id": 709122486,
            "type": "Feature",
            "geometry": {
                "type": "Polygon",
                "coordinates": [
                    [
                        [
                            10341977.017843809,
                            7598424.8264738275
                        ],
                        [
                            10341975.091763576,
                            7598378.635383538
                        ],
                        [
                            10342043.999173578,
                            7598376.916786094
                        ],
                        [
                            10342046.85807388,
                            7598423.252928902
                        ],
                        [
                            10341977.017843809,
                            7598424.8264738275
                        ]
                    ]
                ],
                "crs": {
                    "type": "name",
                    "properties": {
                        "name": "EPSG:3857"
                    }
                }
            },
            "properties": {
                "cadastralDistrictsCode": 24,
                "category": 36368,
                "categoryName": "Земельные участки ЕГРН",
                "descr": "24:11:0330102:867",
                "externalKey": "24:11:0330102:867",
                "interactionId": 691450781,
                "label": "24:11:0330102:867",
                "options": {
                    "area": null,
                    "cad_num": "24:11:0330102:867",
                    "cost_application_date": "2025-03-13",
                    "cost_approvement_date": "",
                    "cost_determination_date": "2022-01-01",
                    "cost_index": 262.41,
                    "cost_registration_date": "2025-04-01",
                    "cost_value": 261622.77,
                    "declared_area": null,
                    "determination_couse": "Акт бюджетного учреждения, созданного субъектом Российской Федерации, об определении кадастровой стоимости в соответствии со статьей 16 Закона 237-ФЗ",
                    "land_record_category_type": "Земли населенных пунктов",
                    "land_record_reg_date": "2025-03-13",
                    "land_record_subtype": "Землепользование",
                    "land_record_type": "Земельный участок",
                    "ownership_type": "Частная",
                    "permitted_use_established_by_document": "Для ведения личного подсобного хозяйства (приусадебный земельный участок)",
                    "quarter_cad_number": "24:11:0330102",
                    "readable_address": "Российская Федерация, Красноярский край, Емельяновский район, с. Шуваево, ул. Лесная",
                    "specified_area": 997,
                    "status": "Учтенный"
                },
                "subcategory": 5,
                "systemInfo": {
                    "inserted": "2025-03-13T11:19:59.186136",
                    "insertedBy": "7EF5CD0B-AC08-4097-AF2B-07CD85992A79",
                    "updated": "2026-02-08T09:45:24.904228",
                    "updatedBy": "7EF5CD0B-AC08-4097-AF2B-07CD85992A79"
                }
            }
        },
        {
            "id": 709122487,
            "type": "Feature",
            "geometry": {
                "type": "Polygon",
                "coordinates": [
                    [
                        [
                            10341978.926766865,
                            7598470.478646931
                        ],
                        [
                            10341977.017843809,
                            7598424.8264738275
                        ],
                        [
                            10342046.85807388,
                            7598423.252928902
                        ],
                        [
                            10342049.664278558,
                            7598468.816466546
                        ],
                        [
                            10341978.926766865,
                            7598470.478646931
                        ]
                    ]
                ],
                "crs": {
                    "type": "name",
                    "properties": {
                        "name": "EPSG:3857"
                    }
                }
            },
            "properties": {
                "cadastralDistrictsCode": 24,
                "category": 36368,
                "categoryName": "Земельные участки ЕГРН",
                "descr": "24:11:0330102:866",
                "externalKey": "24:11:0330102:866",
                "interactionId": 691450782,
                "label": "24:11:0330102:866",
                "options": {
                    "area": null,
                    "cad_num": "24:11:0330102:866",
                    "cost_application_date": "2025-03-13",
                    "cost_approvement_date": "",
                    "cost_determination_date": "2022-01-01",
                    "cost_index": 262.41,
                    "cost_registration_date": "2025-04-01",
                    "cost_value": 261360.36,
                    "declared_area": null,
                    "determination_couse": "Акт бюджетного учреждения, созданного субъектом Российской Федерации, об определении кадастровой стоимости в соответствии со статьей 16 Закона 237-ФЗ",
                    "land_record_category_type": "Земли населенных пунктов",
                    "land_record_reg_date": "2025-03-13",
                    "land_record_subtype": "Землепользование",
                    "land_record_type": "Земельный участок",
                    "ownership_type": "Частная",
                    "permitted_use_established_by_document": "Для ведения личного подсобного хозяйства (приусадебный земельный участок)",
                    "quarter_cad_number": "24:11:0330102",
                    "readable_address": "Российская Федерация, Красноярский край, Емельяновский район, с. Шуваево, ул. Лесная",
                    "specified_area": 996,
                    "status": "Учтенный"
                },
                "subcategory": 5,
                "systemInfo": {
                    "inserted": "2025-03-13T11:19:59.188617",
                    "insertedBy": "7EF5CD0B-AC08-4097-AF2B-07CD85992A79",
                    "updated": "2026-02-07T18:12:17.094952",
                    "updatedBy": "7EF5CD0B-AC08-4097-AF2B-07CD85992A79"
                }
            }
        },
        {
            "id": 730635373,
            "type": "Feature",
            "geometry": {
                "type": "Polygon",
                "coordinates": [
                    [
                        [
                            10342733.374000622,
                            7598954.073138815
                        ],
                        [
                            10342787.168835524,
                            7598895.010952472
                        ],
                        [
                            10342832.208400214,
                            7598920.8431038065
                        ],
                        [
                            10342798.113495484,
                            7598989.169786697
                        ],
                        [
                            10342733.374000622,
                            7598954.073138815
                        ]
                    ]
                ],
                "crs": {
                    "type": "name",
                    "properties": {
                        "name": "EPSG:3857"
                    }
                }
            },
            "properties": {
                "cadastralDistrictsCode": 24,
                "category": 36368,
                "categoryName": "Земельные участки ЕГРН",
                "descr": "24:11:0000000:28370",
                "externalKey": "24:11:0000000:28370",
                "interactionId": 712938101,
                "label": "24:11:0000000:28370",
                "options": {
                    "area": null,
                    "cad_num": "24:11:0000000:28370",
                    "cost_application_date": "2025-03-21",
                    "cost_approvement_date": "",
                    "cost_determination_date": "2022-01-01",
                    "cost_index": 47.76,
                    "cost_registration_date": "2025-04-08",
                    "cost_value": 71640,
                    "declared_area": null,
                    "determination_couse": "Акт бюджетного учреждения, созданного субъектом Российской Федерации, об определении кадастровой стоимости в соответствии со статьей 16 Закона 237-ФЗ",
                    "land_record_category_type": "Земли населенных пунктов",
                    "land_record_reg_date": "2025-03-21",
                    "land_record_subtype": "Землепользование",
                    "land_record_type": "Земельный участок",
                    "ownership_type": null,
                    "permitted_use_established_by_document": "ведение огородничества (код 13.1)",
                    "quarter_cad_number": "24:11:0000000",
                    "readable_address": "Российская Федерация, Красноярский край, Емельяновский район, с.Шуваево",
                    "specified_area": 1500,
                    "status": "Учтенный"
                },
                "subcategory": 5,
                "systemInfo": {
                    "inserted": "2025-03-21T13:09:19.147692",
                    "insertedBy": "7EF5CD0B-AC08-4097-AF2B-07CD85992A79",
                    "updated": "2026-02-08T22:16:29.454893",
                    "updatedBy": "7EF5CD0B-AC08-4097-AF2B-07CD85992A79"
                }
            }
        },
        {
            "id": 816637860,
            "type": "Feature",
            "geometry": {
                "type": "Polygon",
                "coordinates": [
                    [
                        [
                            10342825.197802806,
                            7598821.675748798
                        ],
                        [
                            10342850.738800935,
                            7598737.595094385
                        ],
                        [
                            10342904.064383522,
                            7598763.0415914375
                        ],
                        [
                            10342870.229768464,
                            7598839.221795216
                        ],
                        [
                            10342825.197802806,
                            7598821.675748798
                        ]
                    ]
                ],
                "crs": {
                    "type": "name",
                    "properties": {
                        "name": "EPSG:3857"
                    }
                }
            },
            "properties": {
                "cadastralDistrictsCode": 24,
                "category": 36368,
                "categoryName": "Земельные участки ЕГРН",
                "descr": "24:11:0000000:28374",
                "externalKey": "24:11:0000000:28374",
                "interactionId": 798650877,
                "label": "24:11:0000000:28374",
                "options": {
                    "area": null,
                    "cad_num": "24:11:0000000:28374",
                    "cost_application_date": "2025-04-18",
                    "cost_approvement_date": "",
                    "cost_determination_date": "2022-01-01",
                    "cost_index": 39.1,
                    "cost_registration_date": "2025-05-07",
                    "cost_value": 55522,
                    "declared_area": null,
                    "determination_couse": "Акт бюджетного учреждения, созданного субъектом Российской Федерации, об определении кадастровой стоимости в соответствии со статьей 16 Закона 237-ФЗ\n\n\n\n\n\n\n\n\n\n\n\n\n\n\n\n\n\n\n\n\n\n\n\n\n\n\n\n\n\n\n\n\n\n\n\n\n\n\n\n\n\n\n\n\n\n\n\n\n\n\n\n\n\n\n\n\n\n\n\n\n\n\n\n\n\n\n\n\n\n\n\n\n\n\n\n\n\n\n\n\n\n\n\n\n\n\n\n\n\n\n\n\n\n\n\n\n\n\n\n\n\n\n\n\n\n\n\n\n\n\n\n\n\n\n\n\n\n\n\n\n\n\n\n\n\n\n\n\n\n\n\n\n\n\n\n\n\n\n\n\n\n\n\n\n\n\n\n\n\n\n\n\n\n\n\n\n\n\n\n\n\n\n",
                    "land_record_category_type": "Земли населенных пунктов",
                    "land_record_reg_date": "2025-04-18",
                    "land_record_subtype": "Землепользование",
                    "land_record_type": "Земельный участок",
                    "ownership_type": null,
                    "permitted_use_established_by_document": "Ведение огородничества",
                    "quarter_cad_number": "24:11:0000000",
                    "readable_address": "Российская Федерация, Красноярский край, Емельяновский район, с. Шуваево",
                    "specified_area": 1420,
                    "status": "Учтенный"
                },
                "subcategory": 5,
                "systemInfo": {
                    "inserted": "2025-04-18T04:43:46.724842",
                    "insertedBy": "7EF5CD0B-AC08-4097-AF2B-07CD85992A79",
                    "updated": "2026-02-08T21:56:13.421243",
                    "updatedBy": "7EF5CD0B-AC08-4097-AF2B-07CD85992A79"
                }
            }
        },
        {
            "id": 978547868,
            "type": "Feature",
            "geometry": {
                "type": "Polygon",
                "coordinates": [
                    [
                        [
                            10341978.908655912,
                            7598470.604427527
                        ],
                        [
                            10342049.664028637,
                            7598468.9961890895
                        ],
                        [
                            10342052.291316671,
                            7598514.272187431
                        ],
                        [
                            10341980.835989099,
                            7598515.9333934095
                        ],
                        [
                            10341978.908655912,
                            7598470.604427527
                        ]
                    ]
                ],
                "crs": {
                    "type": "name",
                    "properties": {
                        "name": "EPSG:3857"
                    }
                }
            },
            "properties": {
                "cadastralDistrictsCode": 24,
                "category": 36368,
                "categoryName": "Земельные участки ЕГРН",
                "descr": "24:11:0330102:878",
                "externalKey": "24:11:0330102:878",
                "interactionId": 958111790,
                "label": "24:11:0330102:878",
                "options": {
                    "area": null,
                    "cad_num": "24:11:0330102:878",
                    "cost_application_date": "2025-06-30",
                    "cost_approvement_date": "",
                    "cost_determination_date": "2022-01-01",
                    "cost_index": 262.41,
                    "cost_registration_date": "2025-07-15",
                    "cost_value": 262410,
                    "declared_area": null,
                    "determination_couse": "Акт бюджетного учреждения, созданного субъектом Российской Федерации, об определении кадастровой стоимости в соответствии со статьей 16 Закона 237-ФЗ\n\n\n\n\n\n\n\n\n\n\n\n\n\n\n\n\n\n\n\n\n\n\n\n\n\n\n\n\n\n\n\n\n\n\n\n\n\n\n\n\n\n\n\n\n\n\n\n\n\n\n\n\n\n\n\n\n\n\n\n\n\n\n\n\n\n\n\n\n\n\n\n\n\n\n\n\n\n\n\n\n\n\n\n\n\n\n\n\n\n\n\n\n\n\n\n\n\n\n\n\n\n\n\n\n\n\n\n\n\n\n\n\n\n\n\n\n\n\n\n\n\n\n\n\n\n\n\n\n\n\n\n\n\n\n\n\n\n\n\n\n\n\n\n\n\n\n\n\n\n\n\n\n\n\n\n\n\n\n\n\n\n\n\n\n\n\n\n\n\n\n\n\n\n\n\n\n\n\n\n\n\n\n\n\n\n\n\n\n\n\n\n\n\n\n\n\n\n\n\n\n\n\n\n\n\n\n\n\n\n\n\n\n\n",
                    "land_record_category_type": "Земли населенных пунктов",
                    "land_record_reg_date": "2025-06-30",
                    "land_record_subtype": "Землепользование",
                    "land_record_type": "Земельный участок",
                    "ownership_type": "Частная",
                    "permitted_use_established_by_document": "для ведения личного подсобного хозяйства (приусадебный земельный участок)",
                    "quarter_cad_number": "24:11:0330102",
                    "readable_address": "Российская Федерация, Красноярский край, муниципальный район Емельяновский, сельское поселение Шуваевский сельсовет, село Шуваево, улица Лесная",
                    "specified_area": 1000,
                    "status": "Учтенный"
                },
                "subcategory": 5,
                "systemInfo": {
                    "inserted": "2025-06-30T03:04:56.770974",
                    "insertedBy": "7EF5CD0B-AC08-4097-AF2B-07CD85992A79",
                    "updated": "2026-02-08T09:12:08.137319",
                    "updatedBy": "7EF5CD0B-AC08-4097-AF2B-07CD85992A79"
                }
            }
        },
        {
            "id": 978547869,
            "type": "Feature",
            "geometry": {
                "type": "Polygon",
                "coordinates": [
                    [
                        [
                            10341980.835989099,
                            7598515.9333934095
                        ],
                        [
                            10342052.291316671,
                            7598514.272187431
                        ],
                        [
                            10342054.533082282,
                            7598553.059842308
                        ],
                        [
                            10341982.988704722,
                            7598566.834419874
                        ],
                        [
                            10341980.835989099,
                            7598515.9333934095
                        ]
                    ]
                ],
                "crs": {
                    "type": "name",
                    "properties": {
                        "name": "EPSG:3857"
                    }
                }
            },
            "properties": {
                "cadastralDistrictsCode": 24,
                "category": 36368,
                "categoryName": "Земельные участки ЕГРН",
                "descr": "24:11:0330102:877",
                "externalKey": "24:11:0330102:877",
                "interactionId": 958111791,
                "label": "24:11:0330102:877",
                "options": {
                    "area": null,
                    "cad_num": "24:11:0330102:877",
                    "cost_application_date": "2025-06-30",
                    "cost_approvement_date": "",
                    "cost_determination_date": "2022-01-01",
                    "cost_index": 262.41,
                    "cost_registration_date": "2025-07-15",
                    "cost_value": 262410,
                    "declared_area": null,
                    "determination_couse": "Акт бюджетного учреждения, созданного субъектом Российской Федерации, об определении кадастровой стоимости в соответствии со статьей 16 Закона 237-ФЗ\n\n\n\n\n\n\n\n\n\n\n\n\n\n\n\n\n\n\n\n\n\n\n\n\n\n\n\n\n\n\n\n\n\n\n\n\n\n\n\n\n\n\n\n\n\n\n\n\n\n\n\n\n\n\n\n\n\n\n\n\n\n\n\n\n\n\n\n\n\n\n\n\n\n\n\n\n\n\n\n\n\n\n\n\n\n\n\n\n\n\n\n\n\n\n\n\n\n\n\n\n\n\n\n\n\n\n\n\n\n\n\n\n\n\n\n\n\n\n\n\n\n\n\n\n\n\n\n\n\n\n\n\n\n\n\n\n\n\n\n\n\n\n\n\n\n\n\n\n\n\n\n\n\n\n\n\n\n\n\n\n\n\n\n\n\n\n\n\n\n\n\n\n\n\n\n\n\n\n\n\n\n\n\n\n\n\n\n\n\n\n\n\n\n\n\n\n\n\n\n\n\n\n\n\n\n\n\n\n\n\n\n\n\n",
                    "land_record_category_type": "Земли населенных пунктов",
                    "land_record_reg_date": "2025-06-30",
                    "land_record_subtype": "Землепользование",
                    "land_record_type": "Земельный участок",
                    "ownership_type": "Частная",
                    "permitted_use_established_by_document": "для ведения личного подсобного хозяйства (приусадебный земельный участок)",
                    "quarter_cad_number": "24:11:0330102",
                    "readable_address": "Российская Федерация, Красноярский край, муниципальный район Емельяновский, сельское поселение Шуваевский сельсовет, село Шуваево, улица Лесная",
                    "specified_area": 1000,
                    "status": "Учтенный"
                },
                "subcategory": 5,
                "systemInfo": {
                    "inserted": "2025-06-30T03:04:56.855443",
                    "insertedBy": "7EF5CD0B-AC08-4097-AF2B-07CD85992A79",
                    "updated": "2026-02-08T09:02:08.03356",
                    "updatedBy": "7EF5CD0B-AC08-4097-AF2B-07CD85992A79"
                }
            }
        },
        {
            "id": 984514355,
            "type": "Feature",
            "geometry": {
                "type": "Polygon",
                "coordinates": [
                    [
                        [
                            10342942.937959572,
                            7598757.394010046
                        ],
                        [
                            10342970.470275687,
                            7598699.969859554
                        ],
                        [
                            10343040.641214041,
                            7598736.615903398
                        ],
                        [
                            10343014.044989359,
                            7598791.633380134
                        ],
                        [
                            10342942.937959572,
                            7598757.394010046
                        ]
                    ]
                ],
                "crs": {
                    "type": "name",
                    "properties": {
                        "name": "EPSG:3857"
                    }
                }
            },
            "properties": {
                "cadastralDistrictsCode": 24,
                "category": 36368,
                "categoryName": "Земельные участки ЕГРН",
                "descr": "24:11:0330103:373",
                "externalKey": "24:11:0330103:373",
                "interactionId": 963660120,
                "label": "24:11:0330103:373",
                "options": {
                    "area": null,
                    "cad_num": "24:11:0330103:373",
                    "cost_application_date": "2025-07-09",
                    "cost_approvement_date": "",
                    "cost_determination_date": "2022-01-01",
                    "cost_index": 261.62,
                    "cost_registration_date": "2025-07-24",
                    "cost_value": 400278.6,
                    "declared_area": null,
                    "determination_couse": "Акт бюджетного учреждения, созданного субъектом Российской Федерации, об определении кадастровой стоимости в соответствии со статьей 16 Закона 237-ФЗ\n\n\n\n\n\n\n\n\n\n\n\n\n\n\n\n\n\n\n\n\n\n\n\n\n\n\n\n\n\n\n\n\n\n\n\n\n\n\n\n\n\n\n\n\n\n\n\n\n\n\n\n\n\n\n\n\n\n\n\n\n\n\n\n\n\n\n\n\n\n\n\n\n\n\n\n\n\n\n\n\n\n\n\n\n\n\n\n\n\n\n\n\n\n\n\n\n\n\n\n\n\n\n\n\n\n\n\n\n\n\n\n\n\n\n\n\n\n\n\n\n\n\n\n\n\n\n\n\n\n\n\n\n\n\n\n\n\n\n\n\n\n\n\n\n\n\n\n\n\n\n\n\n\n\n\n\n\n\n\n\n\n\n\n\n\n\n\n\n\n\n\n\n\n\n\n\n\n\n\n\n\n\n\n\n\n\n\n\n\n\n\n\n\n\n\n\n\n\n\n\n\n\n\n\n\n\n\n\n\n\n\n\n\n\n\n\n\n\n\n\n",
                    "land_record_category_type": "Земли населенных пунктов",
                    "land_record_reg_date": "2025-07-09",
                    "land_record_subtype": "Землепользование",
                    "land_record_type": "Земельный участок",
                    "ownership_type": null,
                    "permitted_use_established_by_document": "для индивидуального жилищного строительства",
                    "quarter_cad_number": "24:11:0330103",
                    "readable_address": "Российская Федерация, Красноярский край, Емельяновский район, с. Шуваево",
                    "specified_area": 1530,
                    "status": "Учтенный"
                },
                "subcategory": 5,
                "systemInfo": {
                    "inserted": "2025-07-09T12:08:10.30511",
                    "insertedBy": "7EF5CD0B-AC08-4097-AF2B-07CD85992A79",
                    "updated": "2026-02-08T21:59:34.983352",
                    "updatedBy": "7EF5CD0B-AC08-4097-AF2B-07CD85992A79"
                }
            }
        },
        {
            "id": 1062123935,
            "type": "Feature",
            "geometry": {
                "type": "Polygon",
                "coordinates": [
                    [
                        [
                            10342776.235200856,
                            7599110.822886351
                        ],
                        [
                            10342803.519362424,
                            7599053.054884089
                        ],
                        [
                            10342871.13457176,
                            7599084.452508642
                        ],
                        [
                            10342843.419545464,
                            7599142.831540401
                        ],
                        [
                            10342776.235200856,
                            7599110.822886351
                        ]
                    ]
                ],
                "crs": {
                    "type": "name",
                    "properties": {
                        "name": "EPSG:3857"
                    }
                }
            },
            "properties": {
                "cadastralDistrictsCode": 24,
                "category": 36368,
                "categoryName": "Земельные участки ЕГРН",
                "descr": "24:11:0330103:374",
                "externalKey": "24:11:0330103:374",
                "interactionId": 1038657787,
                "label": "24:11:0330103:374",
                "options": {
                    "area": null,
                    "cad_num": "24:11:0330103:374",
                    "cost_application_date": "2025-08-22",
                    "cost_approvement_date": "",
                    "cost_determination_date": "2022-01-01",
                    "cost_index": 47.76,
                    "cost_registration_date": "2025-09-09",
                    "cost_value": 70923.6,
                    "declared_area": null,
                    "determination_couse": "Акт бюджетного учреждения, созданного субъектом Российской Федерации, об определении кадастровой стоимости в соответствии со статьей 16 Закона 237-ФЗ\n\n\n\n\n\n\n\n\n\n\n\n\n\n\n\n\n\n\n\n\n\n\n\n\n\n\n\n\n\n\n\n\n\n\n\n\n\n\n\n\n\n\n\n\n\n\n\n\n\n\n\n\n\n\n\n\n\n\n\n\n\n\n\n\n\n\n\n\n\n\n\n\n\n\n\n\n\n\n\n\n\n\n\n\n\n\n\n\n\n\n\n\n\n\n\n\n\n\n\n\n\n\n\n\n\n\n\n\n\n\n\n\n\n\n\n\n\n\n\n\n\n\n\n\n\n\n\n\n\n\n\n\n\n\n\n\n\n\n\n\n\n\n\n\n\n\n\n\n\n\n\n\n\n\n\n\n\n\n\n\n\n\n\n\n\n\n\n\n\n\n\n\n\n\n\n\n\n\n\n\n\n\n\n\n\n\n\n\n\n\n\n\n\n\n\n\n\n\n\n\n\n\n\n\n\n\n\n\n\n\n\n\n\n\n\n\n\n\n\n\n\n\n\n\n\n\n\n\n\n\n\n\n\n\n\n\n\n",
                    "land_record_category_type": "Земли населенных пунктов",
                    "land_record_reg_date": "2025-08-22",
                    "land_record_subtype": "Землепользование",
                    "land_record_type": "Земельный участок",
                    "ownership_type": null,
                    "permitted_use_established_by_document": "Ведение огородничества (код 13.1)",
                    "quarter_cad_number": "24:11:0330103",
                    "readable_address": "Российская Федерация, Красноярский край, Емельяновский район, с Шуваево",
                    "specified_area": 1485,
                    "status": "Учтенный"
                },
                "subcategory": 5,
                "systemInfo": {
                    "inserted": "2025-09-05T09:54:50.864599",
                    "insertedBy": "7EF5CD0B-AC08-4097-AF2B-07CD85992A79",
                    "updated": "2026-02-09T15:03:57.576126",
                    "updatedBy": "7EF5CD0B-AC08-4097-AF2B-07CD85992A79"
                }
            }
        },
        {
            "id": 1063168100,
            "type": "Feature",
            "geometry": {
                "type": "Polygon",
                "coordinates": [
                    [
                        [
                            10341377.31003035,
                            7597711.988604371
                        ],
                        [
                            10341413.704648754,
                            7597645.479977221
                        ],
                        [
                            10341477.962926518,
                            7597679.161471811
                        ],
                        [
                            10341441.351340447,
                            7597747.143963767
                        ],
                        [
                            10341377.31003035,
                            7597711.988604371
                        ]
                    ]
                ],
                "crs": {
                    "type": "name",
                    "properties": {
                        "name": "EPSG:3857"
                    }
                }
            },
            "properties": {
                "cadastralDistrictsCode": 24,
                "category": 36368,
                "categoryName": "Земельные участки ЕГРН",
                "descr": "24:11:0330102:883",
                "externalKey": "24:11:0330102:883",
                "interactionId": 1039665765,
                "label": "24:11:0330102:883",
                "options": {
                    "area": null,
                    "cad_num": "24:11:0330102:883",
                    "cost_application_date": "2025-09-05",
                    "cost_approvement_date": "",
                    "cost_determination_date": "2022-01-01",
                    "cost_index": 256.9,
                    "cost_registration_date": "2025-09-23",
                    "cost_value": 443923.2,
                    "declared_area": null,
                    "determination_couse": "Акт бюджетного учреждения, созданного субъектом Российской Федерации, об определении кадастровой стоимости в соответствии со статьей 16 Закона 237-ФЗ\n\n\n\n\n\n\n\n\n\n\n\n\n\n\n\n\n\n\n\n\n\n\n\n\n\n\n\n\n\n\n\n\n\n\n\n\n\n\n\n\n\n\n\n\n\n\n\n\n\n\n\n\n\n\n\n\n\n\n\n\n\n\n\n\n\n\n\n\n\n\n\n\n\n\n\n\n\n\n\n\n\n\n\n\n\n\n\n\n\n\n\n\n\n\n\n\n\n\n\n\n\n\n\n\n\n\n\n\n\n\n\n\n\n\n\n\n\n\n\n\n\n\n\n\n\n\n\n\n\n\n\n\n\n\n\n\n\n\n\n\n\n\n\n\n\n\n\n\n\n\n\n\n\n\n\n\n\n\n\n\n\n\n\n\n\n\n\n\n\n\n\n\n\n\n\n\n\n\n\n\n\n\n\n\n\n\n\n\n\n\n\n\n\n\n\n\n\n\n\n\n\n\n\n\n\n\n\n\n\n\n\n\n\n\n\n\n\n\n\n\n\n\n\n\n\n\n\n\n\n\n\n\n\n\n\n\n\n\n\n\n\n\n\n\n",
                    "land_record_category_type": "Земли населенных пунктов",
                    "land_record_reg_date": "2025-09-05",
                    "land_record_subtype": "Землепользование",
                    "land_record_type": "Земельный участок",
                    "ownership_type": null,
                    "permitted_use_established_by_document": "для индивидуального жилищного строительства (код 2.1)",
                    "quarter_cad_number": "24:11:0330102",
                    "readable_address": "Российская Федерация, Красноярский край, Емельяновский район, с. Шуваево",
                    "specified_area": 1728,
                    "status": "Учтенный"
                },
                "subcategory": 5,
                "systemInfo": {
                    "inserted": "2025-09-06T02:37:38.638395",
                    "insertedBy": "7EF5CD0B-AC08-4097-AF2B-07CD85992A79",
                    "updated": "2026-02-08T20:34:00.908307",
                    "updatedBy": "7EF5CD0B-AC08-4097-AF2B-07CD85992A79"
                }
            }
        },
        {
            "id": 1199358247,
            "type": "Feature",
            "geometry": {
                "type": "Polygon",
                "coordinates": [
                    [
                        [
                            10342970.470275687,
                            7598699.969859554
                        ],
                        [
                            10343002.136146521,
                            7598635.559922619
                        ],
                        [
                            10343070.367326958,
                            7598674.036142904
                        ],
                        [
                            10343040.641214041,
                            7598736.615903398
                        ],
                        [
                            10342970.470275687,
                            7598699.969859554
                        ]
                    ]
                ],
                "crs": {
                    "type": "name",
                    "properties": {
                        "name": "EPSG:3857"
                    }
                }
            },
            "properties": {
                "cadastralDistrictsCode": 24,
                "category": 36368,
                "categoryName": "Земельные участки ЕГРН",
                "descr": "24:11:0330103:375",
                "externalKey": "24:11:0330103:375",
                "interactionId": 1173146049,
                "label": "24:11:0330103:375",
                "options": {
                    "area": null,
                    "cad_num": "24:11:0330103:375",
                    "cost_application_date": "2025-11-18",
                    "cost_approvement_date": "",
                    "cost_determination_date": "2022-01-01",
                    "cost_index": 257.16,
                    "cost_registration_date": "2025-12-05",
                    "cost_value": 442572.36,
                    "declared_area": null,
                    "determination_couse": "Акт бюджетного учреждения, созданного субъектом Российской Федерации, об определении кадастровой стоимости в соответствии со статьей 16 Закона 237-ФЗ",
                    "land_record_category_type": "Земли населенных пунктов",
                    "land_record_reg_date": "2025-11-18",
                    "land_record_subtype": "Землепользование",
                    "land_record_type": "Земельный участок",
                    "ownership_type": null,
                    "permitted_use_established_by_document": "Для индивидуального жилищного строительства",
                    "quarter_cad_number": "24:11:0330103",
                    "readable_address": "Российская Федерация, Красноярский край, муниципальный район Емельяновский, сельское поселение Шуваевский сельсовет, с Шуваево",
                    "specified_area": 1721,
                    "status": "Учтенный"
                },
                "subcategory": 5,
                "systemInfo": {
                    "inserted": "2025-11-18T09:35:22.113975",
                    "insertedBy": "7EF5CD0B-AC08-4097-AF2B-07CD85992A79",
                    "updated": "2026-02-10T19:14:17.271153",
                    "updatedBy": "7EF5CD0B-AC08-4097-AF2B-07CD85992A79"
                }
            }
        },
        {
            "id": 1236871250,
            "type": "Feature",
            "geometry": {
                "type": "Polygon",
                "coordinates": [
                    [
                        [
                            10343681.419028984,
                            7598496.531784196
                        ],
                        [
                            10343760.983169103,
                            7598538.555132468
                        ],
                        [
                            10343738.14897271,
                            7598586.964215248
                        ],
                        [
                            10343659.357170722,
                            7598543.665238044
                        ],
                        [
                            10343681.419028984,
                            7598496.531784196
                        ]
                    ]
                ],
                "crs": {
                    "type": "name",
                    "properties": {
                        "name": "EPSG:3857"
                    }
                }
            },
            "properties": {
                "cadastralDistrictsCode": 24,
                "category": 36368,
                "categoryName": "Земельные участки ЕГРН",
                "descr": "24:11:0330103:376",
                "externalKey": "24:11:0330103:376",
                "interactionId": 1210657267,
                "label": "24:11:0330103:376",
                "options": {
                    "area": null,
                    "cad_num": "24:11:0330103:376",
                    "cost_application_date": "2025-12-02",
                    "cost_approvement_date": "",
                    "cost_determination_date": "2022-01-01",
                    "cost_index": 47.76,
                    "cost_registration_date": "2025-12-18",
                    "cost_value": 70254.96,
                    "declared_area": null,
                    "determination_couse": "Акт бюджетного учреждения, созданного субъектом Российской Федерации, об определении кадастровой стоимости в соответствии со статьей 16 Закона 237-ФЗ",
                    "land_record_category_type": "Земли населенных пунктов",
                    "land_record_reg_date": "2025-12-02",
                    "land_record_subtype": "Землепользование",
                    "land_record_type": "Земельный участок",
                    "ownership_type": null,
                    "permitted_use_established_by_document": "Ведение огородничества",
                    "quarter_cad_number": "24:11:0330103",
                    "readable_address": "Российская Федерация, Красноярский край, Емельяновский район, с. Шуваево",
                    "specified_area": 1471,
                    "status": "Учтенный"
                },
                "subcategory": 5,
                "systemInfo": {
                    "inserted": "2025-12-02T08:49:34.645275",
                    "insertedBy": "7EF5CD0B-AC08-4097-AF2B-07CD85992A79",
                    "updated": "2026-02-11T12:53:34.194082",
                    "updatedBy": "7EF5CD0B-AC08-4097-AF2B-07CD85992A79"
                }
            }
        },
        {
            "id": 1236871376,
            "type": "Feature",
            "geometry": {
                "type": "Polygon",
                "coordinates": [
                    [
                        [
                            10343791.860040804,
                            7598683.468554971
                        ],
                        [
                            10343752.772017006,
                            7598766.008155014
                        ],
                        [
                            10343709.480615474,
                            7598746.420603797
                        ],
                        [
                            10343748.462401327,
                            7598663.0186175
                        ],
                        [
                            10343791.860040804,
                            7598683.468554971
                        ]
                    ]
                ],
                "crs": {
                    "type": "name",
                    "properties": {
                        "name": "EPSG:3857"
                    }
                }
            },
            "properties": {
                "cadastralDistrictsCode": 24,
                "category": 36368,
                "categoryName": "Земельные участки ЕГРН",
                "descr": "24:11:0330103:377",
                "externalKey": "24:11:0330103:377",
                "interactionId": 1210657393,
                "label": "24:11:0330103:377",
                "options": {
                    "area": null,
                    "cad_num": "24:11:0330103:377",
                    "cost_application_date": "2025-12-02",
                    "cost_approvement_date": "",
                    "cost_determination_date": "2022-01-01",
                    "cost_index": 47.76,
                    "cost_registration_date": "2025-12-18",
                    "cost_value": 64858.08,
                    "declared_area": null,
                    "determination_couse": "Акт бюджетного учреждения, созданного субъектом Российской Федерации, об определении кадастровой стоимости в соответствии со статьей 16 Закона 237-ФЗ",
                    "land_record_category_type": "Земли населенных пунктов",
                    "land_record_reg_date": "2025-12-02",
                    "land_record_subtype": "Землепользование",
                    "land_record_type": "Земельный участок",
                    "ownership_type": null,
                    "permitted_use_established_by_document": "Ведение огородничества",
                    "quarter_cad_number": "24:11:0330103",
                    "readable_address": "Российская Федерация, Красноярский край, Емельяновский район, с. Шуваево",
                    "specified_area": 1358,
                    "status": "Учтенный"
                },
                "subcategory": 5,
                "systemInfo": {
                    "inserted": "2025-12-02T08:49:37.584568",
                    "insertedBy": "7EF5CD0B-AC08-4097-AF2B-07CD85992A79",
                    "updated": "2026-02-11T12:53:58.690675",
                    "updatedBy": "7EF5CD0B-AC08-4097-AF2B-07CD85992A79"
                }
            }
        },
        {
            "id": 1248778202,
            "type": "Feature",
            "geometry": {
                "type": "Polygon",
                "coordinates": [
                    [
                        [
                            10341529.300844528,
                            7597571.4867320135
                        ],
                        [
                            10341559.254086055,
                            7597506.065363176
                        ],
                        [
                            10341608.070102328,
                            7597528.509240374
                        ],
                        [
                            10341578.11718835,
                            7597593.930990417
                        ],
                        [
                            10341529.300844528,
                            7597571.4867320135
                        ]
                    ]
                ],
                "crs": {
                    "type": "name",
                    "properties": {
                        "name": "EPSG:3857"
                    }
                }
            },
            "properties": {
                "cadastralDistrictsCode": 24,
                "category": 36368,
                "categoryName": "Земельные участки ЕГРН",
                "descr": "24:11:0330102:892",
                "externalKey": "24:11:0330102:892",
                "interactionId": 1222563423,
                "label": "24:11:0330102:892",
                "options": {
                    "area": null,
                    "cad_num": "24:11:0330102:892",
                    "cost_application_date": "2025-12-09",
                    "cost_approvement_date": "",
                    "cost_determination_date": "2022-01-01",
                    "cost_index": 262.41,
                    "cost_registration_date": "2025-12-26",
                    "cost_value": 314892,
                    "declared_area": null,
                    "determination_couse": "Акт бюджетного учреждения, созданного субъектом Российской Федерации, об определении кадастровой стоимости в соответствии со статьей 16 Закона 237-ФЗ",
                    "land_record_category_type": "Земли населенных пунктов",
                    "land_record_reg_date": "2025-12-09",
                    "land_record_subtype": "Землепользование",
                    "land_record_type": "Земельный участок",
                    "ownership_type": null,
                    "permitted_use_established_by_document": "Для ведения личного подсобного хозяйства (приусадебный земельный участок)",
                    "quarter_cad_number": "24:11:0330102",
                    "readable_address": "Российская Федерация, Красноярский край, Емельяновский район, с. Шуваево",
                    "specified_area": 1200,
                    "status": "Учтенный"
                },
                "subcategory": 5,
                "systemInfo": {
                    "inserted": "2025-12-09T08:10:53.649395",
                    "insertedBy": "7EF5CD0B-AC08-4097-AF2B-07CD85992A79",
                    "updated": "2026-02-11T17:24:37.551672",
                    "updatedBy": "7EF5CD0B-AC08-4097-AF2B-07CD85992A79"
                }
            }
        },
        {
            "id": 1319037421,
            "type": "Feature",
            "geometry": {
                "type": "Polygon",
                "coordinates": [
                    [
                        [
                            10342972.969337333,
                            7598991.659540289
                        ],
                        [
                            10343002.564901913,
                            7598934.236164387
                        ],
                        [
                            10343047.197402367,
                            7598956.489952349
                        ],
                        [
                            10343018.426510498,
                            7599014.417972925
                        ],
                        [
                            10342972.969337333,
                            7598991.659540289
                        ]
                    ]
                ],
                "crs": {
                    "type": "name",
                    "properties": {
                        "name": "EPSG:3857"
                    }
                }
            },
            "properties": {
                "cadastralDistrictsCode": 24,
                "category": 36368,
                "categoryName": "Земельные участки ЕГРН",
                "descr": "24:11:0330103:378",
                "externalKey": "24:11:0330103:378",
                "interactionId": 1292342615,
                "label": "24:11:0330103:378",
                "options": {
                    "area": null,
                    "cad_num": "24:11:0330103:378",
                    "cost_application_date": "2026-01-22",
                    "cost_approvement_date": "",
                    "cost_determination_date": "2022-01-01",
                    "cost_index": 47.76,
                    "cost_registration_date": "2026-02-09",
                    "cost_value": 48237.6,
                    "declared_area": null,
                    "determination_couse": "Акт бюджетного учреждения, созданного субъектом Российской Федерации, об определении кадастровой стоимости в соответствии со статьей 16 Закона 237-ФЗ",
                    "land_record_category_type": "Земли населенных пунктов",
                    "land_record_reg_date": "2026-01-22",
                    "land_record_subtype": "Землепользование",
                    "land_record_type": "Земельный участок",
                    "ownership_type": null,
                    "permitted_use_established_by_document": "Ведение огородничества",
                    "quarter_cad_number": "24:11:0330103",
                    "readable_address": "Российская Федерация, Красноярский край, Емельяновский район, село Шуваево",
                    "specified_area": 1010,
                    "status": "Учтенный"
                },
                "subcategory": 5,
                "systemInfo": {
                    "inserted": "2026-01-22T08:41:37.878039",
                    "insertedBy": "7EF5CD0B-AC08-4097-AF2B-07CD85992A79",
                    "updated": "2026-02-13T05:45:09.221746",
                    "updatedBy": "7EF5CD0B-AC08-4097-AF2B-07CD85992A79"
                }
            }
        },
        {
            "id": 1749116031,
            "type": "Feature",
            "geometry": {
                "type": "Polygon",
                "coordinates": [
                    [
                        [
                            10342897.988053983,
                            7599054.237368691
                        ],
                        [
                            10342918.163795575,
                            7599014.110251995
                        ],
                        [
                            10342998.251291053,
                            7599054.545355621
                        ],
                        [
                            10342978.075860994,
                            7599094.672893545
                        ],
                        [
                            10342897.988053983,
                            7599054.237368691
                        ]
                    ]
                ],
                "crs": {
                    "type": "name",
                    "properties": {
                        "name": "EPSG:3857"
                    }
                }
            },
            "properties": {
                "cadastralDistrictsCode": 24,
                "category": 36368,
                "categoryName": "Земельные участки ЕГРН",
                "descr": "24:11:0330103:379",
                "externalKey": "24:11:0330103:379",
                "interactionId": 1722347305,
                "label": "24:11:0330103:379",
                "options": {
                    "cad_num": "24:11:0330103:379",
                    "cost_application_date": "",
                    "cost_approvement_date": "",
                    "cost_determination_date": "",
                    "cost_index": 0,
                    "cost_registration_date": "",
                    "cost_value": 0,
                    "determination_couse": "",
                    "land_record_category_type": "Земли населенных пунктов",
                    "land_record_reg_date": "2026-03-27",
                    "land_record_subtype": "Землепользование",
                    "land_record_type": "Земельный участок",
                    "permitted_use_established_by_document": "ведение огородничества (код 13.1)",
                    "quarter_cad_number": "24:11:0330103",
                    "readable_address": "Российская Федерация, Красноярский край, муниципальный округ Емельяновский, село Шуваево",
                    "specified_area": 1250,
                    "status": "Учтенный"
                },
                "subcategory": 5,
                "systemInfo": {
                    "inserted": "2026-03-27T12:28:16.805586",
                    "insertedBy": "7EF5CD0B-AC08-4097-AF2B-07CD85992A79",
                    "updated": "2026-03-27T12:28:17.585223",
                    "updatedBy": "064EDE2E-1DAA-4758-B509-34BC38C4AA5D"
                }
            }
        }
    ]
}