{
    "type": "FeatureCollection",
    "features": [
        {
            "id": 105515236,
            "type": "Feature",
            "geometry": {
                "type": "Polygon",
                "coordinates": [
                    [
                        [
                            10342637.312320787,
                            7597354.640207085
                        ],
                        [
                            10342651.203915337,
                            7597318.162159747
                        ],
                        [
                            10342741.978710474,
                            7597357.994184697
                        ],
                        [
                            10342724.89701455,
                            7597393.31834566
                        ],
                        [
                            10342637.312320787,
                            7597354.640207085
                        ]
                    ]
                ],
                "crs": {
                    "type": "name",
                    "properties": {
                        "name": "EPSG:3857"
                    }
                }
            },
            "properties": {
                "cadastralDistrictsCode": 24,
                "category": 36368,
                "categoryName": "Земельные участки ЕГРН",
                "descr": "24:11:0130101:1943",
                "externalKey": "24:11:0130101:1943",
                "interactionId": 105449544,
                "label": "24:11:0130101:1943",
                "options": {
                    "area": null,
                    "cad_num": "24:11:0130101:1943",
                    "cost_application_date": "2023-01-01",
                    "cost_approvement_date": "",
                    "cost_determination_date": "2022-01-01",
                    "cost_index": 275.53,
                    "cost_registration_date": "2022-12-30",
                    "cost_value": 325676.46,
                    "declared_area": null,
                    "determination_couse": "Акт об утверждении результатов определения кадастровой стоимости, полученных в соответствии с положениями Закона 237-ФЗ\n\n\n\n\n\n\n\n",
                    "land_record_area": 1182,
                    "land_record_category_type": "Земли населенных пунктов",
                    "land_record_reg_date": "2013-05-08",
                    "land_record_subtype": "Землепользование",
                    "land_record_type": "Земельный участок",
                    "ownership_type": "Частная",
                    "permitted_use_established_by_document": "для ведения личного подсобного хозяйства",
                    "previously_posted": "Учтенный",
                    "quarter_cad_number": "24:11:0130101",
                    "readable_address": "Местоположение установлено относительно ориентира, расположенного за пределами участка. Почтовый адрес ориентира: Красноярский край, Емельяновский район, с.Шуваево, ул.Центральная, 1.",
                    "right_type": "Собственность",
                    "specified_area": 1182,
                    "status": "Учтенный"
                },
                "subcategory": 5,
                "systemInfo": {
                    "inserted": "2023-12-21T17:12:20.926748",
                    "insertedBy": "7EF5CD0B-AC08-4097-AF2B-07CD85992A79",
                    "updated": "2026-03-12T12:42:01.108918",
                    "updatedBy": "22F23413-4218-4EB5-B8D3-D2646E3C2FAE"
                }
            }
        },
        {
            "id": 105515241,
            "type": "Feature",
            "geometry": {
                "type": "Polygon",
                "coordinates": [
                    [
                        [
                            10342623.330767168,
                            7597391.244071189
                        ],
                        [
                            10342637.312320787,
                            7597354.640207085
                        ],
                        [
                            10342724.89701455,
                            7597393.31834566
                        ],
                        [
                            10342708.965978902,
                            7597426.236176007
                        ],
                        [
                            10342623.330767168,
                            7597391.244071189
                        ]
                    ]
                ],
                "crs": {
                    "type": "name",
                    "properties": {
                        "name": "EPSG:3857"
                    }
                }
            },
            "properties": {
                "cadastralDistrictsCode": 24,
                "category": 36368,
                "categoryName": "Земельные участки ЕГРН",
                "descr": "24:11:0130101:1946",
                "externalKey": "24:11:0130101:1946",
                "interactionId": 105449549,
                "label": "24:11:0130101:1946",
                "options": {
                    "area": null,
                    "cad_num": "24:11:0130101:1946",
                    "cost_application_date": "2023-01-01",
                    "cost_approvement_date": "",
                    "cost_determination_date": "2022-01-01",
                    "cost_index": 262.41,
                    "cost_registration_date": "2022-12-30",
                    "cost_value": 289963.05,
                    "declared_area": null,
                    "determination_couse": "Акт об утверждении результатов определения кадастровой стоимости, полученных в соответствии с положениями Закона 237-ФЗ\n\n\n\n\n\n\n\n",
                    "land_record_area": 1105,
                    "land_record_category_type": "Земли населенных пунктов",
                    "land_record_reg_date": "2013-05-08",
                    "land_record_subtype": "Землепользование",
                    "land_record_type": "Земельный участок",
                    "ownership_type": "Частная",
                    "permitted_use_established_by_document": "для ведения личного подсобного хозяйства",
                    "previously_posted": "Учтенный",
                    "quarter_cad_number": "24:11:0130101",
                    "readable_address": "Местоположение установлено относительно ориентира, расположенного за пределами участка. Почтовый адрес ориентира: Красноярский край, Емельяновский район, с.Шуваево, ул.Центральная, 1\"А\".",
                    "specified_area": 1105,
                    "status": "Учтенный"
                },
                "subcategory": 5,
                "systemInfo": {
                    "inserted": "2023-12-21T17:12:21.32749",
                    "insertedBy": "7EF5CD0B-AC08-4097-AF2B-07CD85992A79",
                    "updated": "2026-03-12T12:42:01.142702",
                    "updatedBy": "22F23413-4218-4EB5-B8D3-D2646E3C2FAE"
                }
            }
        },
        {
            "id": 105516181,
            "type": "Feature",
            "geometry": {
                "type": "Polygon",
                "coordinates": [
                    [
                        [
                            10342648.79406957,
                            7597063.8752058735
                        ],
                        [
                            10342678.495860875,
                            7596976.279886937
                        ],
                        [
                            10342749.94705249,
                            7597090.871595155
                        ],
                        [
                            10342734.128404848,
                            7597134.444053416
                        ],
                        [
                            10342648.79406957,
                            7597063.8752058735
                        ]
                    ]
                ],
                "crs": {
                    "type": "name",
                    "properties": {
                        "name": "EPSG:3857"
                    }
                }
            },
            "properties": {
                "cadastralDistrictsCode": 24,
                "category": 36368,
                "categoryName": "Земельные участки ЕГРН",
                "descr": "24:11:0130101:670",
                "externalKey": "24:11:0130101:670",
                "interactionId": 105450489,
                "label": "24:11:0130101:670",
                "options": {
                    "area": null,
                    "cad_num": "24:11:0130101:670",
                    "cost_application_date": "2023-01-01",
                    "cost_approvement_date": "",
                    "cost_determination_date": "2022-01-01",
                    "cost_index": 246.93,
                    "cost_registration_date": "2022-12-30",
                    "cost_value": 555592.5,
                    "declared_area": null,
                    "determination_couse": "Акт об утверждении результатов определения кадастровой стоимости, полученных в соответствии с положениями Закона 237-ФЗ\n\n\n",
                    "land_record_area": 2250,
                    "land_record_category_type": "Земли населенных пунктов",
                    "land_record_reg_date": "2009-08-08",
                    "land_record_subtype": "Землепользование",
                    "land_record_type": "Земельный участок",
                    "ownership_type": "Частная",
                    "permitted_use_established_by_document": "Для ведения личного подсобного хозяйства",
                    "previously_posted": "Учтенный",
                    "quarter_cad_number": "24:11:0130101",
                    "readable_address": "Местоположение установлено относительно ориентира, расположенного в границах участка. Почтовый адрес ориентира: Красноярский край, Емельяновский район, с. Шуваево, ул. Зеленая, участок № 11.",
                    "specified_area": 2250,
                    "status": "Учтенный"
                },
                "subcategory": 5,
                "systemInfo": {
                    "inserted": "2023-12-21T17:14:30.905796",
                    "insertedBy": "7EF5CD0B-AC08-4097-AF2B-07CD85992A79",
                    "updated": "2026-03-12T12:42:04.2008",
                    "updatedBy": "22F23413-4218-4EB5-B8D3-D2646E3C2FAE"
                }
            }
        },
        {
            "id": 105519407,
            "type": "Feature",
            "geometry": {
                "type": "Polygon",
                "coordinates": [
                    [
                        [
                            10342764.044412384,
                            7597738.01966466
                        ],
                        [
                            10342743.129607314,
                            7597727.8569779415
                        ],
                        [
                            10342714.132090975,
                            7597713.802030981
                        ],
                        [
                            10342729.457301123,
                            7597678.330367646
                        ],
                        [
                            10342744.818352522,
                            7597642.769031623
                        ],
                        [
                            10342760.161282307,
                            7597607.243745561
                        ],
                        [
                            10342810.235358888,
                            7597630.760112196
                        ],
                        [
                            10342764.044412384,
                            7597738.01966466
                        ]
                    ]
                ],
                "crs": {
                    "type": "name",
                    "properties": {
                        "name": "EPSG:3857"
                    }
                }
            },
            "properties": {
                "cadastralDistrictsCode": 24,
                "category": 36368,
                "categoryName": "Земельные участки ЕГРН",
                "descr": "24:11:0330102:698",
                "externalKey": "24:11:0330102:698",
                "interactionId": 105453715,
                "label": "24:11:0330102:698",
                "options": {
                    "area": null,
                    "cad_num": "24:11:0330102:698",
                    "cost_application_date": "2023-01-01",
                    "cost_approvement_date": "",
                    "cost_determination_date": "2022-01-01",
                    "cost_index": 250.34,
                    "cost_registration_date": "2022-12-30",
                    "cost_value": 500680,
                    "declared_area": null,
                    "determination_couse": "Акт об утверждении результатов определения кадастровой стоимости, полученных в соответствии с положениями Закона 237-ФЗ\n\n\n\n\n\n\n\n",
                    "land_record_area": 2000,
                    "land_record_category_type": "Земли населенных пунктов",
                    "land_record_reg_date": "2020-09-25",
                    "land_record_subtype": "Землепользование",
                    "land_record_type": "Земельный участок",
                    "ownership_type": "Частная",
                    "permitted_use_established_by_document": "одноквартирные усадебные жилые дома",
                    "previously_posted": "Учтенный",
                    "quarter_cad_number": "24:11:0330102",
                    "readable_address": "Российская Федерация, Красноярский край, Емельяновский муниципальный район, Сельское поселение Шуваевский сельсовет, Шуваево село, Озерная улица, 11",
                    "specified_area": 2000,
                    "status": "Учтенный"
                },
                "subcategory": 5,
                "systemInfo": {
                    "inserted": "2023-12-21T17:25:16.472491",
                    "insertedBy": "7EF5CD0B-AC08-4097-AF2B-07CD85992A79",
                    "updated": "2026-02-08T21:59:31.049567",
                    "updatedBy": "7EF5CD0B-AC08-4097-AF2B-07CD85992A79"
                }
            }
        },
        {
            "id": 105529440,
            "type": "Feature",
            "geometry": {
                "type": "Polygon",
                "coordinates": [
                    [
                        [
                            10342522.56832014,
                            7597000.29538367
                        ],
                        [
                            10342477.45265145,
                            7596973.51537634
                        ],
                        [
                            10342518.927811151,
                            7596892.711639136
                        ],
                        [
                            10342558.058875918,
                            7596915.889429824
                        ],
                        [
                            10342522.56832014,
                            7597000.29538367
                        ]
                    ]
                ],
                "crs": {
                    "type": "name",
                    "properties": {
                        "name": "EPSG:3857"
                    }
                }
            },
            "properties": {
                "cadastralDistrictsCode": 24,
                "category": 36368,
                "categoryName": "Земельные участки ЕГРН",
                "descr": "24:11:0130101:812",
                "externalKey": "24:11:0130101:812",
                "interactionId": 105463748,
                "label": "24:11:0130101:812",
                "options": {
                    "area": null,
                    "cad_num": "24:11:0130101:812",
                    "cost_application_date": "2023-01-01",
                    "cost_approvement_date": "",
                    "cost_determination_date": "2022-01-01",
                    "cost_index": 275.53,
                    "cost_registration_date": "2022-12-26",
                    "cost_value": 379955.87,
                    "declared_area": null,
                    "determination_couse": "Акт об утверждении результатов определения кадастровой стоимости, полученных в соответствии с положениями Закона 237-ФЗ\n\n\n\n\n",
                    "land_record_area": 1379,
                    "land_record_category_type": "Земли населенных пунктов",
                    "land_record_reg_date": "2010-11-11",
                    "land_record_subtype": "Землепользование",
                    "land_record_type": "Земельный участок",
                    "ownership_type": "Частная",
                    "permitted_use_established_by_document": "для ведения личного подсобного хозяйства",
                    "previously_posted": "Учтенный",
                    "quarter_cad_number": "24:11:0130101",
                    "readable_address": "Местоположение установлено относительно ориентира, расположенного в границах участка. Почтовый адрес ориентира: Красноярский край, Емельяновский район, с. Шуваево, ул. Весны, уч. 10.",
                    "specified_area": 1379,
                    "status": "Учтенный"
                },
                "subcategory": 5,
                "systemInfo": {
                    "inserted": "2023-12-21T17:49:42.479539",
                    "insertedBy": "7EF5CD0B-AC08-4097-AF2B-07CD85992A79",
                    "updated": "2026-03-12T12:43:52.38006",
                    "updatedBy": "22F23413-4218-4EB5-B8D3-D2646E3C2FAE"
                }
            }
        },
        {
            "id": 105529450,
            "type": "Feature",
            "geometry": {
                "type": "Polygon",
                "coordinates": [
                    [
                        [
                            10342477.45265145,
                            7596973.51537634
                        ],
                        [
                            10342431.584760508,
                            7596946.302933213
                        ],
                        [
                            10342473.02432078,
                            7596865.553586717
                        ],
                        [
                            10342518.927811151,
                            7596892.711639136
                        ],
                        [
                            10342477.45265145,
                            7596973.51537634
                        ]
                    ]
                ],
                "crs": {
                    "type": "name",
                    "properties": {
                        "name": "EPSG:3857"
                    }
                }
            },
            "properties": {
                "cadastralDistrictsCode": 24,
                "category": 36368,
                "categoryName": "Земельные участки ЕГРН",
                "descr": "24:11:0130101:810",
                "externalKey": "24:11:0130101:810",
                "interactionId": 105463758,
                "label": "24:11:0130101:810",
                "options": {
                    "area": null,
                    "cad_num": "24:11:0130101:810",
                    "cost_application_date": "2023-01-01",
                    "cost_approvement_date": "",
                    "cost_determination_date": "2022-01-01",
                    "cost_index": 262.41,
                    "cost_registration_date": "2022-12-26",
                    "cost_value": 393615,
                    "declared_area": null,
                    "determination_couse": "Акт об утверждении результатов определения кадастровой стоимости, полученных в соответствии с положениями Закона 237-ФЗ\n\n\n\n\n",
                    "land_record_area": 1500,
                    "land_record_category_type": "Земли населенных пунктов",
                    "land_record_reg_date": "2010-11-11",
                    "land_record_subtype": "Землепользование",
                    "land_record_type": "Земельный участок",
                    "ownership_type": "Частная",
                    "permitted_use_established_by_document": "для ведения личного подсобного хозяйства",
                    "previously_posted": "Учтенный",
                    "quarter_cad_number": "24:11:0130101",
                    "readable_address": "Местоположение установлено относительно ориентира, расположенного в границах участка. Почтовый адрес ориентира: Красноярский край, Емельяновский район, с. Шуваево, ул. Весны, уч. 8.",
                    "right_type": "Собственность",
                    "specified_area": 1500,
                    "status": "Учтенный"
                },
                "subcategory": 5,
                "systemInfo": {
                    "inserted": "2023-12-21T17:49:43.759244",
                    "insertedBy": "7EF5CD0B-AC08-4097-AF2B-07CD85992A79",
                    "updated": "2026-03-12T12:43:52.438329",
                    "updatedBy": "22F23413-4218-4EB5-B8D3-D2646E3C2FAE"
                }
            }
        },
        {
            "id": 105535950,
            "type": "Feature",
            "geometry": {
                "type": "Polygon",
                "coordinates": [
                    [
                        [
                            10342199.096651508,
                            7596756.220786032
                        ],
                        [
                            10342202.088420298,
                            7596758.183449796
                        ],
                        [
                            10342200.129842686,
                            7596761.181462026
                        ],
                        [
                            10342197.138073234,
                            7596759.218796734
                        ],
                        [
                            10342199.096651508,
                            7596756.220786032
                        ]
                    ]
                ],
                "crs": {
                    "type": "name",
                    "properties": {
                        "name": "EPSG:3857"
                    }
                }
            },
            "properties": {
                "cadastralDistrictsCode": 24,
                "category": 36368,
                "categoryName": "Земельные участки ЕГРН",
                "descr": "24:11:0130101:240",
                "externalKey": "24:11:0130101:240",
                "interactionId": 105470258,
                "label": "24:11:0130101:240",
                "options": {
                    "area": null,
                    "cad_num": "24:11:0130101:240",
                    "cost_application_date": "2020-11-27",
                    "cost_approvement_date": "",
                    "cost_determination_date": "",
                    "cost_index": 0,
                    "cost_registration_date": "2024-11-28",
                    "cost_value": 0,
                    "declared_area": null,
                    "determination_couse": "",
                    "land_record_area": 4,
                    "land_record_category_type": "Категория не установлена",
                    "land_record_reg_date": "2004-05-20",
                    "land_record_subtype": "Обособленный участок",
                    "land_record_type": "Земельный участок",
                    "ownership_type": null,
                    "permitted_use_established_by_document": "",
                    "previously_posted": "Ранее учтенный",
                    "quarter_cad_number": "24:11:0130101",
                    "readable_address": "Местоположение установлено относительно ориентира, расположенного в границах участка. Ориентир Опора № 40. Почтовый адрес ориентира: Красноярский край, р-н. Емельяновский.",
                    "specified_area": 4,
                    "status": "Ранее учтенный"
                },
                "subcategory": 1,
                "systemInfo": {
                    "inserted": "2023-12-21T18:02:37.08485",
                    "insertedBy": "7EF5CD0B-AC08-4097-AF2B-07CD85992A79",
                    "updated": "2026-03-12T12:44:36.515707",
                    "updatedBy": "22F23413-4218-4EB5-B8D3-D2646E3C2FAE"
                }
            }
        },
        {
            "id": 105535951,
            "type": "Feature",
            "geometry": {
                "type": "Polygon",
                "coordinates": [
                    [
                        [
                            10342256.002610626,
                            7596669.081262236
                        ],
                        [
                            10342258.994360069,
                            7596671.043881622
                        ],
                        [
                            10342257.03582684,
                            7596674.0418746015
                        ],
                        [
                            10342254.04407673,
                            7596672.079253692
                        ],
                        [
                            10342256.002610626,
                            7596669.081262236
                        ]
                    ]
                ],
                "crs": {
                    "type": "name",
                    "properties": {
                        "name": "EPSG:3857"
                    }
                }
            },
            "properties": {
                "cadastralDistrictsCode": 24,
                "category": 36368,
                "categoryName": "Земельные участки ЕГРН",
                "descr": "24:11:0130101:239",
                "externalKey": "24:11:0130101:239",
                "interactionId": 105470259,
                "label": "24:11:0130101:239",
                "options": {
                    "area": null,
                    "cad_num": "24:11:0130101:239",
                    "cost_application_date": "2020-11-27",
                    "cost_approvement_date": "",
                    "cost_determination_date": "",
                    "cost_index": 0,
                    "cost_registration_date": "2024-11-28",
                    "cost_value": 0,
                    "declared_area": null,
                    "determination_couse": "",
                    "land_record_area": 4,
                    "land_record_category_type": "Категория не установлена",
                    "land_record_reg_date": "2004-05-20",
                    "land_record_subtype": "Обособленный участок",
                    "land_record_type": "Земельный участок",
                    "ownership_type": null,
                    "permitted_use_established_by_document": "",
                    "previously_posted": "Ранее учтенный",
                    "quarter_cad_number": "24:11:0130101",
                    "readable_address": "Местоположение установлено относительно ориентира, расположенного в границах участка. Ориентир Опора № 39. Почтовый адрес ориентира: Красноярский край, р-н. Емельяновский.",
                    "specified_area": 4,
                    "status": "Ранее учтенный"
                },
                "subcategory": 1,
                "systemInfo": {
                    "inserted": "2023-12-21T18:02:37.423941",
                    "insertedBy": "7EF5CD0B-AC08-4097-AF2B-07CD85992A79",
                    "updated": "2026-03-12T12:44:36.51901",
                    "updatedBy": "22F23413-4218-4EB5-B8D3-D2646E3C2FAE"
                }
            }
        },
        {
            "id": 105557908,
            "type": "Feature",
            "geometry": {
                "type": "Polygon",
                "coordinates": [
                    [
                        [
                            10342435.216699578,
                            7597474.121837209
                        ],
                        [
                            10342441.081481963,
                            7597460.1131617725
                        ],
                        [
                            10342482.803910697,
                            7597478.480565858
                        ],
                        [
                            10342476.453355385,
                            7597493.728586545
                        ],
                        [
                            10342446.391293684,
                            7597565.928042942
                        ],
                        [
                            10342410.997056209,
                            7597548.8087132415
                        ],
                        [
                            10342441.130703967,
                            7597476.915141543
                        ],
                        [
                            10342435.216699578,
                            7597474.121837209
                        ]
                    ]
                ],
                "crs": {
                    "type": "name",
                    "properties": {
                        "name": "EPSG:3857"
                    }
                }
            },
            "properties": {
                "cadastralDistrictsCode": 24,
                "category": 36368,
                "categoryName": "Земельные участки ЕГРН",
                "descr": "24:11:0330102:753",
                "externalKey": "24:11:0330102:753",
                "interactionId": 105492216,
                "label": "24:11:0330102:753",
                "options": {
                    "area": null,
                    "cad_num": "24:11:0330102:753",
                    "cost_application_date": "2023-01-01",
                    "cost_approvement_date": "",
                    "cost_determination_date": "2022-01-01",
                    "cost_index": 275.53,
                    "cost_registration_date": "2023-03-27",
                    "cost_value": 323196.69,
                    "declared_area": null,
                    "determination_couse": "Акт бюджетного учреждения, созданного субъектом Российской Федерации, об определении кадастровой стоимости в соответствии со статьей 16 Закона 237-ФЗ\n\n\n\n\n\n\n\n\n\n\n\n\n\n\n\n\n\n\n\n\n\n\n\n\n\n\n\n\n\n\n\n\n\n\n\n\n\n\n\n\n\n\n\n\n\n\n\n\n\n\n\n\n\n\n",
                    "land_record_area": 1173,
                    "land_record_category_type": "Земли населенных пунктов",
                    "land_record_reg_date": "2022-10-24",
                    "land_record_subtype": "Землепользование",
                    "land_record_type": "Земельный участок",
                    "ownership_type": "Частная",
                    "permitted_use_established_by_document": "Для ведения личного подсобного хозяйства  - (код - 2.2)",
                    "previously_posted": "Учтенный",
                    "quarter_cad_number": "24:11:0330102",
                    "readable_address": "Российская Федерация, Красноярский край, муниципальный округ Емельяновский, село Шуваево, улица Озерная, земельный участок 7Б",
                    "specified_area": 1173,
                    "status": "Учтенный"
                },
                "subcategory": 5,
                "systemInfo": {
                    "inserted": "2023-12-21T18:52:36.485674",
                    "insertedBy": "7EF5CD0B-AC08-4097-AF2B-07CD85992A79",
                    "updated": "2026-02-13T04:35:54.96571",
                    "updatedBy": "7EF5CD0B-AC08-4097-AF2B-07CD85992A79"
                }
            }
        },
        {
            "id": 105560830,
            "type": "Feature",
            "geometry": {
                "type": "Polygon",
                "coordinates": [
                    [
                        [
                            10342491.889604306,
                            7597119.856115479
                        ],
                        [
                            10342519.034497019,
                            7597028.268250612
                        ],
                        [
                            10342549.87016119,
                            7597046.745505377
                        ],
                        [
                            10342522.387661114,
                            7597136.230852565
                        ],
                        [
                            10342491.889604306,
                            7597119.856115479
                        ]
                    ]
                ],
                "crs": {
                    "type": "name",
                    "properties": {
                        "name": "EPSG:3857"
                    }
                }
            },
            "properties": {
                "cadastralDistrictsCode": 24,
                "category": 36368,
                "categoryName": "Земельные участки ЕГРН",
                "descr": "24:11:0130101:2242",
                "externalKey": "24:11:0130101:2242",
                "interactionId": 105495138,
                "label": "24:11:0130101:2242",
                "options": {
                    "area": null,
                    "cad_num": "24:11:0130101:2242",
                    "cost_application_date": "2023-01-01",
                    "cost_approvement_date": "",
                    "cost_determination_date": "2022-01-01",
                    "cost_index": 275.53,
                    "cost_registration_date": "2022-12-29",
                    "cost_value": 278285.3,
                    "declared_area": null,
                    "determination_couse": "Акт об утверждении результатов определения кадастровой стоимости, полученных в соответствии с положениями Закона 237-ФЗ\n\n\n\n\n\n\n\n",
                    "land_record_area": 1010,
                    "land_record_category_type": "Земли населенных пунктов",
                    "land_record_reg_date": "2016-03-29",
                    "land_record_subtype": "Землепользование",
                    "land_record_type": "Земельный участок",
                    "ownership_type": "Частная",
                    "permitted_use_established_by_document": "для ведения личного подсобного хозяйства",
                    "previously_posted": "Учтенный",
                    "quarter_cad_number": "24:11:0130101",
                    "readable_address": "Местоположение установлено относительно ориентира, расположенного за пределами участка. Почтовый адрес ориентира: Россия, Красноярский край, Емельяновский район, с. Шуваево, ул. Весны, 11.",
                    "specified_area": 1010,
                    "status": "Учтенный"
                },
                "subcategory": 5,
                "systemInfo": {
                    "inserted": "2023-12-21T19:01:21.560816",
                    "insertedBy": "7EF5CD0B-AC08-4097-AF2B-07CD85992A79",
                    "updated": "2026-03-12T12:47:56.190275",
                    "updatedBy": "22F23413-4218-4EB5-B8D3-D2646E3C2FAE"
                }
            }
        },
        {
            "id": 112078208,
            "type": "Feature",
            "geometry": {
                "type": "Polygon",
                "coordinates": [
                    [
                        [
                            10343191.594638001,
                            7597733.748744616
                        ],
                        [
                            10343251.91423465,
                            7597667.243040364
                        ],
                        [
                            10343283.763450896,
                            7597696.250821924
                        ],
                        [
                            10343223.461835075,
                            7597762.757049067
                        ],
                        [
                            10343191.594638001,
                            7597733.748744616
                        ]
                    ]
                ],
                "crs": {
                    "type": "name",
                    "properties": {
                        "name": "EPSG:3857"
                    }
                }
            },
            "properties": {
                "cadastralDistrictsCode": 24,
                "category": 36368,
                "categoryName": "Земельные участки ЕГРН",
                "descr": "24:11:0130101:728",
                "externalKey": "24:11:0130101:728",
                "interactionId": 112012500,
                "label": "24:11:0130101:728",
                "options": {
                    "area": null,
                    "cad_num": "24:11:0130101:728",
                    "cost_application_date": "2023-01-01",
                    "cost_approvement_date": "",
                    "cost_determination_date": "2022-01-01",
                    "cost_index": 268.45,
                    "cost_registration_date": "2022-12-30",
                    "cost_value": 322140,
                    "declared_area": null,
                    "determination_couse": "Акт об утверждении результатов определения кадастровой стоимости, полученных в соответствии с положениями Закона 237-ФЗ\n\n\n\n\n\n",
                    "land_record_area": 1200,
                    "land_record_category_type": "Земли населенных пунктов",
                    "land_record_reg_date": "2010-03-12",
                    "land_record_subtype": "Землепользование",
                    "land_record_type": "Земельный участок",
                    "ownership_type": "Частная",
                    "permitted_use_established_by_document": "для ведения личного подсобного хозяйства",
                    "previously_posted": "Учтенный",
                    "quarter_cad_number": "24:11:0130101",
                    "readable_address": "Российская Федерация, Красноярский край, муниципальный район Емельяновский, сельское поселение Шуваевский сельсовет, село Шуваево, улица Зеленая, земельный участок 5А",
                    "specified_area": 1200,
                    "status": "Учтенный"
                },
                "subcategory": 5,
                "systemInfo": {
                    "inserted": "2024-03-05T06:29:07.614687",
                    "insertedBy": "7EF5CD0B-AC08-4097-AF2B-07CD85992A79",
                    "updated": "2026-02-08T21:44:13.333827",
                    "updatedBy": "7EF5CD0B-AC08-4097-AF2B-07CD85992A79"
                }
            }
        },
        {
            "id": 136980922,
            "type": "Feature",
            "geometry": {
                "type": "Polygon",
                "coordinates": [
                    [
                        [
                            10342344.528380888,
                            7597277.661795576
                        ],
                        [
                            10342374.973066345,
                            7597200.847830169
                        ],
                        [
                            10342411.674316194,
                            7597218.2198910015
                        ],
                        [
                            10342381.247884622,
                            7597295.0162299555
                        ],
                        [
                            10342374.007889608,
                            7597291.610185115
                        ],
                        [
                            10342344.528380888,
                            7597277.661795576
                        ]
                    ]
                ],
                "crs": {
                    "type": "name",
                    "properties": {
                        "name": "EPSG:3857"
                    }
                }
            },
            "properties": {
                "cadastralDistrictsCode": 24,
                "category": 36368,
                "categoryName": "Земельные участки ЕГРН",
                "descr": "24:11:0130101:3987",
                "externalKey": "24:11:0130101:3987",
                "interactionId": 119471931,
                "label": "24:11:0130101:3987",
                "options": {
                    "area": null,
                    "cad_num": "24:11:0130101:3987",
                    "cost_application_date": "2023-01-01",
                    "cost_approvement_date": "",
                    "cost_determination_date": "2022-01-01",
                    "cost_index": 262.41,
                    "cost_registration_date": "2022-12-29",
                    "cost_value": 272643.99,
                    "declared_area": null,
                    "determination_couse": "Акт об утверждении результатов определения кадастровой стоимости, полученных в соответствии с положениями Закона 237-ФЗ\n\n\n\n\n\n\n\n",
                    "land_record_area": 1039,
                    "land_record_category_type": "Земли населенных пунктов",
                    "land_record_reg_date": "2020-10-21",
                    "land_record_subtype": "Землепользование",
                    "land_record_type": "Земельный участок",
                    "ownership_type": "Частная",
                    "permitted_use_established_by_document": "Для ведения личного подсобного хозяйства",
                    "previously_posted": "Учтенный",
                    "quarter_cad_number": "24:11:0130101",
                    "readable_address": "Российская Федерация, Красноярский край, муниципальный район Емельяновский, сельское поселение Шуваевский сельсовет, село Шуваево, улица Короткая, земельный участок 3Б",
                    "specified_area": 1039,
                    "status": "Учтенный"
                },
                "subcategory": 5,
                "systemInfo": {
                    "inserted": "2024-04-24T02:03:02.803056",
                    "insertedBy": "7EF5CD0B-AC08-4097-AF2B-07CD85992A79",
                    "updated": "2026-02-08T22:02:49.595193",
                    "updatedBy": "7EF5CD0B-AC08-4097-AF2B-07CD85992A79"
                }
            }
        },
        {
            "id": 149650081,
            "type": "Feature",
            "geometry": {
                "type": "MultiPolygon",
                "coordinates": [
                    [
                        [
                            [
                                10343411.35540204,
                                7597683.055300834
                            ],
                            [
                                10343432.032134874,
                                7597683.116409669
                            ],
                            [
                                10343418.646821039,
                                7597718.681713396
                            ],
                            [
                                10343347.262309607,
                                7597698.036190332
                            ],
                            [
                                10343302.276807863,
                                7597676.416302215
                            ],
                            [
                                10343249.938372873,
                                7597640.806145721
                            ],
                            [
                                10343170.976272967,
                                7597571.432426213
                            ],
                            [
                                10343141.724111337,
                                7597545.734405264
                            ],
                            [
                                10343122.098421965,
                                7597522.887730981
                            ],
                            [
                                10343111.808727438,
                                7597519.963643572
                            ],
                            [
                                10343108.682357112,
                                7597510.507454956
                            ],
                            [
                                10343069.622286348,
                                7597469.93584191
                            ],
                            [
                                10342923.964965776,
                                7597308.543612258
                            ],
                            [
                                10342884.543843787,
                                7597257.423566322
                            ],
                            [
                                10342847.34987781,
                                7597203.916610395
                            ],
                            [
                                10342838.882207368,
                                7597179.018161774
                            ],
                            [
                                10342798.753927646,
                                7597107.161224063
                            ],
                            [
                                10342753.342053017,
                                7597003.492873152
                            ],
                            [
                                10342665.52536673,
                                7596789.35347315
                            ],
                            [
                                10342644.320150636,
                                7596742.967257694
                            ],
                            [
                                10342625.362996083,
                                7596705.298797063
                            ],
                            [
                                10342609.34742738,
                                7596694.263132508
                            ],
                            [
                                10342601.272339413,
                                7596671.810244686
                            ],
                            [
                                10342597.283015806,
                                7596624.0458790995
                            ],
                            [
                                10342564.245098224,
                                7596550.1539291525
                            ],
                            [
                                10342529.431340571,
                                7596477.302298951
                            ],
                            [
                                10342492.401519727,
                                7596412.946856771
                            ],
                            [
                                10342444.37473479,
                                7596340.078436995
                            ],
                            [
                                10342407.004063679,
                                7596290.222798906
                            ],
                            [
                                10342326.235317143,
                                7596207.0872925045
                            ],
                            [
                                10342213.766661165,
                                7596099.545325028
                            ],
                            [
                                10342200.555062225,
                                7596097.8382737255
                            ],
                            [
                                10342197.740582256,
                                7596084.449164773
                            ],
                            [
                                10342166.104271494,
                                7596051.867839365
                            ],
                            [
                                10342186.989906138,
                                7596027.156594252
                            ],
                            [
                                10342216.496510347,
                                7596056.896066766
                            ],
                            [
                                10342228.756221259,
                                7596059.751642583
                            ],
                            [
                                10342232.360689718,
                                7596072.369212753
                            ],
                            [
                                10342303.548331698,
                                7596145.483646522
                            ],
                            [
                                10342375.58442643,
                                7596215.329255282
                            ],
                            [
                                10342411.537096893,
                                7596252.569713649
                            ],
                            [
                                10342422.596882861,
                                7596268.054341665
                            ],
                            [
                                10342455.013697142,
                                7596308.398420062
                            ],
                            [
                                10342498.234476041,
                                7596368.305539624
                            ],
                            [
                                10342523.233939845,
                                7596404.974558568
                            ],
                            [
                                10342564.277679283,
                                7596484.895109727
                            ],
                            [
                                10342612.068700224,
                                7596588.560773204
                            ],
                            [
                                10342656.665642358,
                                7596695.044323671
                            ],
                            [
                                10342680.281117637,
                                7596749.339426991
                            ],
                            [
                                10342690.005408356,
                                7596772.369608578
                            ],
                            [
                                10342703.654819228,
                                7596783.060715531
                            ],
                            [
                                10342716.8836677,
                                7596813.786044117
                            ],
                            [
                                10342723.824552365,
                                7596853.864847114
                            ],
                            [
                                10342754.285585219,
                                7596925.922844114
                            ],
                            [
                                10342802.147893222,
                                7597034.031659122
                            ],
                            [
                                10342834.261313794,
                                7597105.140799351
                            ],
                            [
                                10342877.244394084,
                                7597188.3937435085
                            ],
                            [
                                10342898.287483249,
                                7597223.407146556
                            ],
                            [
                                10342929.886080861,
                                7597263.645331792
                            ],
                            [
                                10342974.126083553,
                                7597318.868404304
                            ],
                            [
                                10343035.74367876,
                                7597387.878496187
                            ],
                            [
                                10343073.867052892,
                                7597431.323847991
                            ],
                            [
                                10343113.91481432,
                                7597470.638581021
                            ],
                            [
                                10343122.995230852,
                                7597479.742800696
                            ],
                            [
                                10343134.151468476,
                                7597492.353777403
                            ],
                            [
                                10343155.072387781,
                                7597511.895460375
                            ],
                            [
                                10343185.82446818,
                                7597542.698705767
                            ],
                            [
                                10343212.602802653,
                                7597567.782483326
                            ],
                            [
                                10343231.101909276,
                                7597588.363408631
                            ],
                            [
                                10343274.15230309,
                                7597622.632169972
                            ],
                            [
                                10343299.14894432,
                                7597638.728517918
                            ],
                            [
                                10343348.97030148,
                                7597665.116411764
                            ],
                            [
                                10343368.939778775,
                                7597671.592264718
                            ],
                            [
                                10343390.81086649,
                                7597677.513309745
                            ],
                            [
                                10343390.864643667,
                                7597677.531345867
                            ],
                            [
                                10343411.35540204,
                                7597683.055300834
                            ]
                        ]
                    ],
                    [
                        [
                            [
                                10341739.23662068,
                                7595643.972872227
                            ],
                            [
                                10341733.061271414,
                                7595637.04719926
                            ],
                            [
                                10341730.555382567,
                                7595621.6829365855
                            ],
                            [
                                10341645.739788264,
                                7595557.513182606
                            ],
                            [
                                10341573.750983868,
                                7595500.943126422
                            ],
                            [
                                10341494.955588756,
                                7595441.003312436
                            ],
                            [
                                10341382.960656391,
                                7595355.898804052
                            ],
                            [
                                10341319.971571222,
                                7595313.892776144
                            ],
                            [
                                10341260.438440766,
                                7595275.053454894
                            ],
                            [
                                10341139.802621804,
                                7595193.239755771
                            ],
                            [
                                10341084.193806969,
                                7595156.758974376
                            ],
                            [
                                10341080.66592249,
                                7595154.274491048
                            ],
                            [
                                10341099.126983035,
                                7595133.17625987
                            ],
                            [
                                10341109.281469002,
                                7595139.910427746
                            ],
                            [
                                10341285.614294834,
                                7595259.17430547
                            ],
                            [
                                10341390.241004253,
                                7595330.435201162
                            ],
                            [
                                10341489.671224946,
                                7595401.274491961
                            ],
                            [
                                10341576.422662394,
                                7595463.615040273
                            ],
                            [
                                10341590.531514687,
                                7595476.247247242
                            ],
                            [
                                10341584.821016593,
                                7595482.742381768
                            ],
                            [
                                10341592.878225792,
                                7595489.886360233
                            ],
                            [
                                10341598.570742445,
                                7595483.427118221
                            ],
                            [
                                10341623.458352204,
                                7595505.704419555
                            ],
                            [
                                10341728.08027626,
                                7595584.831883485
                            ],
                            [
                                10341770.280556466,
                                7595624.362939022
                            ],
                            [
                                10341851.366350645,
                                7595702.935167365
                            ],
                            [
                                10341866.944810065,
                                7595703.891529509
                            ],
                            [
                                10341870.685926968,
                                7595720.766799561
                            ],
                            [
                                10341927.030940114,
                                7595774.744454247
                            ],
                            [
                                10341987.429472765,
                                7595840.94475446
                            ],
                            [
                                10342016.324799202,
                                7595857.981299008
                            ],
                            [
                                10342068.980158862,
                                7595910.749953704
                            ],
                            [
                                10342082.424084295,
                                7595912.744975708
                            ],
                            [
                                10342085.363878038,
                                7595926.080104883
                            ],
                            [
                                10342134.906421456,
                                7595974.568413724
                            ],
                            [
                                10342181.923010448,
                                7596022.011160663
                            ],
                            [
                                10342161.073281363,
                                7596046.686491804
                            ],
                            [
                                10342109.653764294,
                                7595993.703660245
                            ],
                            [
                                10342092.622789953,
                                7595979.540349208
                            ],
                            [
                                10342095.244385729,
                                7595976.687321654
                            ],
                            [
                                10342013.502562871,
                                7595901.850968589
                            ],
                            [
                                10341932.137292527,
                                7595828.110933425
                            ],
                            [
                                10341872.318916546,
                                7595770.444981313
                            ],
                            [
                                10341869.229895748,
                                7595774.195493808
                            ],
                            [
                                10341836.896047566,
                                7595742.313796907
                            ],
                            [
                                10341839.894664817,
                                7595739.10216239
                            ],
                            [
                                10341754.221015172,
                                7595659.085603585
                            ],
                            [
                                10341753.430989197,
                                7595659.910894765
                            ],
                            [
                                10341746.450125922,
                                7595652.085775585
                            ],
                            [
                                10341749.287545325,
                                7595648.766188232
                            ],
                            [
                                10341741.12224931,
                                7595641.765798034
                            ],
                            [
                                10341739.23662068,
                                7595643.972872227
                            ]
                        ]
                    ],
                    [
                        [
                            [
                                10341071.783476409,
                                7595148.063183524
                            ],
                            [
                                10340994.976172127,
                                7595094.2318956135
                            ],
                            [
                                10340960.579258513,
                                7595067.53784031
                            ],
                            [
                                10340914.876020253,
                                7595014.077449232
                            ],
                            [
                                10340880.044209126,
                                7594979.190969509
                            ],
                            [
                                10340879.972529996,
                                7594979.172894317
                            ],
                            [
                                10340859.794223052,
                                7594939.6923906235
                            ],
                            [
                                10340830.596382216,
                                7594901.940520458
                            ],
                            [
                                10340805.589711903,
                                7594866.710203658
                            ],
                            [
                                10340796.25696715,
                                7594850.689823483
                            ],
                            [
                                10340801.774619984,
                                7594853.069659344
                            ],
                            [
                                10340835.762987748,
                                7594887.936651079
                            ],
                            [
                                10340864.335927226,
                                7594935.639553908
                            ],
                            [
                                10340880.008411122,
                                7594979.154985716
                            ],
                            [
                                10340915.356266558,
                                7594958.245488127
                            ],
                            [
                                10340954.445847461,
                                7595022.312192832
                            ],
                            [
                                10340985.839358557,
                                7595055.1453153845
                            ],
                            [
                                10341040.8689361,
                                7595094.499757076
                            ],
                            [
                                10341090.029149551,
                                7595127.144308186
                            ],
                            [
                                10341071.783476409,
                                7595148.063183524
                            ]
                        ]
                    ]
                ],
                "crs": {
                    "type": "name",
                    "properties": {
                        "name": "EPSG:3857"
                    }
                }
            },
            "properties": {
                "cadastralDistrictsCode": 24,
                "category": 36368,
                "categoryName": "Земельные участки ЕГРН",
                "descr": "24:11:0000000:26975",
                "externalKey": "24:11:0000000:26975",
                "interactionId": 132124482,
                "label": "24:11:0000000:26975",
                "options": {
                    "area": null,
                    "cad_num": "24:11:0000000:26975",
                    "cost_application_date": "2023-01-01",
                    "cost_approvement_date": "",
                    "cost_determination_date": "2022-01-01",
                    "cost_index": 333.87,
                    "cost_registration_date": "2023-02-02",
                    "cost_value": 12037682.85,
                    "declared_area": null,
                    "determination_couse": "Акт об утверждении результатов определения кадастровой стоимости, полученных в соответствии с положениями Закона 237-ФЗ\n\n\n\n\n\n\n\n",
                    "land_record_area": 36055,
                    "land_record_category_type": "Земли населенных пунктов",
                    "land_record_reg_date": "2021-07-22",
                    "land_record_subtype": "Многоконтурный участок",
                    "land_record_type": "Земельный участок",
                    "ownership_type": "Государственная субъекта РФ",
                    "permitted_use_established_by_document": "земельные участки (территории) общего пользования",
                    "previously_posted": "Учтенный",
                    "quarter_cad_number": "24:11:0000000",
                    "readable_address": "Красноярский край, Емельяновский район, Шуваевский сельсовет, с. Шуваево",
                    "specified_area": 36055,
                    "status": "Учтенный"
                },
                "subcategory": 5,
                "systemInfo": {
                    "inserted": "2024-06-20T22:38:21.658831",
                    "insertedBy": "7EF5CD0B-AC08-4097-AF2B-07CD85992A79",
                    "updated": "2026-02-08T21:30:17.662182",
                    "updatedBy": "7EF5CD0B-AC08-4097-AF2B-07CD85992A79"
                }
            }
        },
        {
            "id": 149746945,
            "type": "Feature",
            "geometry": {
                "type": "Polygon",
                "coordinates": [
                    [
                        [
                            10343008.82473105,
                            7597843.175840592
                        ],
                        [
                            10342972.423126152,
                            7597826.506481766
                        ],
                        [
                            10342993.736397216,
                            7597777.437594579
                        ],
                        [
                            10343014.006955782,
                            7597730.200633185
                        ],
                        [
                            10343050.264299523,
                            7597747.210845768
                        ],
                        [
                            10343016.324641844,
                            7597826.041215757
                        ],
                        [
                            10343008.82473105,
                            7597843.175840592
                        ]
                    ]
                ],
                "crs": {
                    "type": "name",
                    "properties": {
                        "name": "EPSG:3857"
                    }
                }
            },
            "properties": {
                "cadastralDistrictsCode": 24,
                "category": 36368,
                "categoryName": "Земельные участки ЕГРН",
                "descr": "24:11:0330102:268",
                "externalKey": "24:11:0330102:268",
                "interactionId": 132221346,
                "label": "24:11:0330102:268",
                "options": {
                    "area": null,
                    "cad_num": "24:11:0330102:268",
                    "cost_application_date": "2023-01-01",
                    "cost_approvement_date": "",
                    "cost_determination_date": "2022-01-01",
                    "cost_index": 262.41,
                    "cost_registration_date": "2022-12-23",
                    "cost_value": 341133,
                    "declared_area": null,
                    "determination_couse": "Акт об утверждении результатов определения кадастровой стоимости, полученных в соответствии с положениями Закона 237-ФЗ\n\n",
                    "land_record_area": 1300,
                    "land_record_category_type": "Земли населенных пунктов",
                    "land_record_reg_date": "2017-05-17",
                    "land_record_subtype": "Землепользование",
                    "land_record_type": "Земельный участок",
                    "ownership_type": "Частная",
                    "permitted_use_established_by_document": "для ведения личного подсобного хозяйства",
                    "previously_posted": "Учтенный",
                    "quarter_cad_number": "24:11:0330102",
                    "readable_address": "Российская Федерация, Красноярский край, муниципальный район Емельяновский, сельское поселение Шуваевский сельсовет, село Шуваево, улица Озерная, земельный участок 13",
                    "right_type": "Общая долевая собственность",
                    "specified_area": 1300,
                    "status": "Учтенный"
                },
                "subcategory": 5,
                "systemInfo": {
                    "inserted": "2024-06-20T23:38:24.68411",
                    "insertedBy": "7EF5CD0B-AC08-4097-AF2B-07CD85992A79",
                    "updated": "2026-02-08T22:17:50.343301",
                    "updatedBy": "7EF5CD0B-AC08-4097-AF2B-07CD85992A79"
                }
            }
        },
        {
            "id": 153144095,
            "type": "Feature",
            "geometry": {
                "type": "Polygon",
                "coordinates": [
                    [
                        [
                            10342265.714159332,
                            7597345.389600636
                        ],
                        [
                            10342270.33867355,
                            7597333.697676538
                        ],
                        [
                            10342260.607708141,
                            7597329.120074159
                        ],
                        [
                            10342291.035405729,
                            7597252.377784426
                        ],
                        [
                            10342333.865582917,
                            7597272.633816498
                        ],
                        [
                            10342297.95371786,
                            7597360.546151101
                        ],
                        [
                            10342265.714159332,
                            7597345.389600636
                        ]
                    ]
                ],
                "crs": {
                    "type": "name",
                    "properties": {
                        "name": "EPSG:3857"
                    }
                }
            },
            "properties": {
                "cadastralDistrictsCode": 24,
                "category": 36368,
                "categoryName": "Земельные участки ЕГРН",
                "descr": "24:11:0130101:3981",
                "externalKey": "24:11:0130101:3981",
                "interactionId": 135618496,
                "label": "24:11:0130101:3981",
                "options": {
                    "area": null,
                    "cad_num": "24:11:0130101:3981",
                    "cost_application_date": "2023-01-01",
                    "cost_approvement_date": "",
                    "cost_determination_date": "2022-01-01",
                    "cost_index": 262.41,
                    "cost_registration_date": "2022-12-29",
                    "cost_value": 351366.99,
                    "declared_area": null,
                    "determination_couse": "Акт об утверждении результатов определения кадастровой стоимости, полученных в соответствии с положениями Закона 237-ФЗ\n\n\n\n\n\n\n\n",
                    "land_record_area": 1339,
                    "land_record_category_type": "Земли населенных пунктов",
                    "land_record_reg_date": "2020-10-21",
                    "land_record_subtype": "Землепользование",
                    "land_record_type": "Земельный участок",
                    "ownership_type": "Частная",
                    "permitted_use_established_by_document": "Для ведения личного подсобного хозяйства",
                    "previously_posted": "Учтенный",
                    "quarter_cad_number": "24:11:0130101",
                    "readable_address": "Российская Федерация, Красноярский край, Емельяновский муниципальный район, Сельское поселение Шуваевский сельсовет, Шуваево село, Озерная улица, земельный участок 2А",
                    "right_type": "Собственность",
                    "specified_area": 1339,
                    "status": "Учтенный"
                },
                "subcategory": 5,
                "systemInfo": {
                    "inserted": "2024-07-16T19:53:06.827619",
                    "insertedBy": "7EF5CD0B-AC08-4097-AF2B-07CD85992A79",
                    "updated": "2026-02-08T21:49:24.212191",
                    "updatedBy": "7EF5CD0B-AC08-4097-AF2B-07CD85992A79"
                }
            }
        },
        {
            "id": 153149123,
            "type": "Feature",
            "geometry": {
                "type": "Polygon",
                "coordinates": [
                    [
                        [
                            10343143.839080831,
                            7597690.27224097
                        ],
                        [
                            10343170.278315678,
                            7597714.349870579
                        ],
                        [
                            10343191.612526499,
                            7597733.784708078
                        ],
                        [
                            10343223.461835075,
                            7597762.757049067
                        ],
                        [
                            10343209.613297634,
                            7597780.512809132
                        ],
                        [
                            10343115.730051234,
                            7597739.566068576
                        ],
                        [
                            10343143.839080831,
                            7597690.27224097
                        ]
                    ]
                ],
                "crs": {
                    "type": "name",
                    "properties": {
                        "name": "EPSG:3857"
                    }
                }
            },
            "properties": {
                "cadastralDistrictsCode": 24,
                "category": 36368,
                "categoryName": "Земельные участки ЕГРН",
                "descr": "24:11:0330102:570",
                "externalKey": "24:11:0330102:570",
                "interactionId": 135623524,
                "label": "24:11:0330102:570",
                "options": {
                    "area": null,
                    "cad_num": "24:11:0330102:570",
                    "cost_application_date": "2023-01-01",
                    "cost_approvement_date": "",
                    "cost_determination_date": "2022-01-01",
                    "cost_index": 262.41,
                    "cost_registration_date": "2022-12-21",
                    "cost_value": 333260.7,
                    "declared_area": null,
                    "determination_couse": "Акт об утверждении результатов определения кадастровой стоимости, полученных в соответствии с положениями Закона 237-ФЗ\n\n\n\n",
                    "land_record_area": 1270,
                    "land_record_category_type": "Земли населенных пунктов",
                    "land_record_reg_date": "2017-10-30",
                    "land_record_subtype": "Землепользование",
                    "land_record_type": "Земельный участок",
                    "ownership_type": "Частная",
                    "permitted_use_established_by_document": "Для ведения личного подсобного хозяйства",
                    "previously_posted": "Учтенный",
                    "quarter_cad_number": "24:11:0330102",
                    "readable_address": "Российская Федерация, Красноярский край, муниципальный район Емельяновский, сельское поселение Шуваевский сельсовет, село Шуваево, улица Озерная, земельный участок 8В",
                    "right_type": "Общая совместная собственность",
                    "specified_area": 1270,
                    "status": "Учтенный"
                },
                "subcategory": 5,
                "systemInfo": {
                    "inserted": "2024-07-16T19:56:37.749329",
                    "insertedBy": "7EF5CD0B-AC08-4097-AF2B-07CD85992A79",
                    "updated": "2026-02-08T22:02:08.036654",
                    "updatedBy": "7EF5CD0B-AC08-4097-AF2B-07CD85992A79"
                }
            }
        },
        {
            "id": 153164833,
            "type": "Feature",
            "geometry": {
                "type": "Polygon",
                "coordinates": [
                    [
                        [
                            10343003.687885243,
                            7597594.528883403
                        ],
                        [
                            10343047.695944702,
                            7597622.294905639
                        ],
                        [
                            10343013.818228314,
                            7597695.103952121
                        ],
                        [
                            10342968.974473754,
                            7597675.584835582
                        ],
                        [
                            10343003.687885243,
                            7597594.528883403
                        ]
                    ]
                ],
                "crs": {
                    "type": "name",
                    "properties": {
                        "name": "EPSG:3857"
                    }
                }
            },
            "properties": {
                "cadastralDistrictsCode": 24,
                "category": 36368,
                "categoryName": "Земельные участки ЕГРН",
                "descr": "24:11:0330102:567",
                "externalKey": "24:11:0330102:567",
                "interactionId": 135639234,
                "label": "24:11:0330102:567",
                "options": {
                    "area": null,
                    "cad_num": "24:11:0330102:567",
                    "cost_application_date": "2023-01-01",
                    "cost_approvement_date": "",
                    "cost_determination_date": "2022-01-01",
                    "cost_index": 262.41,
                    "cost_registration_date": "2022-12-21",
                    "cost_value": 344281.92,
                    "declared_area": null,
                    "determination_couse": "Акт об утверждении результатов определения кадастровой стоимости, полученных в соответствии с положениями Закона 237-ФЗ\n\n\n\n",
                    "land_record_area": 1312,
                    "land_record_category_type": "Земли населенных пунктов",
                    "land_record_reg_date": "2017-10-30",
                    "land_record_subtype": "Землепользование",
                    "land_record_type": "Земельный участок",
                    "ownership_type": "Частная",
                    "permitted_use_established_by_document": "Для ведения личного подсобного хозяйства",
                    "previously_posted": "Учтенный",
                    "quarter_cad_number": "24:11:0330102",
                    "readable_address": "Российская Федерация, Красноярский край, муниципальный район Емельяновский, сельское поселение Шуваевский сельсовет, село Шуваево, улица Озерная, земельный участок 8",
                    "right_type": "Собственность",
                    "specified_area": 1312,
                    "status": "Учтенный"
                },
                "subcategory": 5,
                "systemInfo": {
                    "inserted": "2024-07-16T20:07:09.110937",
                    "insertedBy": "7EF5CD0B-AC08-4097-AF2B-07CD85992A79",
                    "updated": "2026-02-08T21:57:06.634963",
                    "updatedBy": "7EF5CD0B-AC08-4097-AF2B-07CD85992A79"
                }
            }
        },
        {
            "id": 153199685,
            "type": "Feature",
            "geometry": {
                "type": "Polygon",
                "coordinates": [
                    [
                        [
                            10342380.192879077,
                            7597399.256908872
                        ],
                        [
                            10342414.938902307,
                            7597310.964815016
                        ],
                        [
                            10342418.576837288,
                            7597312.676831996
                        ],
                        [
                            10342455.225018742,
                            7597329.976985104
                        ],
                        [
                            10342420.927464789,
                            7597418.431811826
                        ],
                        [
                            10342380.192879077,
                            7597399.256908872
                        ]
                    ]
                ],
                "crs": {
                    "type": "name",
                    "properties": {
                        "name": "EPSG:3857"
                    }
                }
            },
            "properties": {
                "cadastralDistrictsCode": 24,
                "category": 36368,
                "categoryName": "Земельные участки ЕГРН",
                "descr": "24:11:0130101:3984",
                "externalKey": "24:11:0130101:3984",
                "interactionId": 135674086,
                "label": "24:11:0130101:3984",
                "options": {
                    "area": null,
                    "cad_num": "24:11:0130101:3984",
                    "cost_application_date": "2023-01-01",
                    "cost_approvement_date": "",
                    "cost_determination_date": "2022-01-01",
                    "cost_index": 262.41,
                    "cost_registration_date": "2022-12-29",
                    "cost_value": 345331.56,
                    "declared_area": null,
                    "determination_couse": "Акт об утверждении результатов определения кадастровой стоимости, полученных в соответствии с положениями Закона 237-ФЗ\n\n\n\n\n\n\n\n",
                    "land_record_area": 1316,
                    "land_record_category_type": "Земли населенных пунктов",
                    "land_record_reg_date": "2020-10-21",
                    "land_record_subtype": "Землепользование",
                    "land_record_type": "Земельный участок",
                    "ownership_type": "Частная",
                    "permitted_use_established_by_document": "Для ведения личного подсобного хозяйства",
                    "previously_posted": "Учтенный",
                    "quarter_cad_number": "24:11:0130101",
                    "readable_address": "Российская Федерация, Красноярский край, муниципальный округ Емельяновский, село Шуваево, улица Озерная, земельный участок 2Г",
                    "right_type": "Общая совместная собственность",
                    "specified_area": 1316,
                    "status": "Учтенный"
                },
                "subcategory": 5,
                "systemInfo": {
                    "inserted": "2024-07-16T20:25:55.385978",
                    "insertedBy": "7EF5CD0B-AC08-4097-AF2B-07CD85992A79",
                    "updated": "2026-02-13T04:43:01.573927",
                    "updatedBy": "7EF5CD0B-AC08-4097-AF2B-07CD85992A79"
                }
            }
        },
        {
            "id": 153428332,
            "type": "Feature",
            "geometry": {
                "type": "Polygon",
                "coordinates": [
                    [
                        [
                            10342133.650009654,
                            7597509.308597874
                        ],
                        [
                            10342169.752192179,
                            7597428.313997314
                        ],
                        [
                            10342218.693452217,
                            7597451.904003991
                        ],
                        [
                            10342183.54235219,
                            7597532.720692626
                        ],
                        [
                            10342133.650009654,
                            7597509.308597874
                        ]
                    ]
                ],
                "crs": {
                    "type": "name",
                    "properties": {
                        "name": "EPSG:3857"
                    }
                }
            },
            "properties": {
                "cadastralDistrictsCode": 24,
                "category": 36368,
                "categoryName": "Земельные участки ЕГРН",
                "descr": "24:11:0330102:784",
                "externalKey": "24:11:0330102:784",
                "interactionId": 135902733,
                "label": "24:11:0330102:784",
                "options": {
                    "area": null,
                    "cad_num": "24:11:0330102:784",
                    "cost_application_date": "2023-06-07",
                    "cost_approvement_date": "",
                    "cost_determination_date": "2022-01-01",
                    "cost_index": 262.41,
                    "cost_registration_date": "2023-06-27",
                    "cost_value": 393877.41,
                    "declared_area": null,
                    "determination_couse": "Акт бюджетного учреждения, созданного субъектом Российской Федерации, об определении кадастровой стоимости в соответствии со статьей 16 Закона 237-ФЗ\n\n\n\n\n\n\n\n\n\n\n\n\n\n\n\n\n\n\n\n\n\n\n\n\n\n\n\n\n\n\n\n\n\n\n\n\n\n\n\n\n\n\n\n\n\n\n\n\n\n\n\n\n\n\n\n\n\n\n\n\n\n\n\n\n\n\n\n\n\n\n\n\n\n\n\n\n\n\n\n\n\n\n\n\n\n\n\n\n\n\n\n\n\n\n\n\n\n\n\n\n\n\n\n\n\n\n\n\n\n\n\n\n\n\n\n\n\n",
                    "land_record_area": 1501,
                    "land_record_category_type": "Земли населенных пунктов",
                    "land_record_reg_date": "2023-06-07",
                    "land_record_subtype": "Землепользование",
                    "land_record_type": "Земельный участок",
                    "ownership_type": "Частная",
                    "permitted_use_established_by_document": "Для ведения личного подсобного хозяйства",
                    "previously_posted": "Учтенный",
                    "quarter_cad_number": "24:11:0330102",
                    "readable_address": "Российская Федерация, Красноярский край, муниципальный район Емельяновский, сельское поселение Шуваевский сельсовет, село Шуваево, улица Парковая, земельный участок 2А",
                    "right_type": "Собственность",
                    "specified_area": 1501,
                    "status": "Учтенный"
                },
                "subcategory": 5,
                "systemInfo": {
                    "inserted": "2024-07-16T22:37:10.27557",
                    "insertedBy": "7EF5CD0B-AC08-4097-AF2B-07CD85992A79",
                    "updated": "2026-02-03T01:53:19.631545",
                    "updatedBy": "7EF5CD0B-AC08-4097-AF2B-07CD85992A79"
                }
            }
        },
        {
            "id": 153428364,
            "type": "Feature",
            "geometry": {
                "type": "Polygon",
                "coordinates": [
                    [
                        [
                            10342183.54235219,
                            7597532.720692626
                        ],
                        [
                            10342218.693452217,
                            7597451.904003991
                        ],
                        [
                            10342267.885921218,
                            7597475.60193327
                        ],
                        [
                            10342233.721676586,
                            7597556.312628615
                        ],
                        [
                            10342183.54235219,
                            7597532.720692626
                        ]
                    ]
                ],
                "crs": {
                    "type": "name",
                    "properties": {
                        "name": "EPSG:3857"
                    }
                }
            },
            "properties": {
                "cadastralDistrictsCode": 24,
                "category": 36368,
                "categoryName": "Земельные участки ЕГРН",
                "descr": "24:11:0330102:785",
                "externalKey": "24:11:0330102:785",
                "interactionId": 135902765,
                "label": "24:11:0330102:785",
                "options": {
                    "area": null,
                    "cad_num": "24:11:0330102:785",
                    "cost_application_date": "2023-06-07",
                    "cost_approvement_date": "",
                    "cost_determination_date": "2022-01-01",
                    "cost_index": 262.41,
                    "cost_registration_date": "2023-06-26",
                    "cost_value": 393615,
                    "declared_area": null,
                    "determination_couse": "Акт бюджетного учреждения, созданного субъектом Российской Федерации, об определении кадастровой стоимости в соответствии со статьей 16 Закона 237-ФЗ\n\n\n\n\n\n\n\n\n\n\n\n\n\n\n\n\n\n\n\n\n\n\n\n\n\n\n\n\n\n\n\n\n\n\n\n\n\n\n\n\n\n\n\n\n\n\n\n\n\n\n\n\n\n\n\n\n\n\n\n\n\n\n\n\n\n\n\n\n\n\n\n\n\n\n\n\n\n\n\n\n\n\n\n\n\n\n\n\n\n\n\n\n\n\n\n\n\n\n\n\n\n\n\n\n\n\n\n\n\n\n\n\n\n\n\n\n",
                    "land_record_area": 1500,
                    "land_record_category_type": "Земли населенных пунктов",
                    "land_record_reg_date": "2023-06-07",
                    "land_record_subtype": "Землепользование",
                    "land_record_type": "Земельный участок",
                    "ownership_type": "Частная",
                    "permitted_use_established_by_document": "Для ведения личного подсобного хозяйства",
                    "previously_posted": "Учтенный",
                    "quarter_cad_number": "24:11:0330102",
                    "readable_address": "Российская Федерация, Красноярский край, муниципальный район Емельяновский, сельское поселение Шуваевский сельсовет, село Шуваево, улица Парковая, земельный участок 2Б",
                    "right_type": "Собственность",
                    "specified_area": 1500,
                    "status": "Учтенный"
                },
                "subcategory": 5,
                "systemInfo": {
                    "inserted": "2024-07-16T22:37:11.580354",
                    "insertedBy": "7EF5CD0B-AC08-4097-AF2B-07CD85992A79",
                    "updated": "2026-02-03T01:54:49.264486",
                    "updatedBy": "7EF5CD0B-AC08-4097-AF2B-07CD85992A79"
                }
            }
        },
        {
            "id": 280887589,
            "type": "Feature",
            "geometry": {
                "type": "Polygon",
                "coordinates": [
                    [
                        [
                            10342787.58508491,
                            7597354.477637213
                        ],
                        [
                            10342812.091863358,
                            7597304.086656015
                        ],
                        [
                            10342847.056398345,
                            7597320.502219868
                        ],
                        [
                            10342823.55337913,
                            7597371.379902918
                        ],
                        [
                            10342787.58508491,
                            7597354.477637213
                        ]
                    ]
                ],
                "crs": {
                    "type": "name",
                    "properties": {
                        "name": "EPSG:3857"
                    }
                }
            },
            "properties": {
                "cadastralDistrictsCode": 24,
                "category": 36368,
                "categoryName": "Земельные участки ЕГРН",
                "descr": "24:11:0130101:4210",
                "externalKey": "24:11:0130101:4210",
                "interactionId": 263361986,
                "label": "24:11:0130101:4210",
                "options": {
                    "area": null,
                    "cad_num": "24:11:0130101:4210",
                    "cost_application_date": "2023-12-07",
                    "cost_approvement_date": "",
                    "cost_determination_date": "2022-01-01",
                    "cost_index": 262.41,
                    "cost_registration_date": "2023-12-28",
                    "cost_value": 178963.62,
                    "declared_area": null,
                    "determination_couse": "Акт бюджетного учреждения, созданного субъектом Российской Федерации, об определении кадастровой стоимости в соответствии со статьей 16 Закона 237-ФЗ",
                    "land_record_category_type": "Земли населенных пунктов",
                    "land_record_reg_date": "2023-12-07",
                    "land_record_subtype": "Землепользование",
                    "land_record_type": "Земельный участок",
                    "ownership_type": "Частная",
                    "permitted_use_established_by_document": "Для ведения личного подсобного хозяйства",
                    "quarter_cad_number": "24:11:0130101",
                    "readable_address": "Российская Федерация, Красноярский край, муниципальный район Емельяновский, сельское поселение Шуваевский сельсовет, село Шуваево, улица Зеленая, земельный участок 15А",
                    "right_type": "Собственность",
                    "specified_area": 682,
                    "status": "Учтенный"
                },
                "subcategory": 5,
                "systemInfo": {
                    "inserted": "2024-08-26T14:56:50.898375",
                    "insertedBy": "7EF5CD0B-AC08-4097-AF2B-07CD85992A79",
                    "updated": "2026-02-27T09:01:56.394578",
                    "updatedBy": "7EF5CD0B-AC08-4097-AF2B-07CD85992A79"
                }
            }
        },
        {
            "id": 281185265,
            "type": "Feature",
            "geometry": {
                "type": "Polygon",
                "coordinates": [
                    [
                        [
                            10342843.286774557,
                            7597239.922010001
                        ],
                        [
                            10342866.926700024,
                            7597277.508729606
                        ],
                        [
                            10342847.056398345,
                            7597320.502219868
                        ],
                        [
                            10342812.091863358,
                            7597304.086656015
                        ],
                        [
                            10342843.286774557,
                            7597239.922010001
                        ]
                    ]
                ],
                "crs": {
                    "type": "name",
                    "properties": {
                        "name": "EPSG:3857"
                    }
                }
            },
            "properties": {
                "cadastralDistrictsCode": 24,
                "category": 36368,
                "categoryName": "Земельные участки ЕГРН",
                "descr": "24:11:0130101:4211",
                "externalKey": "24:11:0130101:4211",
                "interactionId": 263659662,
                "label": "24:11:0130101:4211",
                "options": {
                    "area": null,
                    "cad_num": "24:11:0130101:4211",
                    "cost_application_date": "2023-12-07",
                    "cost_approvement_date": "",
                    "cost_determination_date": "2022-01-01",
                    "cost_index": 262.41,
                    "cost_registration_date": "2023-12-28",
                    "cost_value": 183949.41,
                    "declared_area": null,
                    "determination_couse": "Акт бюджетного учреждения, созданного субъектом Российской Федерации, об определении кадастровой стоимости в соответствии со статьей 16 Закона 237-ФЗ",
                    "land_record_category_type": "Земли населенных пунктов",
                    "land_record_reg_date": "2023-12-07",
                    "land_record_subtype": "Землепользование",
                    "land_record_type": "Земельный участок",
                    "ownership_type": "Частная",
                    "permitted_use_established_by_document": "Для ведения личного подсобного хозяйства",
                    "quarter_cad_number": "24:11:0130101",
                    "readable_address": "Российская Федерация, Красноярский край, муниципальный район Емельяновский, сельское поселение Шуваевский сельсовет, село Шуваево, улица Зеленая, земельный участок 15",
                    "right_type": "Собственность",
                    "specified_area": 701,
                    "status": "Учтенный"
                },
                "subcategory": 5,
                "systemInfo": {
                    "inserted": "2024-08-26T16:43:08.597888",
                    "insertedBy": "7EF5CD0B-AC08-4097-AF2B-07CD85992A79",
                    "updated": "2026-02-08T21:08:51.618232",
                    "updatedBy": "7EF5CD0B-AC08-4097-AF2B-07CD85992A79"
                }
            }
        },
        {
            "id": 302929643,
            "type": "Feature",
            "geometry": {
                "type": "Polygon",
                "coordinates": [
                    [
                        [
                            10342787.58508491,
                            7597354.477637213
                        ],
                        [
                            10342823.55337913,
                            7597371.379902918
                        ],
                        [
                            10342800.265865097,
                            7597421.772942991
                        ],
                        [
                            10342763.311712371,
                            7597404.401958032
                        ],
                        [
                            10342787.58508491,
                            7597354.477637213
                        ]
                    ]
                ],
                "crs": {
                    "type": "name",
                    "properties": {
                        "name": "EPSG:3857"
                    }
                }
            },
            "properties": {
                "cadastralDistrictsCode": 24,
                "category": 36368,
                "categoryName": "Земельные участки ЕГРН",
                "descr": "24:11:0130101:4209",
                "externalKey": "24:11:0130101:4209",
                "interactionId": 285404035,
                "label": "24:11:0130101:4209",
                "options": {
                    "area": null,
                    "cad_num": "24:11:0130101:4209",
                    "cost_application_date": "2023-12-07",
                    "cost_approvement_date": "",
                    "cost_determination_date": "2022-01-01",
                    "cost_index": 262.41,
                    "cost_registration_date": "2023-12-28",
                    "cost_value": 182112.54,
                    "declared_area": null,
                    "determination_couse": "Акт бюджетного учреждения, созданного субъектом Российской Федерации, об определении кадастровой стоимости в соответствии со статьей 16 Закона 237-ФЗ",
                    "land_record_category_type": "Земли населенных пунктов",
                    "land_record_reg_date": "2023-12-07",
                    "land_record_subtype": "Землепользование",
                    "land_record_type": "Земельный участок",
                    "ownership_type": "Частная",
                    "permitted_use_established_by_document": "Для ведения личного подсобного хозяйства",
                    "quarter_cad_number": "24:11:0130101",
                    "readable_address": "Российская Федерация, Красноярский край, муниципальный район Емельяновский, сельское поселение Шуваевский сельсовет, село Шуваево, улица Зеленая, земельный участок 15Б",
                    "specified_area": 694,
                    "status": "Учтенный"
                },
                "subcategory": 5,
                "systemInfo": {
                    "inserted": "2024-10-14T04:34:49.918094",
                    "insertedBy": "7EF5CD0B-AC08-4097-AF2B-07CD85992A79",
                    "updated": "2026-02-08T21:10:57.974363",
                    "updatedBy": "7EF5CD0B-AC08-4097-AF2B-07CD85992A79"
                }
            }
        },
        {
            "id": 413562217,
            "type": "Feature",
            "geometry": {
                "type": "Polygon",
                "coordinates": [
                    [
                        [
                            10342467.697337708,
                            7596759.263150474
                        ],
                        [
                            10342362.37066795,
                            7596693.267532516
                        ],
                        [
                            10342379.84215144,
                            7596661.505588352
                        ],
                        [
                            10342484.110883422,
                            7596727.301627241
                        ],
                        [
                            10342467.697337708,
                            7596759.263150474
                        ]
                    ]
                ],
                "crs": {
                    "type": "name",
                    "properties": {
                        "name": "EPSG:3857"
                    }
                }
            },
            "properties": {
                "cadastralDistrictsCode": 24,
                "category": 36368,
                "categoryName": "Земельные участки ЕГРН",
                "descr": "24:11:0130101:2186",
                "externalKey": "24:11:0130101:2186",
                "interactionId": 396036602,
                "label": "24:11:0130101:2186",
                "options": {
                    "area": null,
                    "cad_num": "24:11:0130101:2186",
                    "cost_application_date": "2023-01-01",
                    "cost_approvement_date": "",
                    "cost_determination_date": "2022-01-01",
                    "cost_index": 275.53,
                    "cost_registration_date": "2022-12-27",
                    "cost_value": 381057.99,
                    "declared_area": null,
                    "determination_couse": "Акт об утверждении результатов определения кадастровой стоимости, полученных в соответствии с положениями Закона 237-ФЗ\n\n\n\n\n\n\n",
                    "land_record_category_type": "Земли населенных пунктов",
                    "land_record_reg_date": "2015-08-24",
                    "land_record_subtype": "Землепользование",
                    "land_record_type": "Земельный участок",
                    "ownership_type": "Частная",
                    "permitted_use_established_by_document": "Для ведения личного подсобного хозяйства",
                    "quarter_cad_number": "24:11:0130101",
                    "readable_address": "Местоположение установлено относительно ориентира, расположенного за пределами участка. Почтовый адрес ориентира: Россия, Красноярский край, Емельяновский район, с. Шуваево, ул. Зеленая, 5\"А\".",
                    "specified_area": 1383,
                    "status": "Учтенный"
                },
                "subcategory": 5,
                "systemInfo": {
                    "inserted": "2024-12-07T09:08:55.945475",
                    "insertedBy": "7EF5CD0B-AC08-4097-AF2B-07CD85992A79",
                    "updated": "2026-03-14T09:06:58.080058",
                    "updatedBy": "22F23413-4218-4EB5-B8D3-D2646E3C2FAE"
                }
            }
        },
        {
            "id": 413757416,
            "type": "Feature",
            "geometry": {
                "type": "Polygon",
                "coordinates": [
                    [
                        [
                            10343012.78883416,
                            7597573.245731593
                        ],
                        [
                            10343062.306006858,
                            7597498.265280857
                        ],
                        [
                            10343109.427494667,
                            7597545.550084164
                        ],
                        [
                            10343054.84554939,
                            7597626.760594021
                        ],
                        [
                            10343003.687885243,
                            7597594.528883403
                        ],
                        [
                            10343012.78883416,
                            7597573.245731593
                        ]
                    ]
                ],
                "crs": {
                    "type": "name",
                    "properties": {
                        "name": "EPSG:3857"
                    }
                }
            },
            "properties": {
                "cadastralDistrictsCode": 24,
                "category": 36368,
                "categoryName": "Земельные участки ЕГРН",
                "descr": "24:11:0330102:26",
                "externalKey": "24:11:0330102:26",
                "interactionId": 396231801,
                "label": "24:11:0330102:26",
                "options": {
                    "area": null,
                    "cad_num": "24:11:0330102:26",
                    "cost_application_date": "2023-01-01",
                    "cost_approvement_date": "",
                    "cost_determination_date": "2022-01-01",
                    "cost_index": 249.29,
                    "cost_registration_date": "2022-12-23",
                    "cost_value": 525752.61,
                    "declared_area": null,
                    "determination_couse": "Акт об утверждении результатов определения кадастровой стоимости, полученных в соответствии с положениями Закона 237-ФЗ\n\n",
                    "land_record_category_type": "Земли населенных пунктов",
                    "land_record_reg_date": "1994-02-18",
                    "land_record_subtype": "Землепользование",
                    "land_record_type": "Земельный участок",
                    "ownership_type": "Частная",
                    "permitted_use_established_by_document": "для ведения личного подсобного хозяйства",
                    "quarter_cad_number": "24:11:0330102",
                    "readable_address": "Красноярский край, муниципальный район Емельяновский, сельское поселение Шуваевский сельсовет, село Шуваево, улица Зеленая, земельный участок 23",
                    "specified_area": 2109,
                    "status": "Ранее учтенный"
                },
                "subcategory": 5,
                "systemInfo": {
                    "inserted": "2024-12-07T11:05:55.751648",
                    "insertedBy": "7EF5CD0B-AC08-4097-AF2B-07CD85992A79",
                    "updated": "2026-02-08T21:57:30.501338",
                    "updatedBy": "7EF5CD0B-AC08-4097-AF2B-07CD85992A79"
                }
            }
        },
        {
            "id": 413757522,
            "type": "Feature",
            "geometry": {
                "type": "Polygon",
                "coordinates": [
                    [
                        [
                            10342368.526482245,
                            7597619.607914276
                        ],
                        [
                            10342400.281128457,
                            7597542.971922663
                        ],
                        [
                            10342430.377952192,
                            7597471.851106412
                        ],
                        [
                            10342441.130703967,
                            7597476.915141543
                        ],
                        [
                            10342410.997056209,
                            7597548.8087132415
                        ],
                        [
                            10342379.315241296,
                            7597624.690152035
                        ],
                        [
                            10342368.526482245,
                            7597619.607914276
                        ]
                    ]
                ],
                "crs": {
                    "type": "name",
                    "properties": {
                        "name": "EPSG:3857"
                    }
                }
            },
            "properties": {
                "cadastralDistrictsCode": 24,
                "category": 36368,
                "categoryName": "Земельные участки ЕГРН",
                "descr": "24:11:0330102:511",
                "externalKey": "24:11:0330102:511",
                "interactionId": 396231907,
                "label": "24:11:0330102:511",
                "options": {
                    "area": null,
                    "cad_num": "24:11:0330102:511",
                    "cost_application_date": "2023-01-01",
                    "cost_approvement_date": "",
                    "cost_determination_date": "2022-01-01",
                    "cost_index": 262.41,
                    "cost_registration_date": "2022-12-21",
                    "cost_value": 157446,
                    "declared_area": null,
                    "determination_couse": "Акт об утверждении результатов определения кадастровой стоимости, полученных в соответствии с положениями Закона 237-ФЗ\n\n\n\n",
                    "land_record_category_type": "Земли населенных пунктов",
                    "land_record_reg_date": "2017-09-21",
                    "land_record_subtype": "Землепользование",
                    "land_record_type": "Земельный участок",
                    "ownership_type": "Частная",
                    "permitted_use_established_by_document": "Для ведения личного подсобного хозяйства",
                    "quarter_cad_number": "24:11:0330102",
                    "readable_address": "Россия, Красноярский край, Емельяновский район, с. Шуваево, ул. Парковая",
                    "specified_area": 600,
                    "status": "Учтенный"
                },
                "subcategory": 5,
                "systemInfo": {
                    "inserted": "2024-12-07T11:05:56.627705",
                    "insertedBy": "7EF5CD0B-AC08-4097-AF2B-07CD85992A79",
                    "updated": "2026-02-08T21:59:28.46627",
                    "updatedBy": "7EF5CD0B-AC08-4097-AF2B-07CD85992A79"
                }
            }
        },
        {
            "id": 413758105,
            "type": "Feature",
            "geometry": {
                "type": "Polygon",
                "coordinates": [
                    [
                        [
                            10342771.598191055,
                            7597582.873009936
                        ],
                        [
                            10342796.264151916,
                            7597534.834880676
                        ],
                        [
                            10342800.524906605,
                            7597526.556195129
                        ],
                        [
                            10342845.253569731,
                            7597550.89177263
                        ],
                        [
                            10342820.023366,
                            7597605.578428693
                        ],
                        [
                            10342771.598191055,
                            7597582.873009936
                        ]
                    ]
                ],
                "crs": {
                    "type": "name",
                    "properties": {
                        "name": "EPSG:3857"
                    }
                }
            },
            "properties": {
                "cadastralDistrictsCode": 24,
                "category": 36368,
                "categoryName": "Земельные участки ЕГРН",
                "descr": "24:11:0330102:679",
                "externalKey": "24:11:0330102:679",
                "interactionId": 396232490,
                "label": "24:11:0330102:679",
                "options": {
                    "area": null,
                    "cad_num": "24:11:0330102:679",
                    "cost_application_date": "2023-01-01",
                    "cost_approvement_date": "",
                    "cost_determination_date": "2022-01-01",
                    "cost_index": 262.41,
                    "cost_registration_date": "2022-12-20",
                    "cost_value": 262410,
                    "declared_area": null,
                    "determination_couse": "Акт об утверждении результатов определения кадастровой стоимости, полученных в соответствии с положениями Закона 237-ФЗ\n\n\n",
                    "land_record_category_type": "Земли населенных пунктов",
                    "land_record_reg_date": "2019-12-25",
                    "land_record_subtype": "Землепользование",
                    "land_record_type": "Земельный участок",
                    "ownership_type": "Частная",
                    "permitted_use_established_by_document": "Для ведения личного подсобного хозяйства",
                    "quarter_cad_number": "24:11:0330102",
                    "readable_address": "Российская Федерация, Красноярский край, муниципальный район Емельяновский, сельское поселение Шуваевский сельсовет, село Шуваево, улица Озерная, земельный участок 4",
                    "specified_area": 1000,
                    "status": "Учтенный"
                },
                "subcategory": 5,
                "systemInfo": {
                    "inserted": "2024-12-07T11:06:00.706329",
                    "insertedBy": "7EF5CD0B-AC08-4097-AF2B-07CD85992A79",
                    "updated": "2026-02-08T21:59:26.915092",
                    "updatedBy": "7EF5CD0B-AC08-4097-AF2B-07CD85992A79"
                }
            }
        },
        {
            "id": 413758397,
            "type": "Feature",
            "geometry": {
                "type": "Polygon",
                "coordinates": [
                    [
                        [
                            10342365.26412155,
                            7597525.529480128
                        ],
                        [
                            10342366.991790418,
                            7597520.985388732
                        ],
                        [
                            10342393.765136808,
                            7597454.460715275
                        ],
                        [
                            10342430.377952192,
                            7597471.851106412
                        ],
                        [
                            10342400.281128457,
                            7597542.971922663
                        ],
                        [
                            10342365.26412155,
                            7597525.529480128
                        ]
                    ]
                ],
                "crs": {
                    "type": "name",
                    "properties": {
                        "name": "EPSG:3857"
                    }
                }
            },
            "properties": {
                "cadastralDistrictsCode": 24,
                "category": 36368,
                "categoryName": "Земельные участки ЕГРН",
                "descr": "24:11:0330102:509",
                "externalKey": "24:11:0330102:509",
                "interactionId": 396232781,
                "label": "24:11:0330102:509",
                "options": {
                    "area": null,
                    "cad_num": "24:11:0330102:509",
                    "cost_application_date": "2023-01-01",
                    "cost_approvement_date": "",
                    "cost_determination_date": "2022-01-01",
                    "cost_index": 275.53,
                    "cost_registration_date": "2022-12-21",
                    "cost_value": 261477.97,
                    "declared_area": null,
                    "determination_couse": "Акт об утверждении результатов определения кадастровой стоимости, полученных в соответствии с положениями Закона 237-ФЗ\n\n\n\n",
                    "land_record_category_type": "Земли населенных пунктов",
                    "land_record_reg_date": "2017-09-21",
                    "land_record_subtype": "Землепользование",
                    "land_record_type": "Земельный участок",
                    "ownership_type": "Частная",
                    "permitted_use_established_by_document": "Для ведения личного подсобного хозяйства",
                    "quarter_cad_number": "24:11:0330102",
                    "readable_address": "Россия, Красноярский край, Емельяновский район, с. Шуваево, ул. Озерная, 7 \"А\"",
                    "specified_area": 949,
                    "status": "Учтенный"
                },
                "subcategory": 5,
                "systemInfo": {
                    "inserted": "2024-12-07T11:06:02.388247",
                    "insertedBy": "7EF5CD0B-AC08-4097-AF2B-07CD85992A79",
                    "updated": "2026-02-08T21:57:05.512791",
                    "updatedBy": "7EF5CD0B-AC08-4097-AF2B-07CD85992A79"
                }
            }
        },
        {
            "id": 413761016,
            "type": "Feature",
            "geometry": {
                "type": "Polygon",
                "coordinates": [
                    [
                        [
                            10342379.315241296,
                            7597624.690152035
                        ],
                        [
                            10342410.997056209,
                            7597548.8087132415
                        ],
                        [
                            10342446.391293684,
                            7597565.928042942
                        ],
                        [
                            10342414.961324994,
                            7597641.432758118
                        ],
                        [
                            10342388.078904137,
                            7597628.79924187
                        ],
                        [
                            10342379.315241296,
                            7597624.690152035
                        ]
                    ]
                ],
                "crs": {
                    "type": "name",
                    "properties": {
                        "name": "EPSG:3857"
                    }
                }
            },
            "properties": {
                "cadastralDistrictsCode": 24,
                "category": 36368,
                "categoryName": "Земельные участки ЕГРН",
                "descr": "24:11:0330102:508",
                "externalKey": "24:11:0330102:508",
                "interactionId": 396235400,
                "label": "24:11:0330102:508",
                "options": {
                    "area": null,
                    "cad_num": "24:11:0330102:508",
                    "cost_application_date": "2023-01-01",
                    "cost_approvement_date": "",
                    "cost_determination_date": "2022-01-01",
                    "cost_index": 262.41,
                    "cost_registration_date": "2022-12-21",
                    "cost_value": 262410,
                    "declared_area": null,
                    "determination_couse": "Акт об утверждении результатов определения кадастровой стоимости, полученных в соответствии с положениями Закона 237-ФЗ\n\n\n\n",
                    "land_record_category_type": "Земли населенных пунктов",
                    "land_record_reg_date": "2017-09-21",
                    "land_record_subtype": "Землепользование",
                    "land_record_type": "Земельный участок",
                    "ownership_type": "Частная",
                    "permitted_use_established_by_document": "Для ведения личного подсобного хозяйства",
                    "quarter_cad_number": "24:11:0330102",
                    "readable_address": "Россия, Красноярский край, Емельяновский район, с. Шуваево, ул. Парковая, 4 \"Б\"",
                    "specified_area": 1000,
                    "status": "Учтенный"
                },
                "subcategory": 5,
                "systemInfo": {
                    "inserted": "2024-12-07T11:06:15.760284",
                    "insertedBy": "7EF5CD0B-AC08-4097-AF2B-07CD85992A79",
                    "updated": "2026-02-08T22:17:40.122986",
                    "updatedBy": "7EF5CD0B-AC08-4097-AF2B-07CD85992A79"
                }
            }
        },
        {
            "id": 413761966,
            "type": "Feature",
            "geometry": {
                "type": "Polygon",
                "coordinates": [
                    [
                        [
                            10342333.84834137,
                            7597603.333682104
                        ],
                        [
                            10342365.26412155,
                            7597525.529480128
                        ],
                        [
                            10342400.281128457,
                            7597542.971922663
                        ],
                        [
                            10342368.526482245,
                            7597619.607914276
                        ],
                        [
                            10342361.017340042,
                            7597616.0935277995
                        ],
                        [
                            10342333.84834137,
                            7597603.333682104
                        ]
                    ]
                ],
                "crs": {
                    "type": "name",
                    "properties": {
                        "name": "EPSG:3857"
                    }
                }
            },
            "properties": {
                "cadastralDistrictsCode": 24,
                "category": 36368,
                "categoryName": "Земельные участки ЕГРН",
                "descr": "24:11:0330102:507",
                "externalKey": "24:11:0330102:507",
                "interactionId": 396236351,
                "label": "24:11:0330102:507",
                "options": {
                    "area": null,
                    "cad_num": "24:11:0330102:507",
                    "cost_application_date": "2023-01-01",
                    "cost_approvement_date": "",
                    "cost_determination_date": "2022-01-01",
                    "cost_index": 262.41,
                    "cost_registration_date": "2022-12-21",
                    "cost_value": 262410,
                    "declared_area": null,
                    "determination_couse": "Акт об утверждении результатов определения кадастровой стоимости, полученных в соответствии с положениями Закона 237-ФЗ\n\n\n\n",
                    "land_record_category_type": "Земли населенных пунктов",
                    "land_record_reg_date": "2017-09-21",
                    "land_record_subtype": "Землепользование",
                    "land_record_type": "Земельный участок",
                    "ownership_type": "Частная",
                    "permitted_use_established_by_document": "Для ведения личного подсобного хозяйства",
                    "quarter_cad_number": "24:11:0330102",
                    "readable_address": "Россия, Красноярский край, Емельяновский район, с. Шуваево, ул. Парковая, 4 \"А\"",
                    "specified_area": 1000,
                    "status": "Учтенный"
                },
                "subcategory": 5,
                "systemInfo": {
                    "inserted": "2024-12-07T11:06:23.363012",
                    "insertedBy": "7EF5CD0B-AC08-4097-AF2B-07CD85992A79",
                    "updated": "2026-02-08T22:15:21.128796",
                    "updatedBy": "7EF5CD0B-AC08-4097-AF2B-07CD85992A79"
                }
            }
        },
        {
            "id": 413837396,
            "type": "Feature",
            "geometry": {
                "type": "Polygon",
                "coordinates": [
                    [
                        [
                            10342651.203915337,
                            7597318.162159747
                        ],
                        [
                            10342574.731589481,
                            7597284.601662198
                        ],
                        [
                            10342605.66043901,
                            7597192.459511515
                        ],
                        [
                            10342686.615163753,
                            7597239.592094099
                        ],
                        [
                            10342651.203915337,
                            7597318.162159747
                        ]
                    ]
                ],
                "crs": {
                    "type": "name",
                    "properties": {
                        "name": "EPSG:3857"
                    }
                }
            },
            "properties": {
                "cadastralDistrictsCode": 24,
                "category": 36368,
                "categoryName": "Земельные участки ЕГРН",
                "descr": "24:11:0130101:665",
                "externalKey": "24:11:0130101:665",
                "interactionId": 396311781,
                "label": "24:11:0130101:665",
                "options": {
                    "area": null,
                    "cad_num": "24:11:0130101:665",
                    "cost_application_date": "2023-01-01",
                    "cost_approvement_date": "",
                    "cost_determination_date": "2022-01-01",
                    "cost_index": 242.99,
                    "cost_registration_date": "2022-12-23",
                    "cost_value": 607475,
                    "declared_area": null,
                    "determination_couse": "Акт об утверждении результатов определения кадастровой стоимости, полученных в соответствии с положениями Закона 237-ФЗ\n\n\n\n",
                    "land_record_category_type": "Земли населенных пунктов",
                    "land_record_reg_date": "2009-07-31",
                    "land_record_subtype": "Землепользование",
                    "land_record_type": "Земельный участок",
                    "ownership_type": "Частная",
                    "permitted_use_established_by_document": "Для ведения личного подсобного хозяйства",
                    "quarter_cad_number": "24:11:0130101",
                    "readable_address": "Местоположение установлено относительно ориентира, расположенного в границах участка. Почтовый адрес ориентира: Красноярский край, Емельяновский район, с. Шуваево, ул. Первомайская, д. 4.",
                    "specified_area": 2500,
                    "status": "Учтенный"
                },
                "subcategory": 5,
                "systemInfo": {
                    "inserted": "2024-12-07T11:15:32.342146",
                    "insertedBy": "7EF5CD0B-AC08-4097-AF2B-07CD85992A79",
                    "updated": "2026-03-14T09:13:07.472432",
                    "updatedBy": "22F23413-4218-4EB5-B8D3-D2646E3C2FAE"
                }
            }
        },
        {
            "id": 413840572,
            "type": "Feature",
            "geometry": {
                "type": "Polygon",
                "coordinates": [
                    [
                        [
                            10342406.215999156,
                            7596609.757386636
                        ],
                        [
                            10342409.989833185,
                            7596603.491662577
                        ],
                        [
                            10342471.253720175,
                            7596660.74830008
                        ],
                        [
                            10342536.315094758,
                            7596735.097724611
                        ],
                        [
                            10342531.144937411,
                            7596739.672738771
                        ],
                        [
                            10342466.100928545,
                            7596665.754483822
                        ],
                        [
                            10342406.215999156,
                            7596609.757386636
                        ]
                    ]
                ],
                "crs": {
                    "type": "name",
                    "properties": {
                        "name": "EPSG:3857"
                    }
                }
            },
            "properties": {
                "cadastralDistrictsCode": 24,
                "category": 36368,
                "categoryName": "Земельные участки ЕГРН",
                "descr": "24:11:0130101:2299",
                "externalKey": "24:11:0130101:2299",
                "interactionId": 396314957,
                "label": "24:11:0130101:2299",
                "options": {
                    "area": null,
                    "cad_num": "24:11:0130101:2299",
                    "cost_application_date": "2023-01-01",
                    "cost_approvement_date": "",
                    "cost_determination_date": "2022-01-01",
                    "cost_index": 353.82,
                    "cost_registration_date": "2022-12-29",
                    "cost_value": 141528,
                    "declared_area": null,
                    "determination_couse": "Акт об утверждении результатов определения кадастровой стоимости, полученных в соответствии с положениями Закона 237-ФЗ\n\n\n\n\n\n\n\n",
                    "land_record_category_type": "Земли населенных пунктов",
                    "land_record_reg_date": "2017-01-11",
                    "land_record_subtype": "Землепользование",
                    "land_record_type": "Земельный участок",
                    "ownership_type": null,
                    "permitted_use_established_by_document": "Коммунальное обслуживание",
                    "quarter_cad_number": "24:11:0130101",
                    "readable_address": "Местоположение установлено относительно ориентира, расположенного за пределами участка. Почтовый адрес ориентира: Красноярский край,  Емельяновский район, МО Шуваевский сельсовет, с. Шуваево, ул. Зеленая.",
                    "specified_area": 400,
                    "status": "Учтенный"
                },
                "subcategory": 5,
                "systemInfo": {
                    "inserted": "2024-12-07T11:16:02.007398",
                    "insertedBy": "7EF5CD0B-AC08-4097-AF2B-07CD85992A79",
                    "updated": "2026-03-14T09:13:08.94003",
                    "updatedBy": "22F23413-4218-4EB5-B8D3-D2646E3C2FAE"
                }
            }
        },
        {
            "id": 413842513,
            "type": "Feature",
            "geometry": {
                "type": "Polygon",
                "coordinates": [
                    [
                        [
                            10342631.691927103,
                            7597114.920766672
                        ],
                        [
                            10342722.844674628,
                            7597165.534017004
                        ],
                        [
                            10342708.609402385,
                            7597204.760332318
                        ],
                        [
                            10342618.838143395,
                            7597153.3039285205
                        ],
                        [
                            10342631.691927103,
                            7597114.920766672
                        ]
                    ]
                ],
                "crs": {
                    "type": "name",
                    "properties": {
                        "name": "EPSG:3857"
                    }
                }
            },
            "properties": {
                "cadastralDistrictsCode": 24,
                "category": 36368,
                "categoryName": "Земельные участки ЕГРН",
                "descr": "24:11:0130101:2127",
                "externalKey": "24:11:0130101:2127",
                "interactionId": 396316898,
                "label": "24:11:0130101:2127",
                "options": {
                    "area": null,
                    "cad_num": "24:11:0130101:2127",
                    "cost_application_date": "2023-01-01",
                    "cost_approvement_date": "",
                    "cost_determination_date": "2022-01-01",
                    "cost_index": 262.41,
                    "cost_registration_date": "2022-12-28",
                    "cost_value": 342445.05,
                    "declared_area": null,
                    "determination_couse": "Акт об утверждении результатов определения кадастровой стоимости, полученных в соответствии с положениями Закона 237-ФЗ\n\n\n\n\n\n\n",
                    "land_record_category_type": "Земли населенных пунктов",
                    "land_record_reg_date": "2015-04-01",
                    "land_record_subtype": "Землепользование",
                    "land_record_type": "Земельный участок",
                    "ownership_type": "Частная",
                    "permitted_use_established_by_document": "для ведения личного подсобного хозяйства",
                    "quarter_cad_number": "24:11:0130101",
                    "readable_address": "Красноярский край, Емельяновский район, с. Шуваево, ул. Первомайская",
                    "specified_area": 1305,
                    "status": "Учтенный"
                },
                "subcategory": 5,
                "systemInfo": {
                    "inserted": "2024-12-07T11:16:21.030906",
                    "insertedBy": "7EF5CD0B-AC08-4097-AF2B-07CD85992A79",
                    "updated": "2026-02-08T21:22:27.546482",
                    "updatedBy": "7EF5CD0B-AC08-4097-AF2B-07CD85992A79"
                }
            }
        },
        {
            "id": 413842519,
            "type": "Feature",
            "geometry": {
                "type": "Polygon",
                "coordinates": [
                    [
                        [
                            10342255.983181892,
                            7597340.811985443
                        ],
                        [
                            10342260.607708141,
                            7597329.120074159
                        ],
                        [
                            10342270.33867355,
                            7597333.697676538
                        ],
                        [
                            10342265.714159332,
                            7597345.389600636
                        ],
                        [
                            10342255.983181892,
                            7597340.811985443
                        ]
                    ]
                ],
                "crs": {
                    "type": "name",
                    "properties": {
                        "name": "EPSG:3857"
                    }
                }
            },
            "properties": {
                "cadastralDistrictsCode": 24,
                "category": 36368,
                "categoryName": "Земельные участки ЕГРН",
                "descr": "24:11:0130101:1853",
                "externalKey": "24:11:0130101:1853",
                "interactionId": 396316904,
                "label": "24:11:0130101:1853",
                "options": {
                    "area": null,
                    "cad_num": "24:11:0130101:1853",
                    "cost_application_date": "2023-01-01",
                    "cost_approvement_date": "",
                    "cost_determination_date": "2022-01-01",
                    "cost_index": 262.41,
                    "cost_registration_date": "2022-12-27",
                    "cost_value": 11021.22,
                    "declared_area": null,
                    "determination_couse": "Акт об утверждении результатов определения кадастровой стоимости, полученных в соответствии с положениями Закона 237-ФЗ\n\n\n\n\n\n\n",
                    "land_record_category_type": "Земли населенных пунктов",
                    "land_record_reg_date": "2012-06-27",
                    "land_record_subtype": "Землепользование",
                    "land_record_type": "Земельный участок",
                    "ownership_type": "Частная",
                    "permitted_use_established_by_document": "для ведения личного подсобного хозяйства",
                    "quarter_cad_number": "24:11:0130101",
                    "readable_address": "Местоположение установлено относительно ориентира, расположенного за пределами участка. Почтовый адрес ориентира: Россия, Красноярский край, Емельяновский район, с. Шуваево, ул. Короткая, уч. 3\"А\".",
                    "specified_area": 42,
                    "status": "Учтенный"
                },
                "subcategory": 5,
                "systemInfo": {
                    "inserted": "2024-12-07T11:16:21.135486",
                    "insertedBy": "7EF5CD0B-AC08-4097-AF2B-07CD85992A79",
                    "updated": "2026-03-14T09:13:09.611802",
                    "updatedBy": "22F23413-4218-4EB5-B8D3-D2646E3C2FAE"
                }
            }
        },
        {
            "id": 413842762,
            "type": "Feature",
            "geometry": {
                "type": "Polygon",
                "coordinates": [
                    [
                        [
                            10342282.140176745,
                            7596857.586725679
                        ],
                        [
                            10342296.445311002,
                            7596820.86067485
                        ],
                        [
                            10342402.131494384,
                            7596887.074397287
                        ],
                        [
                            10342385.69931137,
                            7596919.054349956
                        ],
                        [
                            10342282.140176745,
                            7596857.586725679
                        ]
                    ]
                ],
                "crs": {
                    "type": "name",
                    "properties": {
                        "name": "EPSG:3857"
                    }
                }
            },
            "properties": {
                "cadastralDistrictsCode": 24,
                "category": 36368,
                "categoryName": "Земельные участки ЕГРН",
                "descr": "24:11:0130101:2181",
                "externalKey": "24:11:0130101:2181",
                "interactionId": 396317147,
                "label": "24:11:0130101:2181",
                "options": {
                    "area": null,
                    "cad_num": "24:11:0130101:2181",
                    "cost_application_date": "2023-01-01",
                    "cost_approvement_date": "",
                    "cost_determination_date": "2022-01-01",
                    "cost_index": 262.41,
                    "cost_registration_date": "2022-12-27",
                    "cost_value": 372622.2,
                    "declared_area": null,
                    "determination_couse": "Акт об утверждении результатов определения кадастровой стоимости, полученных в соответствии с положениями Закона 237-ФЗ\n\n\n\n\n\n\n",
                    "land_record_category_type": "Земли населенных пунктов",
                    "land_record_reg_date": "2015-08-24",
                    "land_record_subtype": "Землепользование",
                    "land_record_type": "Земельный участок",
                    "ownership_type": "Частная",
                    "permitted_use_established_by_document": "Для ведения личного подсобного хозяйства",
                    "quarter_cad_number": "24:11:0130101",
                    "readable_address": "Местоположение установлено относительно ориентира, расположенного за пределами участка. Почтовый адрес ориентира: Россия, Красноярский край, Емельяновский район, с. Шуваево, ул. Зеленая, 5\"Е\".",
                    "specified_area": 1420,
                    "status": "Учтенный"
                },
                "subcategory": 5,
                "systemInfo": {
                    "inserted": "2024-12-07T11:16:22.569787",
                    "insertedBy": "7EF5CD0B-AC08-4097-AF2B-07CD85992A79",
                    "updated": "2026-03-14T09:13:09.642786",
                    "updatedBy": "22F23413-4218-4EB5-B8D3-D2646E3C2FAE"
                }
            }
        },
        {
            "id": 413843488,
            "type": "Feature",
            "geometry": {
                "type": "Polygon",
                "coordinates": [
                    [
                        [
                            10342334.198670343,
                            7597079.536376687
                        ],
                        [
                            10342363.532527307,
                            7596935.106327376
                        ],
                        [
                            10342395.263284845,
                            7596954.124258193
                        ],
                        [
                            10342362.742894093,
                            7597095.010553839
                        ],
                        [
                            10342334.198670343,
                            7597079.536376687
                        ]
                    ]
                ],
                "crs": {
                    "type": "name",
                    "properties": {
                        "name": "EPSG:3857"
                    }
                }
            },
            "properties": {
                "cadastralDistrictsCode": 24,
                "category": 36368,
                "categoryName": "Земельные участки ЕГРН",
                "descr": "24:11:0130101:2269",
                "externalKey": "24:11:0130101:2269",
                "interactionId": 396317873,
                "label": "24:11:0130101:2269",
                "options": {
                    "area": null,
                    "cad_num": "24:11:0130101:2269",
                    "cost_application_date": "2023-01-01",
                    "cost_approvement_date": "",
                    "cost_determination_date": "2022-01-01",
                    "cost_index": 262.41,
                    "cost_registration_date": "2022-12-28",
                    "cost_value": 393615,
                    "declared_area": null,
                    "determination_couse": "Акт об утверждении результатов определения кадастровой стоимости, полученных в соответствии с положениями Закона 237-ФЗ\n\n\n\n\n\n\n",
                    "land_record_category_type": "Земли населенных пунктов",
                    "land_record_reg_date": "2016-08-30",
                    "land_record_subtype": "Землепользование",
                    "land_record_type": "Земельный участок",
                    "ownership_type": "Частная",
                    "permitted_use_established_by_document": "Для ведения личного подсобного хозяйства",
                    "quarter_cad_number": "24:11:0130101",
                    "readable_address": "Местоположение установлено относительно ориентира, расположенного за пределами участка. Почтовый адрес ориентира: Красноярский край, м.р-н Емельяновский, с.п. Шуваевский сельсовет, с Шуваево, ул Весны, з/у 3А.",
                    "specified_area": 1500,
                    "status": "Учтенный"
                },
                "subcategory": 5,
                "systemInfo": {
                    "inserted": "2024-12-07T11:16:31.289629",
                    "insertedBy": "7EF5CD0B-AC08-4097-AF2B-07CD85992A79",
                    "updated": "2026-03-14T09:13:09.895979",
                    "updatedBy": "22F23413-4218-4EB5-B8D3-D2646E3C2FAE"
                }
            }
        },
        {
            "id": 413843782,
            "type": "Feature",
            "geometry": {
                "type": "Polygon",
                "coordinates": [
                    [
                        [
                            10342591.462105967,
                            7596836.440769645
                        ],
                        [
                            10342591.533972465,
                            7596836.333053961
                        ],
                        [
                            10342617.890525792,
                            7596878.80963516
                        ],
                        [
                            10342591.754387984,
                            7596941.036447517
                        ],
                        [
                            10342556.386011366,
                            7596919.858283141
                        ],
                        [
                            10342557.285357878,
                            7596917.757143531
                        ],
                        [
                            10342591.462105967,
                            7596836.440769645
                        ]
                    ]
                ],
                "crs": {
                    "type": "name",
                    "properties": {
                        "name": "EPSG:3857"
                    }
                }
            },
            "properties": {
                "cadastralDistrictsCode": 24,
                "category": 36368,
                "categoryName": "Земельные участки ЕГРН",
                "descr": "24:11:0130101:4021",
                "externalKey": "24:11:0130101:4021",
                "interactionId": 396318167,
                "label": "24:11:0130101:4021",
                "options": {
                    "area": null,
                    "cad_num": "24:11:0130101:4021",
                    "cost_application_date": "2023-01-01",
                    "cost_approvement_date": "",
                    "cost_determination_date": "2022-01-01",
                    "cost_index": 262.41,
                    "cost_registration_date": "2022-12-20",
                    "cost_value": 262410,
                    "declared_area": null,
                    "determination_couse": "Акт об утверждении результатов определения кадастровой стоимости, полученных в соответствии с положениями Закона 237-ФЗ\n\n\n",
                    "land_record_category_type": "Земли населенных пунктов",
                    "land_record_reg_date": "2021-05-28",
                    "land_record_subtype": "Землепользование",
                    "land_record_type": "Земельный участок",
                    "ownership_type": "Частная",
                    "permitted_use_established_by_document": "Приусадебный участок личного подсобного хозяйства",
                    "quarter_cad_number": "24:11:0130101",
                    "readable_address": "Российская Федерация, Красноярский край, муниципальный район Емельяновский, сельское поселение Шуваевский сельсовет, село Шуваево, улица Зеленая, земельный участок 9",
                    "specified_area": 1000,
                    "status": "Учтенный"
                },
                "subcategory": 5,
                "systemInfo": {
                    "inserted": "2024-12-07T11:16:34.128625",
                    "insertedBy": "7EF5CD0B-AC08-4097-AF2B-07CD85992A79",
                    "updated": "2026-02-09T12:10:42.647208",
                    "updatedBy": "7EF5CD0B-AC08-4097-AF2B-07CD85992A79"
                }
            }
        },
        {
            "id": 413845227,
            "type": "Feature",
            "geometry": {
                "type": "Polygon",
                "coordinates": [
                    [
                        [
                            10342267.777958842,
                            7597475.871335268
                        ],
                        [
                            10342303.038874507,
                            7597392.575174788
                        ],
                        [
                            10342400.296453109,
                            7597438.242710529
                        ],
                        [
                            10342393.765136808,
                            7597454.460715275
                        ],
                        [
                            10342366.991790418,
                            7597520.985388732
                        ],
                        [
                            10342267.777958842,
                            7597475.871335268
                        ]
                    ]
                ],
                "crs": {
                    "type": "name",
                    "properties": {
                        "name": "EPSG:3857"
                    }
                }
            },
            "properties": {
                "cadastralDistrictsCode": 24,
                "category": 36368,
                "categoryName": "Земельные участки ЕГРН",
                "descr": "24:11:0130101:661",
                "externalKey": "24:11:0130101:661",
                "interactionId": 396319612,
                "label": "24:11:0130101:661",
                "options": {
                    "area": null,
                    "cad_num": "24:11:0130101:661",
                    "cost_application_date": "2023-01-01",
                    "cost_approvement_date": "",
                    "cost_determination_date": "2022-01-01",
                    "cost_index": 236.43,
                    "cost_registration_date": "2022-12-23",
                    "cost_value": 712600.02,
                    "declared_area": null,
                    "determination_couse": "Акт об утверждении результатов определения кадастровой стоимости, полученных в соответствии с положениями Закона 237-ФЗ\n\n\n\n",
                    "land_record_category_type": "Земли населенных пунктов",
                    "land_record_reg_date": "1992-09-29",
                    "land_record_subtype": "Землепользование",
                    "land_record_type": "Земельный участок",
                    "ownership_type": "Частная",
                    "permitted_use_established_by_document": "для ведения личного подсобного хозяйства",
                    "quarter_cad_number": "24:11:0130101",
                    "readable_address": "Местоположение установлено относительно ориентира, расположенного в границах участка. Почтовый адрес ориентира: Красноярский край, Емельяновский район, с. Шуваево, ул. Озерная, 5.",
                    "specified_area": 3014,
                    "status": "Ранее учтенный"
                },
                "subcategory": 5,
                "systemInfo": {
                    "inserted": "2024-12-07T11:16:48.502697",
                    "insertedBy": "7EF5CD0B-AC08-4097-AF2B-07CD85992A79",
                    "updated": "2026-03-14T09:13:10.367967",
                    "updatedBy": "22F23413-4218-4EB5-B8D3-D2646E3C2FAE"
                }
            }
        },
        {
            "id": 413845704,
            "type": "Feature",
            "geometry": {
                "type": "Polygon",
                "coordinates": [
                    [
                        [
                            10342303.038874507,
                            7597392.575174788
                        ],
                        [
                            10342267.885921218,
                            7597475.60193327
                        ],
                        [
                            10342169.752192179,
                            7597428.313997314
                        ],
                        [
                            10342206.015447296,
                            7597346.996843869
                        ],
                        [
                            10342303.038874507,
                            7597392.575174788
                        ]
                    ]
                ],
                "crs": {
                    "type": "name",
                    "properties": {
                        "name": "EPSG:3857"
                    }
                }
            },
            "properties": {
                "cadastralDistrictsCode": 24,
                "category": 36368,
                "categoryName": "Земельные участки ЕГРН",
                "descr": "24:11:0130101:576",
                "externalKey": "24:11:0130101:576",
                "interactionId": 396320089,
                "label": "24:11:0130101:576",
                "options": {
                    "area": null,
                    "cad_num": "24:11:0130101:576",
                    "cost_application_date": "2023-01-01",
                    "cost_approvement_date": "",
                    "cost_determination_date": "2022-01-01",
                    "cost_index": 236.43,
                    "cost_registration_date": "2022-12-23",
                    "cost_value": 709999.29,
                    "declared_area": null,
                    "determination_couse": "Акт об утверждении результатов определения кадастровой стоимости, полученных в соответствии с положениями Закона 237-ФЗ\n\n\n\n\n",
                    "land_record_category_type": "Земли населенных пунктов",
                    "land_record_reg_date": "1992-11-20",
                    "land_record_subtype": "Землепользование",
                    "land_record_type": "Земельный участок",
                    "ownership_type": "Частная",
                    "permitted_use_established_by_document": "для ведения личного подсобного хозяйства",
                    "quarter_cad_number": "24:11:0130101",
                    "readable_address": "Местоположение установлено относительно ориентира, расположенного в границах участка. Почтовый адрес ориентира: Красноярский край, Емельяновский район, с. Шуваево, м.р. Восточный, ул. Озерная, 3.",
                    "specified_area": 3003,
                    "status": "Ранее учтенный"
                },
                "subcategory": 5,
                "systemInfo": {
                    "inserted": "2024-12-07T11:16:55.36097",
                    "insertedBy": "7EF5CD0B-AC08-4097-AF2B-07CD85992A79",
                    "updated": "2026-03-14T09:13:10.435682",
                    "updatedBy": "22F23413-4218-4EB5-B8D3-D2646E3C2FAE"
                }
            }
        },
        {
            "id": 414264678,
            "type": "Feature",
            "geometry": {
                "type": "Polygon",
                "coordinates": [
                    [
                        [
                            10342972.423126152,
                            7597826.506481766
                        ],
                        [
                            10342915.517883603,
                            7597800.483885071
                        ],
                        [
                            10342936.941381877,
                            7597749.582459624
                        ],
                        [
                            10342993.736397216,
                            7597777.437594579
                        ],
                        [
                            10342972.423126152,
                            7597826.506481766
                        ]
                    ]
                ],
                "crs": {
                    "type": "name",
                    "properties": {
                        "name": "EPSG:3857"
                    }
                }
            },
            "properties": {
                "cadastralDistrictsCode": 24,
                "category": 36368,
                "categoryName": "Земельные участки ЕГРН",
                "descr": "24:11:0330102:269",
                "externalKey": "24:11:0330102:269",
                "interactionId": 396739061,
                "label": "24:11:0330102:269",
                "options": {
                    "area": null,
                    "cad_num": "24:11:0330102:269",
                    "cost_application_date": "2023-01-01",
                    "cost_approvement_date": "",
                    "cost_determination_date": "2022-01-01",
                    "cost_index": 262.41,
                    "cost_registration_date": "2022-12-23",
                    "cost_value": 278417.01,
                    "declared_area": null,
                    "determination_couse": "Акт об утверждении результатов определения кадастровой стоимости, полученных в соответствии с положениями Закона 237-ФЗ\n\n",
                    "land_record_category_type": "Земли населенных пунктов",
                    "land_record_reg_date": "2017-05-17",
                    "land_record_subtype": "Землепользование",
                    "land_record_type": "Земельный участок",
                    "ownership_type": "Частная",
                    "permitted_use_established_by_document": "для ведения личного подсобного хозяйства",
                    "quarter_cad_number": "24:11:0330102",
                    "readable_address": "Россия, Красноярский край, Емельяновский район, с. Шуваево, ул. Озерная, 13 \"А\"",
                    "specified_area": 1061,
                    "status": "Учтенный"
                },
                "subcategory": 5,
                "systemInfo": {
                    "inserted": "2024-12-07T11:51:52.98782",
                    "insertedBy": "7EF5CD0B-AC08-4097-AF2B-07CD85992A79",
                    "updated": "2026-02-08T21:57:14.349019",
                    "updatedBy": "7EF5CD0B-AC08-4097-AF2B-07CD85992A79"
                }
            }
        },
        {
            "id": 414264733,
            "type": "Feature",
            "geometry": {
                "type": "Polygon",
                "coordinates": [
                    [
                        [
                            10343174.856698941,
                            7597998.241299454
                        ],
                        [
                            10343206.436329082,
                            7597912.900029035
                        ],
                        [
                            10343235.848746663,
                            7597926.325002586
                        ],
                        [
                            10343210.291152913,
                            7598014.890890881
                        ],
                        [
                            10343174.856698941,
                            7597998.241299454
                        ]
                    ]
                ],
                "crs": {
                    "type": "name",
                    "properties": {
                        "name": "EPSG:3857"
                    }
                }
            },
            "properties": {
                "cadastralDistrictsCode": 24,
                "category": 36368,
                "categoryName": "Земельные участки ЕГРН",
                "descr": "24:11:0330102:216",
                "externalKey": "24:11:0330102:216",
                "interactionId": 396739118,
                "label": "24:11:0330102:216",
                "options": {
                    "area": null,
                    "cad_num": "24:11:0330102:216",
                    "cost_application_date": "2023-01-01",
                    "cost_approvement_date": "",
                    "cost_determination_date": "2022-01-01",
                    "cost_index": 252.18,
                    "cost_registration_date": "2022-12-20",
                    "cost_value": 254197.44,
                    "declared_area": null,
                    "determination_couse": "Акт об утверждении результатов определения кадастровой стоимости, полученных в соответствии с положениями Закона 237-ФЗ\n\n\n",
                    "land_record_category_type": "Земли населенных пунктов",
                    "land_record_reg_date": "2014-05-13",
                    "land_record_subtype": "Землепользование",
                    "land_record_type": "Земельный участок",
                    "ownership_type": "Частная",
                    "permitted_use_established_by_document": "Для ведения личного подсобного хозяйства",
                    "quarter_cad_number": "24:11:0330102",
                    "readable_address": "Российская Федерация, Красноярский край, муниципальный район Емельяновский, сельское поселение Шуваевский сельсовет, село Шуваево, улица Парковая, земельный участок 14Б",
                    "specified_area": 1008,
                    "status": "Учтенный"
                },
                "subcategory": 5,
                "systemInfo": {
                    "inserted": "2024-12-07T11:51:53.075939",
                    "insertedBy": "7EF5CD0B-AC08-4097-AF2B-07CD85992A79",
                    "updated": "2026-02-08T21:59:38.515032",
                    "updatedBy": "7EF5CD0B-AC08-4097-AF2B-07CD85992A79"
                }
            }
        },
        {
            "id": 414265551,
            "type": "Feature",
            "geometry": {
                "type": "Polygon",
                "coordinates": [
                    [
                        [
                            10342980.803262128,
                            7597907.134567435
                        ],
                        [
                            10342888.267900098,
                            7597863.688133334
                        ],
                        [
                            10342915.517883603,
                            7597800.483885071
                        ],
                        [
                            10343008.82473105,
                            7597843.175840592
                        ],
                        [
                            10342980.803262128,
                            7597907.134567435
                        ]
                    ]
                ],
                "crs": {
                    "type": "name",
                    "properties": {
                        "name": "EPSG:3857"
                    }
                }
            },
            "properties": {
                "cadastralDistrictsCode": 24,
                "category": 36368,
                "categoryName": "Земельные участки ЕГРН",
                "descr": "24:11:0330102:33",
                "externalKey": "24:11:0330102:33",
                "interactionId": 396739936,
                "label": "24:11:0330102:33",
                "options": {
                    "area": null,
                    "cad_num": "24:11:0330102:33",
                    "cost_application_date": "2023-01-01",
                    "cost_approvement_date": "",
                    "cost_determination_date": "2022-01-01",
                    "cost_index": 247.72,
                    "cost_registration_date": "2022-12-23",
                    "cost_value": 545479.44,
                    "declared_area": null,
                    "determination_couse": "Акт об утверждении результатов определения кадастровой стоимости, полученных в соответствии с положениями Закона 237-ФЗ\n\n",
                    "land_record_category_type": "Земли населенных пунктов",
                    "land_record_reg_date": "1992-10-31",
                    "land_record_subtype": "Землепользование",
                    "land_record_type": "Земельный участок",
                    "ownership_type": "Частная",
                    "permitted_use_established_by_document": "для ведения личного подсобного хозяйства",
                    "quarter_cad_number": "24:11:0330102",
                    "readable_address": "Местоположение установлено относительно ориентира, расположенного в границах участка. Почтовый адрес ориентира: Красноярский край, Емельяновский район, с. Шуваево, ул. Парковая, 10.",
                    "specified_area": 2202,
                    "status": "Ранее учтенный"
                },
                "subcategory": 5,
                "systemInfo": {
                    "inserted": "2024-12-07T11:51:55.986929",
                    "insertedBy": "7EF5CD0B-AC08-4097-AF2B-07CD85992A79",
                    "updated": "2026-03-14T09:19:28.890984",
                    "updatedBy": "22F23413-4218-4EB5-B8D3-D2646E3C2FAE"
                }
            }
        },
        {
            "id": 414265847,
            "type": "Feature",
            "geometry": {
                "type": "Polygon",
                "coordinates": [
                    [
                        [
                            10342169.752192179,
                            7597428.313997314
                        ],
                        [
                            10342118.050889008,
                            7597403.821430406
                        ],
                        [
                            10342153.328651577,
                            7597322.251841899
                        ],
                        [
                            10342206.015447296,
                            7597346.996843869
                        ],
                        [
                            10342169.752192179,
                            7597428.313997314
                        ]
                    ]
                ],
                "crs": {
                    "type": "name",
                    "properties": {
                        "name": "EPSG:3857"
                    }
                }
            },
            "properties": {
                "cadastralDistrictsCode": 24,
                "category": 36368,
                "categoryName": "Земельные участки ЕГРН",
                "descr": "24:11:0330102:136",
                "externalKey": "24:11:0330102:136",
                "interactionId": 396740232,
                "label": "24:11:0330102:136",
                "options": {
                    "area": null,
                    "cad_num": "24:11:0330102:136",
                    "cost_application_date": "2023-01-01",
                    "cost_approvement_date": "",
                    "cost_determination_date": "2022-01-01",
                    "cost_index": 260.05,
                    "cost_registration_date": "2022-12-26",
                    "cost_value": 414259.65,
                    "declared_area": null,
                    "determination_couse": "Акт об утверждении результатов определения кадастровой стоимости, полученных в соответствии с положениями Закона 237-ФЗ\n\n\n\n\n\n",
                    "land_record_category_type": "Земли населенных пунктов",
                    "land_record_reg_date": "2009-08-04",
                    "land_record_subtype": "Землепользование",
                    "land_record_type": "Земельный участок",
                    "ownership_type": null,
                    "permitted_use_established_by_document": "для ведения личного подсобного хозяйства",
                    "quarter_cad_number": "24:11:0330102",
                    "readable_address": "Местоположение установлено относительно ориентира, расположенного в границах участка. Почтовый адрес ориентира: Красноярский край, Емельяновский район, с. Шуваево, ул. Озерная, участок № 1.",
                    "specified_area": 1593,
                    "status": "Учтенный"
                },
                "subcategory": 5,
                "systemInfo": {
                    "inserted": "2024-12-07T11:51:57.4034",
                    "insertedBy": "7EF5CD0B-AC08-4097-AF2B-07CD85992A79",
                    "updated": "2026-03-14T09:19:29.026377",
                    "updatedBy": "22F23413-4218-4EB5-B8D3-D2646E3C2FAE"
                }
            }
        },
        {
            "id": 414265985,
            "type": "Feature",
            "geometry": {
                "type": "Polygon",
                "coordinates": [
                    [
                        [
                            10342133.650009654,
                            7597509.308597874
                        ],
                        [
                            10342082.754420312,
                            7597485.409662392
                        ],
                        [
                            10342118.050889008,
                            7597403.821430406
                        ],
                        [
                            10342169.752192179,
                            7597428.313997314
                        ],
                        [
                            10342133.650009654,
                            7597509.308597874
                        ]
                    ]
                ],
                "crs": {
                    "type": "name",
                    "properties": {
                        "name": "EPSG:3857"
                    }
                }
            },
            "properties": {
                "cadastralDistrictsCode": 24,
                "category": 36368,
                "categoryName": "Земельные участки ЕГРН",
                "descr": "24:11:0330102:135",
                "externalKey": "24:11:0330102:135",
                "interactionId": 396740369,
                "label": "24:11:0330102:135",
                "options": {
                    "area": null,
                    "cad_num": "24:11:0330102:135",
                    "cost_application_date": "2023-01-01",
                    "cost_approvement_date": "",
                    "cost_determination_date": "2022-01-01",
                    "cost_index": 260.84,
                    "cost_registration_date": "2022-12-26",
                    "cost_value": 407432.08,
                    "declared_area": null,
                    "determination_couse": "Акт об утверждении результатов определения кадастровой стоимости, полученных в соответствии с положениями Закона 237-ФЗ\n\n\n\n\n\n",
                    "land_record_category_type": "Земли населенных пунктов",
                    "land_record_reg_date": "2009-08-03",
                    "land_record_subtype": "Землепользование",
                    "land_record_type": "Земельный участок",
                    "ownership_type": null,
                    "permitted_use_established_by_document": "для ведения личного подсобного хозяйства",
                    "quarter_cad_number": "24:11:0330102",
                    "readable_address": "Местоположение установлено относительно ориентира, расположенного в границах участка. Почтовый адрес ориентира: Красноярский край, Емельяновский район, с. Шуваево, ул. Парковая, участок № 2.",
                    "specified_area": 1562,
                    "status": "Учтенный"
                },
                "subcategory": 5,
                "systemInfo": {
                    "inserted": "2024-12-07T11:51:58.001205",
                    "insertedBy": "7EF5CD0B-AC08-4097-AF2B-07CD85992A79",
                    "updated": "2026-03-14T09:19:29.078799",
                    "updatedBy": "22F23413-4218-4EB5-B8D3-D2646E3C2FAE"
                }
            }
        },
        {
            "id": 414266047,
            "type": "Feature",
            "geometry": {
                "type": "Polygon",
                "coordinates": [
                    [
                        [
                            10343170.770476434,
                            7597607.103096843
                        ],
                        [
                            10343117.274615595,
                            7597666.086615116
                        ],
                        [
                            10343054.84554939,
                            7597626.760594021
                        ],
                        [
                            10343109.427494667,
                            7597545.550084164
                        ],
                        [
                            10343170.770476434,
                            7597607.103096843
                        ]
                    ]
                ],
                "crs": {
                    "type": "name",
                    "properties": {
                        "name": "EPSG:3857"
                    }
                }
            },
            "properties": {
                "cadastralDistrictsCode": 24,
                "category": 36368,
                "categoryName": "Земельные участки ЕГРН",
                "descr": "24:11:0330102:127",
                "externalKey": "24:11:0330102:127",
                "interactionId": 396740432,
                "label": "24:11:0330102:127",
                "options": {
                    "area": null,
                    "cad_num": "24:11:0330102:127",
                    "cost_application_date": "2023-01-01",
                    "cost_approvement_date": "",
                    "cost_determination_date": "2022-01-01",
                    "cost_index": 260.31,
                    "cost_registration_date": "2022-12-26",
                    "cost_value": 570599.52,
                    "declared_area": null,
                    "determination_couse": "Акт об утверждении результатов определения кадастровой стоимости, полученных в соответствии с положениями Закона 237-ФЗ\n\n\n\n\n\n",
                    "land_record_category_type": "Земли населенных пунктов",
                    "land_record_reg_date": "1992-10-31",
                    "land_record_subtype": "Землепользование",
                    "land_record_type": "Земельный участок",
                    "ownership_type": "Частная",
                    "permitted_use_established_by_document": "для ведения личного подсобного хозяйства",
                    "quarter_cad_number": "24:11:0330102",
                    "readable_address": "Местоположение установлено относительно ориентира, расположенного в границах участка. Почтовый адрес ориентира: Россия, Красноярский край, Емельяновский район, с. Шуваево, ул. Зеленая, 25.",
                    "specified_area": 2192,
                    "status": "Ранее учтенный"
                },
                "subcategory": 5,
                "systemInfo": {
                    "inserted": "2024-12-07T11:51:58.280692",
                    "insertedBy": "7EF5CD0B-AC08-4097-AF2B-07CD85992A79",
                    "updated": "2026-03-14T09:19:29.06667",
                    "updatedBy": "22F23413-4218-4EB5-B8D3-D2646E3C2FAE"
                }
            }
        },
        {
            "id": 414266215,
            "type": "Feature",
            "geometry": {
                "type": "Polygon",
                "coordinates": [
                    [
                        [
                            10342693.279842721,
                            7597546.093488262
                        ],
                        [
                            10342720.08558633,
                            7597493.8895948315
                        ],
                        [
                            10342796.264151916,
                            7597534.834880676
                        ],
                        [
                            10342771.598191055,
                            7597582.873009936
                        ],
                        [
                            10342693.279842721,
                            7597546.093488262
                        ]
                    ]
                ],
                "crs": {
                    "type": "name",
                    "properties": {
                        "name": "EPSG:3857"
                    }
                }
            },
            "properties": {
                "cadastralDistrictsCode": 24,
                "category": 36368,
                "categoryName": "Земельные участки ЕГРН",
                "descr": "24:11:0330102:681",
                "externalKey": "24:11:0330102:681",
                "interactionId": 396740599,
                "label": "24:11:0330102:681",
                "options": {
                    "area": null,
                    "cad_num": "24:11:0330102:681",
                    "cost_application_date": "2023-01-01",
                    "cost_approvement_date": "",
                    "cost_determination_date": "2022-01-01",
                    "cost_index": 262.15,
                    "cost_registration_date": "2022-12-20",
                    "cost_value": 396370.8,
                    "declared_area": null,
                    "determination_couse": "Акт об утверждении результатов определения кадастровой стоимости, полученных в соответствии с положениями Закона 237-ФЗ\n\n\n",
                    "land_record_category_type": "Земли населенных пунктов",
                    "land_record_reg_date": "2020-02-06",
                    "land_record_subtype": "Землепользование",
                    "land_record_type": "Земельный участок",
                    "ownership_type": "Частная",
                    "permitted_use_established_by_document": "Одноквартирные усадебные жилые дома",
                    "quarter_cad_number": "24:11:0330102",
                    "readable_address": "Российская Федерация, Красноярский край, муниципальный район Емельяновский, сельское поселение Шуваевский сельсовет, село Шуваево, улица Центральная, земельный участок 2А",
                    "specified_area": 1512,
                    "status": "Учтенный"
                },
                "subcategory": 5,
                "systemInfo": {
                    "inserted": "2024-12-07T11:51:59.11092",
                    "insertedBy": "7EF5CD0B-AC08-4097-AF2B-07CD85992A79",
                    "updated": "2026-02-08T22:02:06.316309",
                    "updatedBy": "7EF5CD0B-AC08-4097-AF2B-07CD85992A79"
                }
            }
        },
        {
            "id": 414266238,
            "type": "Feature",
            "geometry": {
                "type": "Polygon",
                "coordinates": [
                    [
                        [
                            10342483.527398743,
                            7597594.820088593
                        ],
                        [
                            10342524.526873093,
                            7597496.596206557
                        ],
                        [
                            10342566.050942078,
                            7597516.095093412
                        ],
                        [
                            10342524.281258395,
                            7597613.959011661
                        ],
                        [
                            10342491.86095904,
                            7597598.730794666
                        ],
                        [
                            10342483.527398743,
                            7597594.820088593
                        ]
                    ]
                ],
                "crs": {
                    "type": "name",
                    "properties": {
                        "name": "EPSG:3857"
                    }
                }
            },
            "properties": {
                "cadastralDistrictsCode": 24,
                "category": 36368,
                "categoryName": "Земельные участки ЕГРН",
                "descr": "24:11:0330102:665",
                "externalKey": "24:11:0330102:665",
                "interactionId": 396740623,
                "label": "24:11:0330102:665",
                "options": {
                    "area": null,
                    "cad_num": "24:11:0330102:665",
                    "cost_application_date": "2023-01-01",
                    "cost_approvement_date": "",
                    "cost_determination_date": "2022-01-01",
                    "cost_index": 261.62,
                    "cost_registration_date": "2022-12-20",
                    "cost_value": 392430,
                    "declared_area": null,
                    "determination_couse": "Акт об утверждении результатов определения кадастровой стоимости, полученных в соответствии с положениями Закона 237-ФЗ\n\n\n",
                    "land_record_category_type": "Земли населенных пунктов",
                    "land_record_reg_date": "2018-11-24",
                    "land_record_subtype": "Землепользование",
                    "land_record_type": "Земельный участок",
                    "ownership_type": "Частная",
                    "permitted_use_established_by_document": "одноквартирные усадебные жилые дома",
                    "quarter_cad_number": "24:11:0330102",
                    "readable_address": "Российская Федерация, Красноярский край, Емельяновский муниципальный район, сельское поселение Шуваевский сельсовет, Шуваево село, Озерная улица, уч. 9 А",
                    "specified_area": 1500,
                    "status": "Учтенный"
                },
                "subcategory": 5,
                "systemInfo": {
                    "inserted": "2024-12-07T11:51:59.239335",
                    "insertedBy": "7EF5CD0B-AC08-4097-AF2B-07CD85992A79",
                    "updated": "2026-02-08T22:02:09.615537",
                    "updatedBy": "7EF5CD0B-AC08-4097-AF2B-07CD85992A79"
                }
            }
        },
        {
            "id": 414266248,
            "type": "Feature",
            "geometry": {
                "type": "Polygon",
                "coordinates": [
                    [
                        [
                            10342512.401949426,
                            7597687.172467688
                        ],
                        [
                            10342541.288980534,
                            7597621.942533954
                        ],
                        [
                            10342565.608840916,
                            7597633.350112473
                        ],
                        [
                            10342606.398975054,
                            7597652.488742008
                        ],
                        [
                            10342578.139612056,
                            7597718.043481833
                        ],
                        [
                            10342575.70223084,
                            7597716.89013165
                        ],
                        [
                            10342512.401949426,
                            7597687.172467688
                        ]
                    ]
                ],
                "crs": {
                    "type": "name",
                    "properties": {
                        "name": "EPSG:3857"
                    }
                }
            },
            "properties": {
                "cadastralDistrictsCode": 24,
                "category": 36368,
                "categoryName": "Земельные участки ЕГРН",
                "descr": "24:11:0330102:663",
                "externalKey": "24:11:0330102:663",
                "interactionId": 396740633,
                "label": "24:11:0330102:663",
                "options": {
                    "area": null,
                    "cad_num": "24:11:0330102:663",
                    "cost_application_date": "2023-01-01",
                    "cost_approvement_date": "",
                    "cost_determination_date": "2022-01-01",
                    "cost_index": 250.34,
                    "cost_registration_date": "2022-12-19",
                    "cost_value": 400544,
                    "declared_area": null,
                    "determination_couse": "Акт об утверждении результатов определения кадастровой стоимости, полученных в соответствии с положениями Закона 237-ФЗ\n\n\n",
                    "land_record_category_type": "Земли населенных пунктов",
                    "land_record_reg_date": "2018-11-24",
                    "land_record_subtype": "Землепользование",
                    "land_record_type": "Земельный участок",
                    "ownership_type": "Частная",
                    "permitted_use_established_by_document": "одноквартирные усадебные жилые дома",
                    "quarter_cad_number": "24:11:0330102",
                    "readable_address": "Российская Федерация, Красноярский край, Емельяновский муниципальный район, сельское поселение Шуваевский сельсовет, Шуваево село, Озерная улица, уч. 9 Е",
                    "specified_area": 1600,
                    "status": "Учтенный"
                },
                "subcategory": 5,
                "systemInfo": {
                    "inserted": "2024-12-07T11:51:59.344134",
                    "insertedBy": "7EF5CD0B-AC08-4097-AF2B-07CD85992A79",
                    "updated": "2026-02-08T21:57:23.130232",
                    "updatedBy": "7EF5CD0B-AC08-4097-AF2B-07CD85992A79"
                }
            }
        },
        {
            "id": 414266413,
            "type": "Feature",
            "geometry": {
                "type": "Polygon",
                "coordinates": [
                    [
                        [
                            10342653.917290922,
                            7597641.930999549
                        ],
                        [
                            10342669.080815986,
                            7597606.783039044
                        ],
                        [
                            10342744.818352522,
                            7597642.769031623
                        ],
                        [
                            10342729.457301123,
                            7597678.330367646
                        ],
                        [
                            10342653.917290922,
                            7597641.930999549
                        ]
                    ]
                ],
                "crs": {
                    "type": "name",
                    "properties": {
                        "name": "EPSG:3857"
                    }
                }
            },
            "properties": {
                "cadastralDistrictsCode": 24,
                "category": 36368,
                "categoryName": "Земельные участки ЕГРН",
                "descr": "24:11:0330102:696",
                "externalKey": "24:11:0330102:696",
                "interactionId": 396740798,
                "label": "24:11:0330102:696",
                "options": {
                    "area": null,
                    "cad_num": "24:11:0330102:696",
                    "cost_application_date": "2023-01-01",
                    "cost_approvement_date": "",
                    "cost_determination_date": "2022-01-01",
                    "cost_index": 262.41,
                    "cost_registration_date": "2023-01-05",
                    "cost_value": 262934.82,
                    "declared_area": null,
                    "determination_couse": "Акт об утверждении результатов определения кадастровой стоимости, полученных в соответствии с положениями Закона 237-ФЗ\n\n\n\n\n\n\n\n",
                    "land_record_category_type": "Земли населенных пунктов",
                    "land_record_reg_date": "2020-09-25",
                    "land_record_subtype": "Землепользование",
                    "land_record_type": "Земельный участок",
                    "ownership_type": "Частная",
                    "permitted_use_established_by_document": "одноквартирные усадебные жилые дома",
                    "quarter_cad_number": "24:11:0330102",
                    "readable_address": "Российская Федерация, Красноярский край, Емельяновский муниципальный район, Сельское поселение Шуваевский сельсовет, Шуваево село, Центральная улица, 6",
                    "specified_area": 1002,
                    "status": "Учтенный"
                },
                "subcategory": 5,
                "systemInfo": {
                    "inserted": "2024-12-07T11:51:59.974063",
                    "insertedBy": "7EF5CD0B-AC08-4097-AF2B-07CD85992A79",
                    "updated": "2026-02-08T22:20:20.017451",
                    "updatedBy": "7EF5CD0B-AC08-4097-AF2B-07CD85992A79"
                }
            }
        },
        {
            "id": 414266635,
            "type": "Feature",
            "geometry": {
                "type": "Polygon",
                "coordinates": [
                    [
                        [
                            10342974.562870057,
                            7597596.163021301
                        ],
                        [
                            10342906.549051227,
                            7597535.803955604
                        ],
                        [
                            10342926.632015636,
                            7597494.965787344
                        ],
                        [
                            10342992.403585019,
                            7597555.68090438
                        ],
                        [
                            10342974.562870057,
                            7597596.163021301
                        ]
                    ]
                ],
                "crs": {
                    "type": "name",
                    "properties": {
                        "name": "EPSG:3857"
                    }
                }
            },
            "properties": {
                "cadastralDistrictsCode": 24,
                "category": 36368,
                "categoryName": "Земельные участки ЕГРН",
                "descr": "24:11:0330102:259",
                "externalKey": "24:11:0330102:259",
                "interactionId": 396741020,
                "label": "24:11:0330102:259",
                "options": {
                    "area": null,
                    "cad_num": "24:11:0330102:259",
                    "cost_application_date": "2023-01-01",
                    "cost_approvement_date": "",
                    "cost_determination_date": "2022-01-01",
                    "cost_index": 275.53,
                    "cost_registration_date": "2022-12-23",
                    "cost_value": 330636,
                    "declared_area": null,
                    "determination_couse": "Акт об утверждении результатов определения кадастровой стоимости, полученных в соответствии с положениями Закона 237-ФЗ\n\n",
                    "land_record_category_type": "Земли населенных пунктов",
                    "land_record_reg_date": "2016-07-27",
                    "land_record_subtype": "Землепользование",
                    "land_record_type": "Земельный участок",
                    "ownership_type": "Частная",
                    "permitted_use_established_by_document": "Для ведения личного подсобного хозяйства",
                    "quarter_cad_number": "24:11:0330102",
                    "readable_address": "Местоположение установлено относительно ориентира, расположенного за пределами участка. Почтовый адрес ориентира: Россия, Красноярский край, Емельяновский район, с. Шуваево, ул. Озерная, 6 \"А\".",
                    "specified_area": 1200,
                    "status": "Учтенный"
                },
                "subcategory": 5,
                "systemInfo": {
                    "inserted": "2024-12-07T11:52:00.986302",
                    "insertedBy": "7EF5CD0B-AC08-4097-AF2B-07CD85992A79",
                    "updated": "2026-03-14T09:19:29.284796",
                    "updatedBy": "22F23413-4218-4EB5-B8D3-D2646E3C2FAE"
                }
            }
        },
        {
            "id": 414266661,
            "type": "Feature",
            "geometry": {
                "type": "Polygon",
                "coordinates": [
                    [
                        [
                            10342765.319194967,
                            7597805.950445112
                        ],
                        [
                            10342717.55607611,
                            7597783.532490127
                        ],
                        [
                            10342743.129607314,
                            7597727.8569779415
                        ],
                        [
                            10342790.83767884,
                            7597751.029306432
                        ],
                        [
                            10342765.319194967,
                            7597805.950445112
                        ]
                    ]
                ],
                "crs": {
                    "type": "name",
                    "properties": {
                        "name": "EPSG:3857"
                    }
                }
            },
            "properties": {
                "cadastralDistrictsCode": 24,
                "category": 36368,
                "categoryName": "Земельные участки ЕГРН",
                "descr": "24:11:0330102:28",
                "externalKey": "24:11:0330102:28",
                "interactionId": 396741046,
                "label": "24:11:0330102:28",
                "options": {
                    "area": null,
                    "cad_num": "24:11:0330102:28",
                    "cost_application_date": "2023-01-01",
                    "cost_approvement_date": "",
                    "cost_determination_date": "2022-01-01",
                    "cost_index": 262.41,
                    "cost_registration_date": "2022-12-23",
                    "cost_value": 263197.23,
                    "declared_area": null,
                    "determination_couse": "Акт об утверждении результатов определения кадастровой стоимости, полученных в соответствии с положениями Закона 237-ФЗ\n\n",
                    "land_record_category_type": "Земли населенных пунктов",
                    "land_record_reg_date": "2009-01-12",
                    "land_record_subtype": "Землепользование",
                    "land_record_type": "Земельный участок",
                    "ownership_type": "Частная",
                    "permitted_use_established_by_document": "для ведения личного подсобного хозяйства",
                    "quarter_cad_number": "24:11:0330102",
                    "readable_address": "Местоположение установлено относительно ориентира, расположенного в границах участка. Почтовый адрес ориентира: Красноярский край, Емельяновский район, с. Шуваево, ул. Парковая, 8.",
                    "specified_area": 1003,
                    "status": "Учтенный"
                },
                "subcategory": 5,
                "systemInfo": {
                    "inserted": "2024-12-07T11:52:01.299367",
                    "insertedBy": "7EF5CD0B-AC08-4097-AF2B-07CD85992A79",
                    "updated": "2026-03-14T09:19:29.307108",
                    "updatedBy": "22F23413-4218-4EB5-B8D3-D2646E3C2FAE"
                }
            }
        },
        {
            "id": 414266669,
            "type": "Feature",
            "geometry": {
                "type": "Polygon",
                "coordinates": [
                    [
                        [
                            10342765.319194967,
                            7597805.950445112
                        ],
                        [
                            10342790.83767884,
                            7597751.029306432
                        ],
                        [
                            10342828.402199246,
                            7597769.246348149
                        ],
                        [
                            10342839.083734088,
                            7597774.435721608
                        ],
                        [
                            10342813.81739606,
                            7597828.728536225
                        ],
                        [
                            10342765.319194967,
                            7597805.950445112
                        ]
                    ]
                ],
                "crs": {
                    "type": "name",
                    "properties": {
                        "name": "EPSG:3857"
                    }
                }
            },
            "properties": {
                "cadastralDistrictsCode": 24,
                "category": 36368,
                "categoryName": "Земельные участки ЕГРН",
                "descr": "24:11:0330102:29",
                "externalKey": "24:11:0330102:29",
                "interactionId": 396741054,
                "label": "24:11:0330102:29",
                "options": {
                    "area": null,
                    "cad_num": "24:11:0330102:29",
                    "cost_application_date": "2023-01-01",
                    "cost_approvement_date": "",
                    "cost_determination_date": "2022-01-01",
                    "cost_index": 262.41,
                    "cost_registration_date": "2022-12-23",
                    "cost_value": 262410,
                    "declared_area": null,
                    "determination_couse": "Акт об утверждении результатов определения кадастровой стоимости, полученных в соответствии с положениями Закона 237-ФЗ\n\n",
                    "land_record_category_type": "Земли населенных пунктов",
                    "land_record_reg_date": "2009-01-12",
                    "land_record_subtype": "Землепользование",
                    "land_record_type": "Земельный участок",
                    "ownership_type": "Частная",
                    "permitted_use_established_by_document": "для ведения личного подсобного хозяйства",
                    "quarter_cad_number": "24:11:0330102",
                    "readable_address": "Местоположение установлено относительно ориентира, расположенного в границах участка. Почтовый адрес ориентира: Красноярский край, Емельяновский район, с. Шуваево, ул. Парковая, 8 \"А\".",
                    "specified_area": 1000,
                    "status": "Учтенный"
                },
                "subcategory": 5,
                "systemInfo": {
                    "inserted": "2024-12-07T11:52:01.399146",
                    "insertedBy": "7EF5CD0B-AC08-4097-AF2B-07CD85992A79",
                    "updated": "2026-03-14T09:19:29.309149",
                    "updatedBy": "22F23413-4218-4EB5-B8D3-D2646E3C2FAE"
                }
            }
        },
        {
            "id": 414266820,
            "type": "Feature",
            "geometry": {
                "type": "Polygon",
                "coordinates": [
                    [
                        [
                            10343014.006955782,
                            7597730.200633185
                        ],
                        [
                            10342993.736397216,
                            7597777.437594579
                        ],
                        [
                            10342936.941381877,
                            7597749.582459624
                        ],
                        [
                            10342956.475930769,
                            7597703.153550871
                        ],
                        [
                            10343014.006955782,
                            7597730.200633185
                        ]
                    ]
                ],
                "crs": {
                    "type": "name",
                    "properties": {
                        "name": "EPSG:3857"
                    }
                }
            },
            "properties": {
                "cadastralDistrictsCode": 24,
                "category": 36368,
                "categoryName": "Земельные участки ЕГРН",
                "descr": "24:11:0330102:270",
                "externalKey": "24:11:0330102:270",
                "interactionId": 396741205,
                "label": "24:11:0330102:270",
                "options": {
                    "area": null,
                    "cad_num": "24:11:0330102:270",
                    "cost_application_date": "2023-01-01",
                    "cost_approvement_date": "",
                    "cost_determination_date": "2022-01-01",
                    "cost_index": 275.53,
                    "cost_registration_date": "2022-12-23",
                    "cost_value": 275530,
                    "declared_area": null,
                    "determination_couse": "Акт об утверждении результатов определения кадастровой стоимости, полученных в соответствии с положениями Закона 237-ФЗ\n\n",
                    "land_record_category_type": "Земли населенных пунктов",
                    "land_record_reg_date": "2017-05-17",
                    "land_record_subtype": "Землепользование",
                    "land_record_type": "Земельный участок",
                    "ownership_type": "Частная",
                    "permitted_use_established_by_document": "для ведения личного подсобного хозяйства",
                    "quarter_cad_number": "24:11:0330102",
                    "readable_address": "Россия, Красноярский край, Емельяновский район, с. Шуваево, ул. Озерная, 13 \"Б\"",
                    "specified_area": 1000,
                    "status": "Учтенный"
                },
                "subcategory": 5,
                "systemInfo": {
                    "inserted": "2024-12-07T11:52:02.644709",
                    "insertedBy": "7EF5CD0B-AC08-4097-AF2B-07CD85992A79",
                    "updated": "2026-02-10T10:02:53.499895",
                    "updatedBy": "7EF5CD0B-AC08-4097-AF2B-07CD85992A79"
                }
            }
        },
        {
            "id": 414267332,
            "type": "Feature",
            "geometry": {
                "type": "Polygon",
                "coordinates": [
                    [
                        [
                            10343115.730051234,
                            7597739.566068576
                        ],
                        [
                            10343063.125040544,
                            7597716.623227376
                        ],
                        [
                            10343096.524587333,
                            7597653.0139916865
                        ],
                        [
                            10343117.256682614,
                            7597666.0865925765
                        ],
                        [
                            10343143.839080831,
                            7597690.27224097
                        ],
                        [
                            10343115.730051234,
                            7597739.566068576
                        ]
                    ]
                ],
                "crs": {
                    "type": "name",
                    "properties": {
                        "name": "EPSG:3857"
                    }
                }
            },
            "properties": {
                "cadastralDistrictsCode": 24,
                "category": 36368,
                "categoryName": "Земельные участки ЕГРН",
                "descr": "24:11:0330102:569",
                "externalKey": "24:11:0330102:569",
                "interactionId": 396741717,
                "label": "24:11:0330102:569",
                "options": {
                    "area": null,
                    "cad_num": "24:11:0330102:569",
                    "cost_application_date": "2023-01-01",
                    "cost_approvement_date": "",
                    "cost_determination_date": "2022-01-01",
                    "cost_index": 262.41,
                    "cost_registration_date": "2022-12-21",
                    "cost_value": 312267.9,
                    "declared_area": null,
                    "determination_couse": "Акт об утверждении результатов определения кадастровой стоимости, полученных в соответствии с положениями Закона 237-ФЗ\n\n\n\n",
                    "land_record_category_type": "Земли населенных пунктов",
                    "land_record_reg_date": "2017-10-30",
                    "land_record_subtype": "Землепользование",
                    "land_record_type": "Земельный участок",
                    "ownership_type": "Частная",
                    "permitted_use_established_by_document": "Для ведения личного подсобного хозяйства",
                    "quarter_cad_number": "24:11:0330102",
                    "readable_address": "Российская Федерация, Красноярский край, муниципальный район Емельяновский, сельское поселение Шуваевский сельсовет, село Шуваево, улица Озерная, земельный участок 8Б ",
                    "specified_area": 1190,
                    "status": "Учтенный"
                },
                "subcategory": 5,
                "systemInfo": {
                    "inserted": "2024-12-07T11:52:04.632925",
                    "insertedBy": "7EF5CD0B-AC08-4097-AF2B-07CD85992A79",
                    "updated": "2026-02-08T21:59:27.719998",
                    "updatedBy": "7EF5CD0B-AC08-4097-AF2B-07CD85992A79"
                }
            }
        },
        {
            "id": 414267360,
            "type": "Feature",
            "geometry": {
                "type": "Polygon",
                "coordinates": [
                    [
                        [
                            10342918.662602216,
                            7597725.298740923
                        ],
                        [
                            10342844.60808028,
                            7597690.142901344
                        ],
                        [
                            10342860.112617875,
                            7597654.1681465125
                        ],
                        [
                            10342934.310718453,
                            7597689.0183585
                        ],
                        [
                            10342918.662602216,
                            7597725.298740923
                        ]
                    ]
                ],
                "crs": {
                    "type": "name",
                    "properties": {
                        "name": "EPSG:3857"
                    }
                }
            },
            "properties": {
                "cadastralDistrictsCode": 24,
                "category": 36368,
                "categoryName": "Земельные участки ЕГРН",
                "descr": "24:11:0330102:637",
                "externalKey": "24:11:0330102:637",
                "interactionId": 396741745,
                "label": "24:11:0330102:637",
                "options": {
                    "area": null,
                    "cad_num": "24:11:0330102:637",
                    "cost_application_date": "2023-01-01",
                    "cost_approvement_date": "",
                    "cost_determination_date": "2022-01-01",
                    "cost_index": 260.31,
                    "cost_registration_date": "2022-12-23",
                    "cost_value": 260310,
                    "declared_area": null,
                    "determination_couse": "Акт об утверждении результатов определения кадастровой стоимости, полученных в соответствии с положениями Закона 237-ФЗ\n\n\n\n",
                    "land_record_category_type": "Земли населенных пунктов",
                    "land_record_reg_date": "2017-12-06",
                    "land_record_subtype": "Землепользование",
                    "land_record_type": "Земельный участок",
                    "ownership_type": "Частная",
                    "permitted_use_established_by_document": "Для ведения личного подсобного хозяйства",
                    "quarter_cad_number": "24:11:0330102",
                    "readable_address": "Российская Федерация, Красноярский край, муниципальный округ Емельяновский, село Шуваево, улица Озерная, земельный участок 11Г",
                    "specified_area": 1000,
                    "status": "Учтенный"
                },
                "subcategory": 5,
                "systemInfo": {
                    "inserted": "2024-12-07T11:52:04.777929",
                    "insertedBy": "7EF5CD0B-AC08-4097-AF2B-07CD85992A79",
                    "updated": "2026-02-13T04:43:01.31471",
                    "updatedBy": "7EF5CD0B-AC08-4097-AF2B-07CD85992A79"
                }
            }
        },
        {
            "id": 414267852,
            "type": "Feature",
            "geometry": {
                "type": "Polygon",
                "coordinates": [
                    [
                        [
                            10342890.72601445,
                            7597638.7710410915
                        ],
                        [
                            10342862.821199998,
                            7597625.706592653
                        ],
                        [
                            10342906.549051227,
                            7597535.803955604
                        ],
                        [
                            10342929.727680285,
                            7597556.4095035335
                        ],
                        [
                            10342890.72601445,
                            7597638.7710410915
                        ]
                    ]
                ],
                "crs": {
                    "type": "name",
                    "properties": {
                        "name": "EPSG:3857"
                    }
                }
            },
            "properties": {
                "cadastralDistrictsCode": 24,
                "category": 36368,
                "categoryName": "Земельные участки ЕГРН",
                "descr": "24:11:0330102:659",
                "externalKey": "24:11:0330102:659",
                "interactionId": 396742237,
                "label": "24:11:0330102:659",
                "options": {
                    "area": null,
                    "cad_num": "24:11:0330102:659",
                    "cost_application_date": "2023-01-01",
                    "cost_approvement_date": "",
                    "cost_determination_date": "2022-01-01",
                    "cost_index": 262.41,
                    "cost_registration_date": "2022-12-23",
                    "cost_value": 236169,
                    "declared_area": null,
                    "determination_couse": "Акт об утверждении результатов определения кадастровой стоимости, полученных в соответствии с положениями Закона 237-ФЗ\n\n\n\n\n\n",
                    "land_record_category_type": "Земли населенных пунктов",
                    "land_record_reg_date": "2018-10-09",
                    "land_record_subtype": "Землепользование",
                    "land_record_type": "Земельный участок",
                    "ownership_type": "Частная",
                    "permitted_use_established_by_document": "одноквартирные усадебные жилые дома",
                    "quarter_cad_number": "24:11:0330102",
                    "readable_address": "Российская Федерация, Красноярский край, Емельяновский муниципальный район, Сельское поселение Шуваевский сельсовет, село Шуваево, улица Озерная, земельный участок № 6Б",
                    "specified_area": 900,
                    "status": "Учтенный"
                },
                "subcategory": 5,
                "systemInfo": {
                    "inserted": "2024-12-07T11:52:06.630964",
                    "insertedBy": "7EF5CD0B-AC08-4097-AF2B-07CD85992A79",
                    "updated": "2026-02-08T21:57:23.976144",
                    "updatedBy": "7EF5CD0B-AC08-4097-AF2B-07CD85992A79"
                }
            }
        },
        {
            "id": 414268152,
            "type": "Feature",
            "geometry": {
                "type": "Polygon",
                "coordinates": [
                    [
                        [
                            10342565.608840916,
                            7597633.350112473
                        ],
                        [
                            10342607.037573,
                            7597535.341511288
                        ],
                        [
                            10342648.526218668,
                            7597554.822031497
                        ],
                        [
                            10342606.398975054,
                            7597652.488742008
                        ],
                        [
                            10342565.608840916,
                            7597633.350112473
                        ]
                    ]
                ],
                "crs": {
                    "type": "name",
                    "properties": {
                        "name": "EPSG:3857"
                    }
                }
            },
            "properties": {
                "cadastralDistrictsCode": 24,
                "category": 36368,
                "categoryName": "Земельные участки ЕГРН",
                "descr": "24:11:0330102:667",
                "externalKey": "24:11:0330102:667",
                "interactionId": 396742537,
                "label": "24:11:0330102:667",
                "options": {
                    "area": null,
                    "cad_num": "24:11:0330102:667",
                    "cost_application_date": "2023-01-01",
                    "cost_approvement_date": "",
                    "cost_determination_date": "2022-01-01",
                    "cost_index": 247.72,
                    "cost_registration_date": "2022-12-23",
                    "cost_value": 371580,
                    "declared_area": null,
                    "determination_couse": "Акт об утверждении результатов определения кадастровой стоимости, полученных в соответствии с положениями Закона 237-ФЗ\n\n\n\n\n\n",
                    "land_record_category_type": "Земли населенных пунктов",
                    "land_record_reg_date": "2018-11-24",
                    "land_record_subtype": "Землепользование",
                    "land_record_type": "Земельный участок",
                    "ownership_type": "Частная",
                    "permitted_use_established_by_document": "одноквартирные усадебные жилые дома",
                    "quarter_cad_number": "24:11:0330102",
                    "readable_address": "Российская Федерация, Красноярский край, Емельяновский муниципальный район, сельское поселение Шуваевский сельсовет, Шуваево село, Озерная улица, уч. 9 В",
                    "specified_area": 1500,
                    "status": "Учтенный"
                },
                "subcategory": 5,
                "systemInfo": {
                    "inserted": "2024-12-07T11:52:07.728869",
                    "insertedBy": "7EF5CD0B-AC08-4097-AF2B-07CD85992A79",
                    "updated": "2026-02-08T21:57:05.240528",
                    "updatedBy": "7EF5CD0B-AC08-4097-AF2B-07CD85992A79"
                }
            }
        },
        {
            "id": 414268158,
            "type": "Feature",
            "geometry": {
                "type": "Polygon",
                "coordinates": [
                    [
                        [
                            10342669.080815986,
                            7597606.783039044
                        ],
                        [
                            10342684.262182161,
                            7597571.599291589
                        ],
                        [
                            10342760.161282307,
                            7597607.243745561
                        ],
                        [
                            10342744.818352522,
                            7597642.769031623
                        ],
                        [
                            10342669.080815986,
                            7597606.783039044
                        ]
                    ]
                ],
                "crs": {
                    "type": "name",
                    "properties": {
                        "name": "EPSG:3857"
                    }
                }
            },
            "properties": {
                "cadastralDistrictsCode": 24,
                "category": 36368,
                "categoryName": "Земельные участки ЕГРН",
                "descr": "24:11:0330102:697",
                "externalKey": "24:11:0330102:697",
                "interactionId": 396742543,
                "label": "24:11:0330102:697",
                "options": {
                    "area": null,
                    "cad_num": "24:11:0330102:697",
                    "cost_application_date": "2023-01-01",
                    "cost_approvement_date": "",
                    "cost_determination_date": "2022-01-01",
                    "cost_index": 259,
                    "cost_registration_date": "2023-01-05",
                    "cost_value": 259518,
                    "declared_area": null,
                    "determination_couse": "Акт об утверждении результатов определения кадастровой стоимости, полученных в соответствии с положениями Закона 237-ФЗ\n\n\n\n\n\n\n\n",
                    "land_record_category_type": "Земли населенных пунктов",
                    "land_record_reg_date": "2020-09-25",
                    "land_record_subtype": "Землепользование",
                    "land_record_type": "Земельный участок",
                    "ownership_type": "Частная",
                    "permitted_use_established_by_document": "одноквартирные усадебные жилые дома",
                    "quarter_cad_number": "24:11:0330102",
                    "readable_address": "Российская Федерация, Красноярский край, Емельяновский муниципальный район, Сельское поселение Шуваевский сельсовет, Шуваево село, Центральная улица, 4",
                    "specified_area": 1002,
                    "status": "Учтенный"
                },
                "subcategory": 5,
                "systemInfo": {
                    "inserted": "2024-12-07T11:52:07.791816",
                    "insertedBy": "7EF5CD0B-AC08-4097-AF2B-07CD85992A79",
                    "updated": "2026-02-08T21:57:05.784181",
                    "updatedBy": "7EF5CD0B-AC08-4097-AF2B-07CD85992A79"
                }
            }
        },
        {
            "id": 414276923,
            "type": "Feature",
            "geometry": {
                "type": "Polygon",
                "coordinates": [
                    [
                        [
                            10343141.680700691,
                            7597982.672681133
                        ],
                        [
                            10343175.016621895,
                            7597898.537968109
                        ],
                        [
                            10343197.671793398,
                            7597908.881578753
                        ],
                        [
                            10343206.436329082,
                            7597912.900029035
                        ],
                        [
                            10343174.856698941,
                            7597998.241299454
                        ],
                        [
                            10343141.680700691,
                            7597982.672681133
                        ]
                    ]
                ],
                "crs": {
                    "type": "name",
                    "properties": {
                        "name": "EPSG:3857"
                    }
                }
            },
            "properties": {
                "cadastralDistrictsCode": 24,
                "category": 36368,
                "categoryName": "Земельные участки ЕГРН",
                "descr": "24:11:0330102:217",
                "externalKey": "24:11:0330102:217",
                "interactionId": 396751307,
                "label": "24:11:0330102:217",
                "options": {
                    "area": null,
                    "cad_num": "24:11:0330102:217",
                    "cost_application_date": "2023-01-01",
                    "cost_approvement_date": "",
                    "cost_determination_date": "2022-01-01",
                    "cost_index": 262.41,
                    "cost_registration_date": "2022-12-20",
                    "cost_value": 262410,
                    "declared_area": null,
                    "determination_couse": "Акт об утверждении результатов определения кадастровой стоимости, полученных в соответствии с положениями Закона 237-ФЗ\n\n\n",
                    "land_record_category_type": "Земли населенных пунктов",
                    "land_record_reg_date": "2014-05-13",
                    "land_record_subtype": "Землепользование",
                    "land_record_type": "Земельный участок",
                    "ownership_type": "Частная",
                    "permitted_use_established_by_document": "Для ведения личного подсобного хозяйства",
                    "quarter_cad_number": "24:11:0330102",
                    "readable_address": "Местоположение установлено относительно ориентира, расположенного за пределами участка. Почтовый адрес ориентира: Россия, Красноярский край, Емельяновский район, с. Шуваево, ул. Парковая.",
                    "specified_area": 1000,
                    "status": "Учтенный"
                },
                "subcategory": 5,
                "systemInfo": {
                    "inserted": "2024-12-07T11:52:48.370635",
                    "insertedBy": "7EF5CD0B-AC08-4097-AF2B-07CD85992A79",
                    "updated": "2026-03-14T09:20:07.438774",
                    "updatedBy": "22F23413-4218-4EB5-B8D3-D2646E3C2FAE"
                }
            }
        },
        {
            "id": 414276958,
            "type": "Feature",
            "geometry": {
                "type": "Polygon",
                "coordinates": [
                    [
                        [
                            10342813.81739606,
                            7597828.728536225
                        ],
                        [
                            10342839.083734088,
                            7597774.435721608
                        ],
                        [
                            10342887.365903612,
                            7597797.877891552
                        ],
                        [
                            10342863.911011832,
                            7597852.2452504905
                        ],
                        [
                            10342813.81739606,
                            7597828.728536225
                        ]
                    ]
                ],
                "crs": {
                    "type": "name",
                    "properties": {
                        "name": "EPSG:3857"
                    }
                }
            },
            "properties": {
                "cadastralDistrictsCode": 24,
                "category": 36368,
                "categoryName": "Земельные участки ЕГРН",
                "descr": "24:11:0330102:30",
                "externalKey": "24:11:0330102:30",
                "interactionId": 396751343,
                "label": "24:11:0330102:30",
                "options": {
                    "area": null,
                    "cad_num": "24:11:0330102:30",
                    "cost_application_date": "2023-01-01",
                    "cost_approvement_date": "",
                    "cost_determination_date": "2022-01-01",
                    "cost_index": 262.41,
                    "cost_registration_date": "2022-12-23",
                    "cost_value": 263722.05,
                    "declared_area": null,
                    "determination_couse": "Акт об утверждении результатов определения кадастровой стоимости, полученных в соответствии с положениями Закона 237-ФЗ\n\n",
                    "land_record_category_type": "Земли населенных пунктов",
                    "land_record_reg_date": "2009-01-12",
                    "land_record_subtype": "Землепользование",
                    "land_record_type": "Земельный участок",
                    "ownership_type": "Частная",
                    "permitted_use_established_by_document": "для ведения личного подсобного хозяйства",
                    "quarter_cad_number": "24:11:0330102",
                    "readable_address": "Местоположение установлено относительно ориентира, расположенного в границах участка. Почтовый адрес ориентира: Красноярский край, Емельяновский район, с. Шуваево, ул. Парковая, 8 \"Б\".",
                    "specified_area": 1005,
                    "status": "Учтенный"
                },
                "subcategory": 5,
                "systemInfo": {
                    "inserted": "2024-12-07T11:52:48.527985",
                    "insertedBy": "7EF5CD0B-AC08-4097-AF2B-07CD85992A79",
                    "updated": "2026-03-14T09:20:07.449621",
                    "updatedBy": "22F23413-4218-4EB5-B8D3-D2646E3C2FAE"
                }
            }
        },
        {
            "id": 414277153,
            "type": "Feature",
            "geometry": {
                "type": "Polygon",
                "coordinates": [
                    [
                        [
                            10342163.117259925,
                            7597858.40762862
                        ],
                        [
                            10342161.719614802,
                            7597857.561066821
                        ],
                        [
                            10342240.1358658,
                            7597691.817665604
                        ],
                        [
                            10342531.65384303,
                            7597828.41140382
                        ],
                        [
                            10342575.99678221,
                            7597724.689740422
                        ],
                        [
                            10342572.860245408,
                            7597723.355754559
                        ],
                        [
                            10342575.70223084,
                            7597716.89013165
                        ],
                        [
                            10342578.139612056,
                            7597718.043481833
                        ],
                        [
                            10342648.526218668,
                            7597554.822031497
                        ],
                        [
                            10342655.820758415,
                            7597557.9404818015
                        ],
                        [
                            10342581.929295948,
                            7597727.231463176
                        ],
                        [
                            10342579.294599425,
                            7597726.113792081
                        ],
                        [
                            10342534.611129597,
                            7597829.709244127
                        ],
                        [
                            10342542.030582955,
                            7597833.457058457
                        ],
                        [
                            10342537.500784509,
                            7597841.430066861
                        ],
                        [
                            10342522.553605085,
                            7597834.437454547
                        ],
                        [
                            10342495.168462737,
                            7597821.6056495225
                        ],
                        [
                            10342367.88607007,
                            7597761.987146275
                        ],
                        [
                            10342243.150478097,
                            7597703.592473415
                        ],
                        [
                            10342198.726492597,
                            7597797.841238999
                        ],
                        [
                            10342201.235502107,
                            7597799.04873204
                        ],
                        [
                            10342171.647988059,
                            7597862.480826742
                        ],
                        [
                            10342169.622893428,
                            7597861.471661884
                        ],
                        [
                            10342163.117259925,
                            7597858.40762862
                        ]
                    ]
                ],
                "crs": {
                    "type": "name",
                    "properties": {
                        "name": "EPSG:3857"
                    }
                }
            },
            "properties": {
                "cadastralDistrictsCode": 24,
                "category": 36368,
                "categoryName": "Земельные участки ЕГРН",
                "descr": "24:11:0330102:264",
                "externalKey": "24:11:0330102:264",
                "interactionId": 396751538,
                "label": "24:11:0330102:264",
                "options": {
                    "area": null,
                    "cad_num": "24:11:0330102:264",
                    "cost_application_date": "2023-01-01",
                    "cost_approvement_date": "",
                    "cost_determination_date": "2022-01-01",
                    "cost_index": 333.87,
                    "cost_registration_date": "2022-12-29",
                    "cost_value": 672080.31,
                    "declared_area": null,
                    "determination_couse": "Акт об утверждении результатов определения кадастровой стоимости, полученных в соответствии с положениями Закона 237-ФЗ\n\n\n\n\n\n\n\n",
                    "land_record_category_type": "Земли населенных пунктов",
                    "land_record_reg_date": "2017-01-26",
                    "land_record_subtype": "Землепользование",
                    "land_record_type": "Земельный участок",
                    "ownership_type": null,
                    "permitted_use_established_by_document": "Коммунальное обслуживание",
                    "quarter_cad_number": "24:11:0330102",
                    "readable_address": "Местоположение установлено относительно ориентира, расположенного за пределами участка. Почтовый адрес ориентира: Красноярский край, Емельяновский район, с. Шуваево, ул. Северная.",
                    "specified_area": 2013,
                    "status": "Учтенный"
                },
                "subcategory": 5,
                "systemInfo": {
                    "inserted": "2024-12-07T11:52:49.186744",
                    "insertedBy": "7EF5CD0B-AC08-4097-AF2B-07CD85992A79",
                    "updated": "2026-03-14T09:20:07.519454",
                    "updatedBy": "22F23413-4218-4EB5-B8D3-D2646E3C2FAE"
                }
            }
        },
        {
            "id": 414278033,
            "type": "Feature",
            "geometry": {
                "type": "Polygon",
                "coordinates": [
                    [
                        [
                            10342333.84834137,
                            7597603.333682104
                        ],
                        [
                            10342233.721676586,
                            7597556.312628615
                        ],
                        [
                            10342267.777958842,
                            7597475.871335268
                        ],
                        [
                            10342366.991790418,
                            7597520.985388732
                        ],
                        [
                            10342333.84834137,
                            7597603.333682104
                        ]
                    ]
                ],
                "crs": {
                    "type": "name",
                    "properties": {
                        "name": "EPSG:3857"
                    }
                }
            },
            "properties": {
                "cadastralDistrictsCode": 24,
                "category": 36368,
                "categoryName": "Земельные участки ЕГРН",
                "descr": "24:11:0330102:37",
                "externalKey": "24:11:0330102:37",
                "interactionId": 396752418,
                "label": "24:11:0330102:37",
                "options": {
                    "area": null,
                    "cad_num": "24:11:0330102:37",
                    "cost_application_date": "2023-01-01",
                    "cost_approvement_date": "",
                    "cost_determination_date": "2022-01-01",
                    "cost_index": 236.43,
                    "cost_registration_date": "2022-12-21",
                    "cost_value": 708817.14,
                    "declared_area": null,
                    "determination_couse": "Акт об утверждении результатов определения кадастровой стоимости, полученных в соответствии с положениями Закона 237-ФЗ\n\n\n\n",
                    "land_record_category_type": "Земли населенных пунктов",
                    "land_record_reg_date": "1992-11-27",
                    "land_record_subtype": "Землепользование",
                    "land_record_type": "Земельный участок",
                    "ownership_type": "Частная",
                    "permitted_use_established_by_document": "для ведения личного подсобного хозяйства",
                    "quarter_cad_number": "24:11:0330102",
                    "readable_address": "Местоположение установлено относительно ориентира, расположенного в границах участка. Почтовый адрес ориентира: Красноярский край, Емельяновский район, с  Шуваево, ул. Парковая, уч. 4.",
                    "specified_area": 2998,
                    "status": "Ранее учтенный"
                },
                "subcategory": 5,
                "systemInfo": {
                    "inserted": "2024-12-07T11:52:52.695772",
                    "insertedBy": "7EF5CD0B-AC08-4097-AF2B-07CD85992A79",
                    "updated": "2026-03-14T09:20:07.766798",
                    "updatedBy": "22F23413-4218-4EB5-B8D3-D2646E3C2FAE"
                }
            }
        },
        {
            "id": 414278043,
            "type": "Feature",
            "geometry": {
                "type": "Polygon",
                "coordinates": [
                    [
                        [
                            10342903.014338281,
                            7597761.579261708
                        ],
                        [
                            10342829.103420744,
                            7597726.099821735
                        ],
                        [
                            10342844.60808028,
                            7597690.142901344
                        ],
                        [
                            10342918.662602216,
                            7597725.298740923
                        ],
                        [
                            10342903.014338281,
                            7597761.579261708
                        ]
                    ]
                ],
                "crs": {
                    "type": "name",
                    "properties": {
                        "name": "EPSG:3857"
                    }
                }
            },
            "properties": {
                "cadastralDistrictsCode": 24,
                "category": 36368,
                "categoryName": "Земельные участки ЕГРН",
                "descr": "24:11:0330102:636",
                "externalKey": "24:11:0330102:636",
                "interactionId": 396752428,
                "label": "24:11:0330102:636",
                "options": {
                    "area": null,
                    "cad_num": "24:11:0330102:636",
                    "cost_application_date": "2023-01-01",
                    "cost_approvement_date": "",
                    "cost_determination_date": "2022-01-01",
                    "cost_index": 262.41,
                    "cost_registration_date": "2022-12-23",
                    "cost_value": 262410,
                    "declared_area": null,
                    "determination_couse": "Акт об утверждении результатов определения кадастровой стоимости, полученных в соответствии с положениями Закона 237-ФЗ\n\n\n\n",
                    "land_record_category_type": "Земли населенных пунктов",
                    "land_record_reg_date": "2017-12-06",
                    "land_record_subtype": "Землепользование",
                    "land_record_type": "Земельный участок",
                    "ownership_type": "Частная",
                    "permitted_use_established_by_document": "Для ведения личного подсобного хозяйства",
                    "quarter_cad_number": "24:11:0330102",
                    "readable_address": "Российская Федерация, Красноярский край, муниципальный округ Емельяновский, село Шуваево, улица Озерная, земельный участок 11В",
                    "specified_area": 1000,
                    "status": "Учтенный"
                },
                "subcategory": 5,
                "systemInfo": {
                    "inserted": "2024-12-07T11:52:52.766373",
                    "insertedBy": "7EF5CD0B-AC08-4097-AF2B-07CD85992A79",
                    "updated": "2026-02-13T04:35:58.704465",
                    "updatedBy": "7EF5CD0B-AC08-4097-AF2B-07CD85992A79"
                }
            }
        },
        {
            "id": 414278266,
            "type": "Feature",
            "geometry": {
                "type": "Polygon",
                "coordinates": [
                    [
                        [
                            10343093.95125381,
                            7597960.256604083
                        ],
                        [
                            10342980.803262128,
                            7597907.134567435
                        ],
                        [
                            10343008.82473105,
                            7597843.175840592
                        ],
                        [
                            10343016.324641844,
                            7597826.041215757
                        ],
                        [
                            10343113.252959555,
                            7597870.300106445
                        ],
                        [
                            10343126.229389962,
                            7597876.228839818
                        ],
                        [
                            10343093.95125381,
                            7597960.256604083
                        ]
                    ]
                ],
                "crs": {
                    "type": "name",
                    "properties": {
                        "name": "EPSG:3857"
                    }
                }
            },
            "properties": {
                "cadastralDistrictsCode": 24,
                "category": 36368,
                "categoryName": "Земельные участки ЕГРН",
                "descr": "24:11:0330102:126",
                "externalKey": "24:11:0330102:126",
                "interactionId": 396752651,
                "label": "24:11:0330102:126",
                "options": {
                    "area": null,
                    "cad_num": "24:11:0330102:126",
                    "cost_application_date": "2023-01-01",
                    "cost_approvement_date": "",
                    "cost_determination_date": "2022-01-01",
                    "cost_index": 231.97,
                    "cost_registration_date": "2022-12-26",
                    "cost_value": 788698,
                    "declared_area": null,
                    "determination_couse": "Акт об утверждении результатов определения кадастровой стоимости, полученных в соответствии с положениями Закона 237-ФЗ\n\n\n\n\n\n",
                    "land_record_category_type": "Земли населенных пунктов",
                    "land_record_reg_date": "1992-12-03",
                    "land_record_subtype": "Землепользование",
                    "land_record_type": "Земельный участок",
                    "ownership_type": "Частная",
                    "permitted_use_established_by_document": "для ведения личного подсобного хозяйства",
                    "quarter_cad_number": "24:11:0330102",
                    "readable_address": "Местоположение установлено относительно ориентира, расположенного в границах участка. Почтовый адрес ориентира: Красноярский край, Емельяновский район, с. Шуваево, ул. Парковая, участок № 12.",
                    "specified_area": 3400,
                    "status": "Ранее учтенный"
                },
                "subcategory": 5,
                "systemInfo": {
                    "inserted": "2024-12-07T11:52:53.536446",
                    "insertedBy": "7EF5CD0B-AC08-4097-AF2B-07CD85992A79",
                    "updated": "2026-03-14T09:20:07.874314",
                    "updatedBy": "22F23413-4218-4EB5-B8D3-D2646E3C2FAE"
                }
            }
        },
        {
            "id": 414278368,
            "type": "Feature",
            "geometry": {
                "type": "Polygon",
                "coordinates": [
                    [
                        [
                            10343145.733379735,
                            7597781.780819914
                        ],
                        [
                            10343228.809450751,
                            7597817.897828278
                        ],
                        [
                            10343197.671815705,
                            7597908.863607794
                        ],
                        [
                            10343126.229389962,
                            7597876.228839818
                        ],
                        [
                            10343113.252959555,
                            7597870.300106445
                        ],
                        [
                            10343143.322113175,
                            7597788.355072484
                        ],
                        [
                            10343145.733379735,
                            7597781.780819914
                        ]
                    ]
                ],
                "crs": {
                    "type": "name",
                    "properties": {
                        "name": "EPSG:3857"
                    }
                }
            },
            "properties": {
                "cadastralDistrictsCode": 24,
                "category": 36368,
                "categoryName": "Земельные участки ЕГРН",
                "descr": "24:11:0330102:145",
                "externalKey": "24:11:0330102:145",
                "interactionId": 396752753,
                "label": "24:11:0330102:145",
                "options": {
                    "area": null,
                    "cad_num": "24:11:0330102:145",
                    "cost_application_date": "2023-01-01",
                    "cost_approvement_date": "",
                    "cost_determination_date": "2022-01-01",
                    "cost_index": 240.37,
                    "cost_registration_date": "2022-12-21",
                    "cost_value": 649239.37,
                    "declared_area": null,
                    "determination_couse": "Акт об утверждении результатов определения кадастровой стоимости, полученных в соответствии с положениями Закона 237-ФЗ\n\n\n\n",
                    "land_record_category_type": "Земли населенных пунктов",
                    "land_record_reg_date": "1992-10-31",
                    "land_record_subtype": "Землепользование",
                    "land_record_type": "Земельный участок",
                    "ownership_type": "Частная",
                    "permitted_use_established_by_document": "для ведения личного подсобного хозяйства",
                    "quarter_cad_number": "24:11:0330102",
                    "readable_address": "Местоположение установлено относительно ориентира, расположенного в границах участка. Почтовый адрес ориентира: Красноярский край, р-н Емельяновский, с. Шуваево, ул. Озерная, 17.",
                    "specified_area": 2701,
                    "status": "Ранее учтенный"
                },
                "subcategory": 5,
                "systemInfo": {
                    "inserted": "2024-12-07T11:52:54.157612",
                    "insertedBy": "7EF5CD0B-AC08-4097-AF2B-07CD85992A79",
                    "updated": "2026-03-14T09:20:07.897623",
                    "updatedBy": "22F23413-4218-4EB5-B8D3-D2646E3C2FAE"
                }
            }
        },
        {
            "id": 414278461,
            "type": "Feature",
            "geometry": {
                "type": "Polygon",
                "coordinates": [
                    [
                        [
                            10342638.699662896,
                            7597677.204811824
                        ],
                        [
                            10342653.917290922,
                            7597641.930999549
                        ],
                        [
                            10342729.457301123,
                            7597678.330367646
                        ],
                        [
                            10342714.132090975,
                            7597713.802030981
                        ],
                        [
                            10342675.492811508,
                            7597695.062002252
                        ],
                        [
                            10342638.699662896,
                            7597677.204811824
                        ]
                    ]
                ],
                "crs": {
                    "type": "name",
                    "properties": {
                        "name": "EPSG:3857"
                    }
                }
            },
            "properties": {
                "cadastralDistrictsCode": 24,
                "category": 36368,
                "categoryName": "Земельные участки ЕГРН",
                "descr": "24:11:0330102:695",
                "externalKey": "24:11:0330102:695",
                "interactionId": 396752846,
                "label": "24:11:0330102:695",
                "options": {
                    "area": null,
                    "cad_num": "24:11:0330102:695",
                    "cost_application_date": "2023-01-01",
                    "cost_approvement_date": "",
                    "cost_determination_date": "2022-01-01",
                    "cost_index": 262.41,
                    "cost_registration_date": "2023-01-05",
                    "cost_value": 262672.41,
                    "declared_area": null,
                    "determination_couse": "Акт об утверждении результатов определения кадастровой стоимости, полученных в соответствии с положениями Закона 237-ФЗ\n\n\n\n\n\n\n\n",
                    "land_record_category_type": "Земли населенных пунктов",
                    "land_record_reg_date": "2020-09-25",
                    "land_record_subtype": "Землепользование",
                    "land_record_type": "Земельный участок",
                    "ownership_type": "Частная",
                    "permitted_use_established_by_document": "одноквартирные усадебные жилые дома",
                    "quarter_cad_number": "24:11:0330102",
                    "readable_address": "Российская Федерация, Красноярский край,  Емельяновский муниципальный район, Сельское поселение Шуваевский сельсовет, Шуваево село, Центральная улица,  8",
                    "specified_area": 1001,
                    "status": "Учтенный"
                },
                "subcategory": 5,
                "systemInfo": {
                    "inserted": "2024-12-07T11:52:54.592658",
                    "insertedBy": "7EF5CD0B-AC08-4097-AF2B-07CD85992A79",
                    "updated": "2026-02-08T22:15:21.83435",
                    "updatedBy": "7EF5CD0B-AC08-4097-AF2B-07CD85992A79"
                }
            }
        },
        {
            "id": 414278617,
            "type": "Feature",
            "geometry": {
                "type": "Polygon",
                "coordinates": [
                    [
                        [
                            10342944.618083665,
                            7597664.124517926
                        ],
                        [
                            10342890.72601445,
                            7597638.7710410915
                        ],
                        [
                            10342929.727680285,
                            7597556.4095035335
                        ],
                        [
                            10342974.562870057,
                            7597596.163021301
                        ],
                        [
                            10342944.618083665,
                            7597664.124517926
                        ]
                    ]
                ],
                "crs": {
                    "type": "name",
                    "properties": {
                        "name": "EPSG:3857"
                    }
                }
            },
            "properties": {
                "cadastralDistrictsCode": 24,
                "category": 36368,
                "categoryName": "Земельные участки ЕГРН",
                "descr": "24:11:0330102:658",
                "externalKey": "24:11:0330102:658",
                "interactionId": 396753002,
                "label": "24:11:0330102:658",
                "options": {
                    "area": null,
                    "cad_num": "24:11:0330102:658",
                    "cost_application_date": "2023-01-01",
                    "cost_approvement_date": "",
                    "cost_determination_date": "2022-01-01",
                    "cost_index": 262.41,
                    "cost_registration_date": "2022-12-23",
                    "cost_value": 393615,
                    "declared_area": null,
                    "determination_couse": "Акт об утверждении результатов определения кадастровой стоимости, полученных в соответствии с положениями Закона 237-ФЗ\n\n\n\n\n\n",
                    "land_record_category_type": "Земли населенных пунктов",
                    "land_record_reg_date": "2018-10-09",
                    "land_record_subtype": "Землепользование",
                    "land_record_type": "Земельный участок",
                    "ownership_type": "Частная",
                    "permitted_use_established_by_document": "одноквартирные усадебные жилые дома",
                    "quarter_cad_number": "24:11:0330102",
                    "readable_address": "Российская Федерация, Красноярский край, Емельяновский муниципальный район, сельское поселение Шуваевский сельсовет, село Шуваево, улица Озерная, земельный участок 6",
                    "specified_area": 1500,
                    "status": "Учтенный"
                },
                "subcategory": 5,
                "systemInfo": {
                    "inserted": "2024-12-07T11:52:55.323973",
                    "insertedBy": "7EF5CD0B-AC08-4097-AF2B-07CD85992A79",
                    "updated": "2026-02-08T22:15:21.45109",
                    "updatedBy": "7EF5CD0B-AC08-4097-AF2B-07CD85992A79"
                }
            }
        },
        {
            "id": 414278736,
            "type": "Feature",
            "geometry": {
                "type": "Polygon",
                "coordinates": [
                    [
                        [
                            10342463.67252579,
                            7597664.302721867
                        ],
                        [
                            10342491.86095904,
                            7597598.730794666
                        ],
                        [
                            10342524.281258395,
                            7597613.959011661
                        ],
                        [
                            10342541.288980534,
                            7597621.942533954
                        ],
                        [
                            10342512.401949426,
                            7597687.172467688
                        ],
                        [
                            10342463.67252579,
                            7597664.302721867
                        ]
                    ]
                ],
                "crs": {
                    "type": "name",
                    "properties": {
                        "name": "EPSG:3857"
                    }
                }
            },
            "properties": {
                "cadastralDistrictsCode": 24,
                "category": 36368,
                "categoryName": "Земельные участки ЕГРН",
                "descr": "24:11:0330102:662",
                "externalKey": "24:11:0330102:662",
                "interactionId": 396753121,
                "label": "24:11:0330102:662",
                "options": {
                    "area": null,
                    "cad_num": "24:11:0330102:662",
                    "cost_application_date": "2023-01-01",
                    "cost_approvement_date": "",
                    "cost_determination_date": "2022-01-01",
                    "cost_index": 262.41,
                    "cost_registration_date": "2022-12-19",
                    "cost_value": 314892,
                    "declared_area": null,
                    "determination_couse": "Акт об утверждении результатов определения кадастровой стоимости, полученных в соответствии с положениями Закона 237-ФЗ\n\n\n",
                    "land_record_category_type": "Земли населенных пунктов",
                    "land_record_reg_date": "2018-11-24",
                    "land_record_subtype": "Землепользование",
                    "land_record_type": "Земельный участок",
                    "ownership_type": "Частная",
                    "permitted_use_established_by_document": "одноквартирные усадебные жилые дома",
                    "quarter_cad_number": "24:11:0330102",
                    "readable_address": "Российская Федерация, Красноярский край, Емельяновский муниципальный район, сельское поселение Шуваевский сельсовет, Шуваево село, Озерная улица, уч. 9 Д",
                    "specified_area": 1200,
                    "status": "Учтенный"
                },
                "subcategory": 5,
                "systemInfo": {
                    "inserted": "2024-12-07T11:52:55.863856",
                    "insertedBy": "7EF5CD0B-AC08-4097-AF2B-07CD85992A79",
                    "updated": "2026-02-08T21:57:07.081104",
                    "updatedBy": "7EF5CD0B-AC08-4097-AF2B-07CD85992A79"
                }
            }
        },
        {
            "id": 414278743,
            "type": "Feature",
            "geometry": {
                "type": "Polygon",
                "coordinates": [
                    [
                        [
                            10342862.821199998,
                            7597625.706592653
                        ],
                        [
                            10342829.754968062,
                            7597610.1914251335
                        ],
                        [
                            10342896.164679287,
                            7597466.821610078
                        ],
                        [
                            10342926.632015636,
                            7597494.965787344
                        ],
                        [
                            10342906.549051227,
                            7597535.803955604
                        ],
                        [
                            10342862.821199998,
                            7597625.706592653
                        ]
                    ]
                ],
                "crs": {
                    "type": "name",
                    "properties": {
                        "name": "EPSG:3857"
                    }
                }
            },
            "properties": {
                "cadastralDistrictsCode": 24,
                "category": 36368,
                "categoryName": "Земельные участки ЕГРН",
                "descr": "24:11:0330102:660",
                "externalKey": "24:11:0330102:660",
                "interactionId": 396753128,
                "label": "24:11:0330102:660",
                "options": {
                    "area": null,
                    "cad_num": "24:11:0330102:660",
                    "cost_application_date": "2023-01-01",
                    "cost_approvement_date": "",
                    "cost_determination_date": "2022-01-01",
                    "cost_index": 255.59,
                    "cost_registration_date": "2022-12-23",
                    "cost_value": 457250.51,
                    "declared_area": null,
                    "determination_couse": "Акт об утверждении результатов определения кадастровой стоимости, полученных в соответствии с положениями Закона 237-ФЗ\n\n\n\n\n\n",
                    "land_record_category_type": "Земли населенных пунктов",
                    "land_record_reg_date": "2018-10-09",
                    "land_record_subtype": "Землепользование",
                    "land_record_type": "Земельный участок",
                    "ownership_type": "Частная",
                    "permitted_use_established_by_document": "одноквартирные усадебные жилые дома",
                    "quarter_cad_number": "24:11:0330102",
                    "readable_address": "Российская Федерация, Красноярский край, Емельяновский муниципальный район, сельское поселение Шуваевский сельсовет,  Шуваево село, Озерная улица, 6 В",
                    "specified_area": 1789,
                    "status": "Учтенный"
                },
                "subcategory": 5,
                "systemInfo": {
                    "inserted": "2024-12-07T11:52:56.003692",
                    "insertedBy": "7EF5CD0B-AC08-4097-AF2B-07CD85992A79",
                    "updated": "2026-02-08T21:57:05.644408",
                    "updatedBy": "7EF5CD0B-AC08-4097-AF2B-07CD85992A79"
                }
            }
        },
        {
            "id": 414278779,
            "type": "Feature",
            "geometry": {
                "type": "Polygon",
                "coordinates": [
                    [
                        [
                            10342662.483674066,
                            7597755.623640536
                        ],
                        [
                            10342686.926506132,
                            7597700.881494496
                        ],
                        [
                            10342743.0757612,
                            7597727.892848754
                        ],
                        [
                            10342717.55607611,
                            7597783.532490127
                        ],
                        [
                            10342662.483674066,
                            7597755.623640536
                        ]
                    ]
                ],
                "crs": {
                    "type": "name",
                    "properties": {
                        "name": "EPSG:3857"
                    }
                }
            },
            "properties": {
                "cadastralDistrictsCode": 24,
                "category": 36368,
                "categoryName": "Земельные участки ЕГРН",
                "descr": "24:11:0330102:700",
                "externalKey": "24:11:0330102:700",
                "interactionId": 396753164,
                "label": "24:11:0330102:700",
                "options": {
                    "area": null,
                    "cad_num": "24:11:0330102:700",
                    "cost_application_date": "2023-01-01",
                    "cost_approvement_date": "",
                    "cost_determination_date": "2022-01-01",
                    "cost_index": 262.41,
                    "cost_registration_date": "2022-12-30",
                    "cost_value": 305970.06,
                    "declared_area": null,
                    "determination_couse": "Акт об утверждении результатов определения кадастровой стоимости, полученных в соответствии с положениями Закона 237-ФЗ\n\n\n\n\n\n\n\n",
                    "land_record_category_type": "Земли населенных пунктов",
                    "land_record_reg_date": "2020-11-18",
                    "land_record_subtype": "Землепользование",
                    "land_record_type": "Земельный участок",
                    "ownership_type": "Частная",
                    "permitted_use_established_by_document": "одноквартирные усадебные жилые дома",
                    "quarter_cad_number": "24:11:0330102",
                    "readable_address": "Россия, Красноярский край, Емельяновский район, с. Шуваево, западнее земельного участка с кадастровым номером 24:11:0330102:28",
                    "specified_area": 1166,
                    "status": "Учтенный"
                },
                "subcategory": 5,
                "systemInfo": {
                    "inserted": "2024-12-07T11:52:56.607482",
                    "insertedBy": "7EF5CD0B-AC08-4097-AF2B-07CD85992A79",
                    "updated": "2026-02-08T21:57:06.192601",
                    "updatedBy": "7EF5CD0B-AC08-4097-AF2B-07CD85992A79"
                }
            }
        },
        {
            "id": 414280113,
            "type": "Feature",
            "geometry": {
                "type": "Polygon",
                "coordinates": [
                    [
                        [
                            10343093.95123126,
                            7597960.274575155
                        ],
                        [
                            10343126.229367489,
                            7597876.246810701
                        ],
                        [
                            10343175.016621895,
                            7597898.537968109
                        ],
                        [
                            10343141.680700691,
                            7597982.672681133
                        ],
                        [
                            10343093.95123126,
                            7597960.274575155
                        ]
                    ]
                ],
                "crs": {
                    "type": "name",
                    "properties": {
                        "name": "EPSG:3857"
                    }
                }
            },
            "properties": {
                "cadastralDistrictsCode": 24,
                "category": 36368,
                "categoryName": "Земельные участки ЕГРН",
                "descr": "24:11:0330102:215",
                "externalKey": "24:11:0330102:215",
                "interactionId": 396754498,
                "label": "24:11:0330102:215",
                "options": {
                    "area": null,
                    "cad_num": "24:11:0330102:215",
                    "cost_application_date": "2023-01-01",
                    "cost_approvement_date": "",
                    "cost_determination_date": "2022-01-01",
                    "cost_index": 262.41,
                    "cost_registration_date": "2022-12-23",
                    "cost_value": 390203.67,
                    "declared_area": null,
                    "determination_couse": "Акт об утверждении результатов определения кадастровой стоимости, полученных в соответствии с положениями Закона 237-ФЗ\n\n\n\n\n\n",
                    "land_record_category_type": "Земли населенных пунктов",
                    "land_record_reg_date": "2014-05-13",
                    "land_record_subtype": "Землепользование",
                    "land_record_type": "Земельный участок",
                    "ownership_type": "Частная",
                    "permitted_use_established_by_document": "Для ведения личного подсобного хозяйства",
                    "quarter_cad_number": "24:11:0330102",
                    "readable_address": "Местоположение установлено относительно ориентира, расположенного за пределами участка. Почтовый адрес ориентира: Россия, Красноярский край, Емельяновский район, с. Шуваево, ул. Парковая.",
                    "specified_area": 1487,
                    "status": "Учтенный"
                },
                "subcategory": 5,
                "systemInfo": {
                    "inserted": "2024-12-07T11:53:05.432361",
                    "insertedBy": "7EF5CD0B-AC08-4097-AF2B-07CD85992A79",
                    "updated": "2026-03-14T09:20:08.788627",
                    "updatedBy": "22F23413-4218-4EB5-B8D3-D2646E3C2FAE"
                }
            }
        },
        {
            "id": 414280831,
            "type": "Feature",
            "geometry": {
                "type": "Polygon",
                "coordinates": [
                    [
                        [
                            10343063.125040544,
                            7597716.623227376
                        ],
                        [
                            10343013.818228314,
                            7597695.103952121
                        ],
                        [
                            10343047.695944702,
                            7597622.294905639
                        ],
                        [
                            10343054.84554939,
                            7597626.760594021
                        ],
                        [
                            10343065.041313102,
                            7597633.170925356
                        ],
                        [
                            10343096.524587333,
                            7597653.0139916865
                        ],
                        [
                            10343063.125040544,
                            7597716.623227376
                        ]
                    ]
                ],
                "crs": {
                    "type": "name",
                    "properties": {
                        "name": "EPSG:3857"
                    }
                }
            },
            "properties": {
                "cadastralDistrictsCode": 24,
                "category": 36368,
                "categoryName": "Земельные участки ЕГРН",
                "descr": "24:11:0330102:568",
                "externalKey": "24:11:0330102:568",
                "interactionId": 396755216,
                "label": "24:11:0330102:568",
                "options": {
                    "area": null,
                    "cad_num": "24:11:0330102:568",
                    "cost_application_date": "2023-01-01",
                    "cost_approvement_date": "",
                    "cost_determination_date": "2022-01-01",
                    "cost_index": 262.41,
                    "cost_registration_date": "2022-12-21",
                    "cost_value": 344019.51,
                    "declared_area": null,
                    "determination_couse": "Акт об утверждении результатов определения кадастровой стоимости, полученных в соответствии с положениями Закона 237-ФЗ\n\n\n\n",
                    "land_record_category_type": "Земли населенных пунктов",
                    "land_record_reg_date": "2017-10-30",
                    "land_record_subtype": "Землепользование",
                    "land_record_type": "Земельный участок",
                    "ownership_type": "Частная",
                    "permitted_use_established_by_document": "Для ведения личного подсобного хозяйства",
                    "quarter_cad_number": "24:11:0330102",
                    "readable_address": "Российская Федерация, Красноярский край, муниципальный район Емельяновский, сельское поселение Шуваевский сельсовет, село Шуваево, улица Озерная, земельный участок 8А ",
                    "specified_area": 1311,
                    "status": "Учтенный"
                },
                "subcategory": 5,
                "systemInfo": {
                    "inserted": "2024-12-07T11:53:08.90934",
                    "insertedBy": "7EF5CD0B-AC08-4097-AF2B-07CD85992A79",
                    "updated": "2026-02-08T22:15:20.999635",
                    "updatedBy": "7EF5CD0B-AC08-4097-AF2B-07CD85992A79"
                }
            }
        },
        {
            "id": 414280943,
            "type": "Feature",
            "geometry": {
                "type": "Polygon",
                "coordinates": [
                    [
                        [
                            10343016.324641844,
                            7597826.041215757
                        ],
                        [
                            10343050.264299523,
                            7597747.210845768
                        ],
                        [
                            10343143.322113175,
                            7597788.355072484
                        ],
                        [
                            10343113.252959555,
                            7597870.300106445
                        ],
                        [
                            10343016.324641844,
                            7597826.041215757
                        ]
                    ]
                ],
                "crs": {
                    "type": "name",
                    "properties": {
                        "name": "EPSG:3857"
                    }
                }
            },
            "properties": {
                "cadastralDistrictsCode": 24,
                "category": 36368,
                "categoryName": "Земельные участки ЕГРН",
                "descr": "24:11:0330102:59",
                "externalKey": "24:11:0330102:59",
                "interactionId": 396755328,
                "label": "24:11:0330102:59",
                "options": {
                    "area": null,
                    "cad_num": "24:11:0330102:59",
                    "cost_application_date": "2023-01-01",
                    "cost_approvement_date": "",
                    "cost_determination_date": "2022-01-01",
                    "cost_index": 251.13,
                    "cost_registration_date": "2022-12-23",
                    "cost_value": 701406.09,
                    "declared_area": null,
                    "determination_couse": "Акт об утверждении результатов определения кадастровой стоимости, полученных в соответствии с положениями Закона 237-ФЗ\n\n\n\n",
                    "land_record_category_type": "Земли населенных пунктов",
                    "land_record_reg_date": "2004-07-09",
                    "land_record_subtype": "Землепользование",
                    "land_record_type": "Земельный участок",
                    "ownership_type": "Частная",
                    "permitted_use_established_by_document": "для ведения личного подсобного хозяйства",
                    "quarter_cad_number": "24:11:0330102",
                    "readable_address": "Местоположение установлено относительно ориентира, расположенного в границах участка. Почтовый адрес ориентира: Красноярский край, Емельяновский район, с. Шуваево, ул. Озереная, 15.",
                    "specified_area": 2793,
                    "status": "Ранее учтенный"
                },
                "subcategory": 5,
                "systemInfo": {
                    "inserted": "2024-12-07T11:53:09.394118",
                    "insertedBy": "7EF5CD0B-AC08-4097-AF2B-07CD85992A79",
                    "updated": "2026-03-14T09:20:09.137018",
                    "updatedBy": "22F23413-4218-4EB5-B8D3-D2646E3C2FAE"
                }
            }
        },
        {
            "id": 414281021,
            "type": "Feature",
            "geometry": {
                "type": "Polygon",
                "coordinates": [
                    [
                        [
                            10342887.365903612,
                            7597797.877891552
                        ],
                        [
                            10342839.083734088,
                            7597774.435721608
                        ],
                        [
                            10342828.402199246,
                            7597769.246348149
                        ],
                        [
                            10342813.598616162,
                            7597762.056878042
                        ],
                        [
                            10342829.103420744,
                            7597726.099821735
                        ],
                        [
                            10342903.014338281,
                            7597761.579261708
                        ],
                        [
                            10342887.365903612,
                            7597797.877891552
                        ]
                    ]
                ],
                "crs": {
                    "type": "name",
                    "properties": {
                        "name": "EPSG:3857"
                    }
                }
            },
            "properties": {
                "cadastralDistrictsCode": 24,
                "category": 36368,
                "categoryName": "Земельные участки ЕГРН",
                "descr": "24:11:0330102:635",
                "externalKey": "24:11:0330102:635",
                "interactionId": 396755406,
                "label": "24:11:0330102:635",
                "options": {
                    "area": null,
                    "cad_num": "24:11:0330102:635",
                    "cost_application_date": "2023-01-01",
                    "cost_approvement_date": "",
                    "cost_determination_date": "2022-01-01",
                    "cost_index": 262.41,
                    "cost_registration_date": "2022-12-23",
                    "cost_value": 262410,
                    "declared_area": null,
                    "determination_couse": "Акт об утверждении результатов определения кадастровой стоимости, полученных в соответствии с положениями Закона 237-ФЗ\n\n\n\n",
                    "land_record_category_type": "Земли населенных пунктов",
                    "land_record_reg_date": "2017-12-06",
                    "land_record_subtype": "Землепользование",
                    "land_record_type": "Земельный участок",
                    "ownership_type": "Частная",
                    "permitted_use_established_by_document": "Для ведения личного подсобного хозяйства",
                    "quarter_cad_number": "24:11:0330102",
                    "readable_address": "Российская Федерация, Красноярский край, муниципальный округ Емельяновский, село Шуваево, улица Озерная, земельный участок 11Б",
                    "specified_area": 1000,
                    "status": "Учтенный"
                },
                "subcategory": 5,
                "systemInfo": {
                    "inserted": "2024-12-07T11:53:09.637962",
                    "insertedBy": "7EF5CD0B-AC08-4097-AF2B-07CD85992A79",
                    "updated": "2026-02-13T04:42:33.27371",
                    "updatedBy": "7EF5CD0B-AC08-4097-AF2B-07CD85992A79"
                }
            }
        },
        {
            "id": 414281200,
            "type": "Feature",
            "geometry": {
                "type": "Polygon",
                "coordinates": [
                    [
                        [
                            10343197.671815705,
                            7597908.863607794
                        ],
                        [
                            10343228.809450751,
                            7597817.897828278
                        ],
                        [
                            10343264.119296633,
                            7597833.216787707
                        ],
                        [
                            10343235.848768879,
                            7597926.307031588
                        ],
                        [
                            10343197.671815705,
                            7597908.863607794
                        ]
                    ]
                ],
                "crs": {
                    "type": "name",
                    "properties": {
                        "name": "EPSG:3857"
                    }
                }
            },
            "properties": {
                "cadastralDistrictsCode": 24,
                "category": 36368,
                "categoryName": "Земельные участки ЕГРН",
                "descr": "24:11:0330102:141",
                "externalKey": "24:11:0330102:141",
                "interactionId": 396755584,
                "label": "24:11:0330102:141",
                "options": {
                    "area": null,
                    "cad_num": "24:11:0330102:141",
                    "cost_application_date": "2023-01-01",
                    "cost_approvement_date": "",
                    "cost_determination_date": "2022-01-01",
                    "cost_index": 262.15,
                    "cost_registration_date": "2022-12-21",
                    "cost_value": 314580,
                    "declared_area": null,
                    "determination_couse": "Акт об утверждении результатов определения кадастровой стоимости, полученных в соответствии с положениями Закона 237-ФЗ\n\n\n\n",
                    "land_record_category_type": "Земли населенных пунктов",
                    "land_record_reg_date": "2008-09-15",
                    "land_record_subtype": "Землепользование",
                    "land_record_type": "Земельный участок",
                    "ownership_type": "Частная",
                    "permitted_use_established_by_document": "для ведения личного подсобного хозяйства",
                    "quarter_cad_number": "24:11:0330102",
                    "readable_address": "Местоположение установлено относительно ориентира, расположенного в границах участка. Почтовый адрес ориентира: Красноярский край, Емельяновский район, с. Шуваево, ул. Озерная, 19.",
                    "specified_area": 1200,
                    "status": "Ранее учтенный"
                },
                "subcategory": 5,
                "systemInfo": {
                    "inserted": "2024-12-07T11:53:10.498365",
                    "insertedBy": "7EF5CD0B-AC08-4097-AF2B-07CD85992A79",
                    "updated": "2026-03-14T09:20:09.267443",
                    "updatedBy": "22F23413-4218-4EB5-B8D3-D2646E3C2FAE"
                }
            }
        },
        {
            "id": 414281673,
            "type": "Feature",
            "geometry": {
                "type": "Polygon",
                "coordinates": [
                    [
                        [
                            10342524.281258395,
                            7597613.959011661
                        ],
                        [
                            10342566.050942078,
                            7597516.095093412
                        ],
                        [
                            10342607.037573,
                            7597535.341511288
                        ],
                        [
                            10342565.608840916,
                            7597633.350112473
                        ],
                        [
                            10342541.288980534,
                            7597621.942533954
                        ],
                        [
                            10342524.281258395,
                            7597613.959011661
                        ]
                    ]
                ],
                "crs": {
                    "type": "name",
                    "properties": {
                        "name": "EPSG:3857"
                    }
                }
            },
            "properties": {
                "cadastralDistrictsCode": 24,
                "category": 36368,
                "categoryName": "Земельные участки ЕГРН",
                "descr": "24:11:0330102:666",
                "externalKey": "24:11:0330102:666",
                "interactionId": 396756058,
                "label": "24:11:0330102:666",
                "options": {
                    "area": null,
                    "cad_num": "24:11:0330102:666",
                    "cost_application_date": "2023-01-01",
                    "cost_approvement_date": "",
                    "cost_determination_date": "2022-01-01",
                    "cost_index": 261.36,
                    "cost_registration_date": "2022-12-23",
                    "cost_value": 392040,
                    "declared_area": null,
                    "determination_couse": "Акт об утверждении результатов определения кадастровой стоимости, полученных в соответствии с положениями Закона 237-ФЗ\n\n\n\n\n\n",
                    "land_record_category_type": "Земли населенных пунктов",
                    "land_record_reg_date": "2018-11-24",
                    "land_record_subtype": "Землепользование",
                    "land_record_type": "Земельный участок",
                    "ownership_type": "Частная",
                    "permitted_use_established_by_document": "одноквартирные усадебные жилые дома",
                    "quarter_cad_number": "24:11:0330102",
                    "readable_address": "Российская Федерация, Красноярский край, Емельяновский муниципальный район, сельское поселение Шуваевский сельсовет, Шуваево село, Озерная улица, уч. 9 Б",
                    "specified_area": 1500,
                    "status": "Учтенный"
                },
                "subcategory": 5,
                "systemInfo": {
                    "inserted": "2024-12-07T11:53:12.776193",
                    "insertedBy": "7EF5CD0B-AC08-4097-AF2B-07CD85992A79",
                    "updated": "2026-02-08T22:17:39.850469",
                    "updatedBy": "7EF5CD0B-AC08-4097-AF2B-07CD85992A79"
                }
            }
        },
        {
            "id": 414281728,
            "type": "Feature",
            "geometry": {
                "type": "Polygon",
                "coordinates": [
                    [
                        [
                            10342442.451144716,
                            7597575.536800661
                        ],
                        [
                            10342476.471287966,
                            7597493.728610585
                        ],
                        [
                            10342483.325608658,
                            7597477.24133599
                        ],
                        [
                            10342524.526873093,
                            7597496.596206557
                        ],
                        [
                            10342483.527398743,
                            7597594.820088593
                        ],
                        [
                            10342442.451144716,
                            7597575.536800661
                        ]
                    ]
                ],
                "crs": {
                    "type": "name",
                    "properties": {
                        "name": "EPSG:3857"
                    }
                }
            },
            "properties": {
                "cadastralDistrictsCode": 24,
                "category": 36368,
                "categoryName": "Земельные участки ЕГРН",
                "descr": "24:11:0330102:664",
                "externalKey": "24:11:0330102:664",
                "interactionId": 396756113,
                "label": "24:11:0330102:664",
                "options": {
                    "area": null,
                    "cad_num": "24:11:0330102:664",
                    "cost_application_date": "2023-01-01",
                    "cost_approvement_date": "",
                    "cost_determination_date": "2022-01-01",
                    "cost_index": 262.15,
                    "cost_registration_date": "2022-12-20",
                    "cost_value": 393225,
                    "declared_area": null,
                    "determination_couse": "Акт об утверждении результатов определения кадастровой стоимости, полученных в соответствии с положениями Закона 237-ФЗ\n\n\n",
                    "land_record_category_type": "Земли населенных пунктов",
                    "land_record_reg_date": "2018-11-24",
                    "land_record_subtype": "Землепользование",
                    "land_record_type": "Земельный участок",
                    "ownership_type": "Частная",
                    "permitted_use_established_by_document": "одноквартирные усадебные жилые дома",
                    "quarter_cad_number": "24:11:0330102",
                    "readable_address": "Российская Федерация, Красноярский край, Емельяновский муниципальный район, сельское поселение Шуваевский сельсовет, Шуваево село, Озерная улица, уч. 9",
                    "specified_area": 1500,
                    "status": "Учтенный"
                },
                "subcategory": 5,
                "systemInfo": {
                    "inserted": "2024-12-07T11:53:12.97581",
                    "insertedBy": "7EF5CD0B-AC08-4097-AF2B-07CD85992A79",
                    "updated": "2026-02-08T21:59:30.047618",
                    "updatedBy": "7EF5CD0B-AC08-4097-AF2B-07CD85992A79"
                }
            }
        },
        {
            "id": 414281791,
            "type": "Feature",
            "geometry": {
                "type": "Polygon",
                "coordinates": [
                    [
                        [
                            10342813.598616162,
                            7597762.056878042
                        ],
                        [
                            10342790.83767884,
                            7597751.029306432
                        ],
                        [
                            10342764.044412384,
                            7597738.01966466
                        ],
                        [
                            10342810.235358888,
                            7597630.760112196
                        ],
                        [
                            10342860.112617875,
                            7597654.1681465125
                        ],
                        [
                            10342844.60808028,
                            7597690.142901344
                        ],
                        [
                            10342829.103420744,
                            7597726.099821735
                        ],
                        [
                            10342813.598616162,
                            7597762.056878042
                        ]
                    ]
                ],
                "crs": {
                    "type": "name",
                    "properties": {
                        "name": "EPSG:3857"
                    }
                }
            },
            "properties": {
                "cadastralDistrictsCode": 24,
                "category": 36368,
                "categoryName": "Земельные участки ЕГРН",
                "descr": "24:11:0330102:699",
                "externalKey": "24:11:0330102:699",
                "interactionId": 396756176,
                "label": "24:11:0330102:699",
                "options": {
                    "area": null,
                    "cad_num": "24:11:0330102:699",
                    "cost_application_date": "2023-01-01",
                    "cost_approvement_date": "",
                    "cost_determination_date": "2022-01-01",
                    "cost_index": 250.6,
                    "cost_registration_date": "2022-12-30",
                    "cost_value": 501200,
                    "declared_area": null,
                    "determination_couse": "Акт об утверждении результатов определения кадастровой стоимости, полученных в соответствии с положениями Закона 237-ФЗ\n\n\n\n\n\n\n\n",
                    "land_record_category_type": "Земли населенных пунктов",
                    "land_record_reg_date": "2020-09-25",
                    "land_record_subtype": "Землепользование",
                    "land_record_type": "Земельный участок",
                    "ownership_type": "Частная",
                    "permitted_use_established_by_document": "одноквартирные усадебные жилые дома",
                    "quarter_cad_number": "24:11:0330102",
                    "readable_address": "Российская Федерация, Красноярский край, Емельяновский муниципальный район, Сельское поселение Шуваевский сельсовет, Шуваево село, Озерная улица, 11А",
                    "specified_area": 2000,
                    "status": "Учтенный"
                },
                "subcategory": 5,
                "systemInfo": {
                    "inserted": "2024-12-07T11:53:13.165958",
                    "insertedBy": "7EF5CD0B-AC08-4097-AF2B-07CD85992A79",
                    "updated": "2026-02-08T21:59:28.15234",
                    "updatedBy": "7EF5CD0B-AC08-4097-AF2B-07CD85992A79"
                }
            }
        },
        {
            "id": 414281801,
            "type": "Feature",
            "geometry": {
                "type": "Polygon",
                "coordinates": [
                    [
                        [
                            10342414.961324994,
                            7597641.432758118
                        ],
                        [
                            10342442.451144716,
                            7597575.536800661
                        ],
                        [
                            10342483.527398743,
                            7597594.820088593
                        ],
                        [
                            10342491.86095904,
                            7597598.730794666
                        ],
                        [
                            10342463.67252579,
                            7597664.302721867
                        ],
                        [
                            10342414.961324994,
                            7597641.432758118
                        ]
                    ]
                ],
                "crs": {
                    "type": "name",
                    "properties": {
                        "name": "EPSG:3857"
                    }
                }
            },
            "properties": {
                "cadastralDistrictsCode": 24,
                "category": 36368,
                "categoryName": "Земельные участки ЕГРН",
                "descr": "24:11:0330102:661",
                "externalKey": "24:11:0330102:661",
                "interactionId": 396756186,
                "label": "24:11:0330102:661",
                "options": {
                    "area": null,
                    "cad_num": "24:11:0330102:661",
                    "cost_application_date": "2023-01-01",
                    "cost_approvement_date": "",
                    "cost_determination_date": "2022-01-01",
                    "cost_index": 262.41,
                    "cost_registration_date": "2022-12-23",
                    "cost_value": 314892,
                    "declared_area": null,
                    "determination_couse": "",
                    "land_record_category_type": "Земли населенных пунктов",
                    "land_record_reg_date": "2018-11-24",
                    "land_record_subtype": "Землепользование",
                    "land_record_type": "Земельный участок",
                    "ownership_type": "Частная",
                    "permitted_use_established_by_document": "одноквартирные усадебные жилые дома",
                    "quarter_cad_number": "24:11:0330102",
                    "readable_address": "Российская Федерация, Красноярский край, муниципальный район Емельяновский, сельское поселение Шуваевский сельсовет, село Шуваево, улица Парковая, земельный участок 4Г",
                    "specified_area": 1200,
                    "status": "Учтенный"
                },
                "subcategory": 5,
                "systemInfo": {
                    "inserted": "2024-12-07T11:53:13.37262",
                    "insertedBy": "7EF5CD0B-AC08-4097-AF2B-07CD85992A79",
                    "updated": "2026-02-08T22:02:09.824818",
                    "updatedBy": "7EF5CD0B-AC08-4097-AF2B-07CD85992A79"
                }
            }
        },
        {
            "id": 414477780,
            "type": "Feature",
            "geometry": {
                "type": "Polygon",
                "coordinates": [
                    [
                        [
                            10342686.615163753,
                            7597239.592094099
                        ],
                        [
                            10342694.337979978,
                            7597244.094589681
                        ],
                        [
                            10342732.146073237,
                            7597265.977004367
                        ],
                        [
                            10342774.577392729,
                            7597290.542775503
                        ],
                        [
                            10342758.664714929,
                            7597323.460294804
                        ],
                        [
                            10342669.242303256,
                            7597278.167689161
                        ],
                        [
                            10342686.615163753,
                            7597239.592094099
                        ]
                    ]
                ],
                "crs": {
                    "type": "name",
                    "properties": {
                        "name": "EPSG:3857"
                    }
                }
            },
            "properties": {
                "cadastralDistrictsCode": 24,
                "category": 36368,
                "categoryName": "Земельные участки ЕГРН",
                "descr": "24:11:0130101:3967",
                "externalKey": "24:11:0130101:3967",
                "interactionId": 396952165,
                "label": "24:11:0130101:3967",
                "options": {
                    "area": null,
                    "cad_num": "24:11:0130101:3967",
                    "cost_application_date": "2023-01-01",
                    "cost_approvement_date": "",
                    "cost_determination_date": "2022-01-01",
                    "cost_index": 262.41,
                    "cost_registration_date": "2022-12-26",
                    "cost_value": 322764.3,
                    "declared_area": null,
                    "determination_couse": "Акт об утверждении результатов определения кадастровой стоимости, полученных в соответствии с положениями Закона 237-ФЗ\n\n\n\n\n\n",
                    "land_record_category_type": "Земли населенных пунктов",
                    "land_record_reg_date": "2020-01-27",
                    "land_record_subtype": "Землепользование",
                    "land_record_type": "Земельный участок",
                    "ownership_type": "Частная",
                    "permitted_use_established_by_document": "Для ведения личного подсобного хозяйства",
                    "quarter_cad_number": "24:11:0130101",
                    "readable_address": "Российская Федерация, Красноярский край, Емельяновский муниципальный район, сельское поселение Шуваевский сельсовет, Шуваево село, Центральная улица, 1В ",
                    "specified_area": 1230,
                    "status": "Учтенный"
                },
                "subcategory": 5,
                "systemInfo": {
                    "inserted": "2024-12-07T12:15:30.059759",
                    "insertedBy": "7EF5CD0B-AC08-4097-AF2B-07CD85992A79",
                    "updated": "2026-02-08T21:43:38.895813",
                    "updatedBy": "7EF5CD0B-AC08-4097-AF2B-07CD85992A79"
                }
            }
        },
        {
            "id": 414477850,
            "type": "Feature",
            "geometry": {
                "type": "Polygon",
                "coordinates": [
                    [
                        [
                            10342414.938902307,
                            7597310.964815016
                        ],
                        [
                            10342380.192879077,
                            7597399.256908872
                        ],
                        [
                            10342339.65563045,
                            7597380.171953605
                        ],
                        [
                            10342374.007889608,
                            7597291.610185115
                        ],
                        [
                            10342381.247884622,
                            7597295.0162299555
                        ],
                        [
                            10342414.938902307,
                            7597310.964815016
                        ]
                    ]
                ],
                "crs": {
                    "type": "name",
                    "properties": {
                        "name": "EPSG:3857"
                    }
                }
            },
            "properties": {
                "cadastralDistrictsCode": 24,
                "category": 36368,
                "categoryName": "Земельные участки ЕГРН",
                "descr": "24:11:0130101:3983",
                "externalKey": "24:11:0130101:3983",
                "interactionId": 396952235,
                "label": "24:11:0130101:3983",
                "options": {
                    "area": null,
                    "cad_num": "24:11:0130101:3983",
                    "cost_application_date": "2023-01-01",
                    "cost_approvement_date": "",
                    "cost_determination_date": "2022-01-01",
                    "cost_index": 262.41,
                    "cost_registration_date": "2022-12-29",
                    "cost_value": 347430.84,
                    "declared_area": null,
                    "determination_couse": "Акт об утверждении результатов определения кадастровой стоимости, полученных в соответствии с положениями Закона 237-ФЗ\n\n\n\n\n\n\n\n",
                    "land_record_category_type": "Земли населенных пунктов",
                    "land_record_reg_date": "2020-10-21",
                    "land_record_subtype": "Землепользование",
                    "land_record_type": "Земельный участок",
                    "ownership_type": "Частная",
                    "permitted_use_established_by_document": "Для ведения личного подсобного хозяйства",
                    "quarter_cad_number": "24:11:0130101",
                    "readable_address": "Российская Федерация, Красноярский край, Емельяновский муниципальный район, Сельское поселение Шуваевский сельсовет, Шуваево село, Озерная улица, земельный участок 2В",
                    "specified_area": 1324,
                    "status": "Учтенный"
                },
                "subcategory": 5,
                "systemInfo": {
                    "inserted": "2024-12-07T12:15:30.278386",
                    "insertedBy": "7EF5CD0B-AC08-4097-AF2B-07CD85992A79",
                    "updated": "2026-02-08T21:49:22.972003",
                    "updatedBy": "7EF5CD0B-AC08-4097-AF2B-07CD85992A79"
                }
            }
        },
        {
            "id": 414479116,
            "type": "Feature",
            "geometry": {
                "type": "Polygon",
                "coordinates": [
                    [
                        [
                            10342374.007889608,
                            7597291.610185115
                        ],
                        [
                            10342339.65563045,
                            7597380.171953605
                        ],
                        [
                            10342297.95371786,
                            7597360.546151101
                        ],
                        [
                            10342333.865582917,
                            7597272.633816498
                        ],
                        [
                            10342344.528380888,
                            7597277.661795576
                        ],
                        [
                            10342374.007889608,
                            7597291.610185115
                        ]
                    ]
                ],
                "crs": {
                    "type": "name",
                    "properties": {
                        "name": "EPSG:3857"
                    }
                }
            },
            "properties": {
                "cadastralDistrictsCode": 24,
                "category": 36368,
                "categoryName": "Земельные участки ЕГРН",
                "descr": "24:11:0130101:3982",
                "externalKey": "24:11:0130101:3982",
                "interactionId": 396953501,
                "label": "24:11:0130101:3982",
                "options": {
                    "area": null,
                    "cad_num": "24:11:0130101:3982",
                    "cost_application_date": "2023-01-01",
                    "cost_approvement_date": "",
                    "cost_determination_date": "2022-01-01",
                    "cost_index": 262.41,
                    "cost_registration_date": "2022-12-29",
                    "cost_value": 349267.71,
                    "declared_area": null,
                    "determination_couse": "Акт об утверждении результатов определения кадастровой стоимости, полученных в соответствии с положениями Закона 237-ФЗ\n\n\n\n\n\n\n\n",
                    "land_record_category_type": "Земли населенных пунктов",
                    "land_record_reg_date": "2020-10-21",
                    "land_record_subtype": "Землепользование",
                    "land_record_type": "Земельный участок",
                    "ownership_type": "Частная",
                    "permitted_use_established_by_document": "Для ведения личного подсобного хозяйства",
                    "quarter_cad_number": "24:11:0130101",
                    "readable_address": "Российская Федерация, Красноярский край, муниципальный округ Емельяновский, село Шуваево, улица Озерная, земельный участок 2Б",
                    "specified_area": 1331,
                    "status": "Учтенный"
                },
                "subcategory": 5,
                "systemInfo": {
                    "inserted": "2024-12-07T12:15:39.743989",
                    "insertedBy": "7EF5CD0B-AC08-4097-AF2B-07CD85992A79",
                    "updated": "2026-02-13T04:35:55.07314",
                    "updatedBy": "7EF5CD0B-AC08-4097-AF2B-07CD85992A79"
                }
            }
        },
        {
            "id": 414479118,
            "type": "Feature",
            "geometry": {
                "type": "Polygon",
                "coordinates": [
                    [
                        [
                            10342485.131109519,
                            7597252.963674689
                        ],
                        [
                            10342455.225018742,
                            7597329.976985104
                        ],
                        [
                            10342418.576837288,
                            7597312.676831996
                        ],
                        [
                            10342448.393639825,
                            7597235.609808649
                        ],
                        [
                            10342485.131109519,
                            7597252.963674689
                        ]
                    ]
                ],
                "crs": {
                    "type": "name",
                    "properties": {
                        "name": "EPSG:3857"
                    }
                }
            },
            "properties": {
                "cadastralDistrictsCode": 24,
                "category": 36368,
                "categoryName": "Земельные участки ЕГРН",
                "descr": "24:11:0130101:3985",
                "externalKey": "24:11:0130101:3985",
                "interactionId": 396953503,
                "label": "24:11:0130101:3985",
                "options": {
                    "area": null,
                    "cad_num": "24:11:0130101:3985",
                    "cost_application_date": "2023-01-01",
                    "cost_approvement_date": "",
                    "cost_determination_date": "2022-01-01",
                    "cost_index": 262.41,
                    "cost_registration_date": "2022-12-29",
                    "cost_value": 272381.58,
                    "declared_area": null,
                    "determination_couse": "Акт об утверждении результатов определения кадастровой стоимости, полученных в соответствии с положениями Закона 237-ФЗ\n\n\n\n\n\n\n\n",
                    "land_record_category_type": "Земли населенных пунктов",
                    "land_record_reg_date": "2020-10-21",
                    "land_record_subtype": "Землепользование",
                    "land_record_type": "Земельный участок",
                    "ownership_type": "Частная",
                    "permitted_use_established_by_document": "Для ведения личного подсобного хозяйства",
                    "quarter_cad_number": "24:11:0130101",
                    "readable_address": "Российская Федерация, Красноярский край, муниципальный район Емельяновский, сельское поселение Шуваевский сельсовет, село Шуваево, улица Короткая, земельный участок 3Г",
                    "specified_area": 1038,
                    "status": "Учтенный"
                },
                "subcategory": 5,
                "systemInfo": {
                    "inserted": "2024-12-07T12:15:39.848738",
                    "insertedBy": "7EF5CD0B-AC08-4097-AF2B-07CD85992A79",
                    "updated": "2026-02-08T21:49:23.415119",
                    "updatedBy": "7EF5CD0B-AC08-4097-AF2B-07CD85992A79"
                }
            }
        },
        {
            "id": 414479226,
            "type": "Feature",
            "geometry": {
                "type": "Polygon",
                "coordinates": [
                    [
                        [
                            10342291.035405729,
                            7597252.377784426
                        ],
                        [
                            10342321.462641887,
                            7597175.528320438
                        ],
                        [
                            10342374.973066345,
                            7597200.847830169
                        ],
                        [
                            10342344.528380888,
                            7597277.661795576
                        ],
                        [
                            10342333.865582917,
                            7597272.633816498
                        ],
                        [
                            10342291.035405729,
                            7597252.377784426
                        ]
                    ]
                ],
                "crs": {
                    "type": "name",
                    "properties": {
                        "name": "EPSG:3857"
                    }
                }
            },
            "properties": {
                "cadastralDistrictsCode": 24,
                "category": 36368,
                "categoryName": "Земельные участки ЕГРН",
                "descr": "24:11:0130101:3988",
                "externalKey": "24:11:0130101:3988",
                "interactionId": 396953611,
                "label": "24:11:0130101:3988",
                "options": {
                    "area": null,
                    "cad_num": "24:11:0130101:3988",
                    "cost_application_date": "2023-01-01",
                    "cost_approvement_date": "",
                    "cost_determination_date": "2022-01-01",
                    "cost_index": 262.15,
                    "cost_registration_date": "2022-12-29",
                    "cost_value": 397157.25,
                    "declared_area": null,
                    "determination_couse": "Акт об утверждении результатов определения кадастровой стоимости, полученных в соответствии с положениями Закона 237-ФЗ\n\n\n\n\n\n\n\n",
                    "land_record_category_type": "Земли населенных пунктов",
                    "land_record_reg_date": "2020-10-21",
                    "land_record_subtype": "Землепользование",
                    "land_record_type": "Земельный участок",
                    "ownership_type": "Частная",
                    "permitted_use_established_by_document": "Для ведения личного подсобного хозяйства",
                    "quarter_cad_number": "24:11:0130101",
                    "readable_address": "Российская Федерация, Красноярский край, муниципальный район Емельяновский, сельское поселение Шуваевский сельсовет, село Шуваево, улица Короткая, земельный участок 3",
                    "specified_area": 1515,
                    "status": "Учтенный"
                },
                "subcategory": 5,
                "systemInfo": {
                    "inserted": "2024-12-07T12:15:40.609447",
                    "insertedBy": "7EF5CD0B-AC08-4097-AF2B-07CD85992A79",
                    "updated": "2026-02-08T21:46:25.963374",
                    "updatedBy": "7EF5CD0B-AC08-4097-AF2B-07CD85992A79"
                }
            }
        },
        {
            "id": 414493380,
            "type": "Feature",
            "geometry": {
                "type": "Polygon",
                "coordinates": [
                    [
                        [
                            10342741.978733843,
                            7597357.976215023
                        ],
                        [
                            10342651.203915337,
                            7597318.162159747
                        ],
                        [
                            10342669.242303256,
                            7597278.167689161
                        ],
                        [
                            10342758.664714929,
                            7597323.460294804
                        ],
                        [
                            10342741.978733843,
                            7597357.976215023
                        ]
                    ]
                ],
                "crs": {
                    "type": "name",
                    "properties": {
                        "name": "EPSG:3857"
                    }
                }
            },
            "properties": {
                "cadastralDistrictsCode": 24,
                "category": 36368,
                "categoryName": "Земельные участки ЕГРН",
                "descr": "24:11:0130101:3966",
                "externalKey": "24:11:0130101:3966",
                "interactionId": 396967765,
                "label": "24:11:0130101:3966",
                "options": {
                    "area": null,
                    "cad_num": "24:11:0130101:3966",
                    "cost_application_date": "2023-01-01",
                    "cost_approvement_date": "",
                    "cost_determination_date": "2022-01-01",
                    "cost_index": 262.41,
                    "cost_registration_date": "2022-12-26",
                    "cost_value": 333260.7,
                    "declared_area": null,
                    "determination_couse": "Акт об утверждении результатов определения кадастровой стоимости, полученных в соответствии с положениями Закона 237-ФЗ\n\n\n\n\n\n",
                    "land_record_category_type": "Земли населенных пунктов",
                    "land_record_reg_date": "2020-01-27",
                    "land_record_subtype": "Землепользование",
                    "land_record_type": "Земельный участок",
                    "ownership_type": "Частная",
                    "permitted_use_established_by_document": "Для ведения личного подсобного хозяйства",
                    "quarter_cad_number": "24:11:0130101",
                    "readable_address": "Российская Федерация, Красноярский край, Емельяновский муниципальный район, сельское поселение Шуваевский сельсовет, село Шуваево, улица Центральная, земельный участок 1Б",
                    "specified_area": 1270,
                    "status": "Учтенный"
                },
                "subcategory": 5,
                "systemInfo": {
                    "inserted": "2024-12-07T12:17:37.390125",
                    "insertedBy": "7EF5CD0B-AC08-4097-AF2B-07CD85992A79",
                    "updated": "2026-02-08T21:46:25.661553",
                    "updatedBy": "7EF5CD0B-AC08-4097-AF2B-07CD85992A79"
                }
            }
        },
        {
            "id": 414549877,
            "type": "Feature",
            "geometry": {
                "type": "Polygon",
                "coordinates": [
                    [
                        [
                            10342313.123030376,
                            7596581.511362193
                        ],
                        [
                            10342316.11476036,
                            7596583.473937004
                        ],
                        [
                            10342314.1562717,
                            7596586.471910637
                        ],
                        [
                            10342311.164541049,
                            7596584.509334292
                        ],
                        [
                            10342313.123030376,
                            7596581.511362193
                        ]
                    ]
                ],
                "crs": {
                    "type": "name",
                    "properties": {
                        "name": "EPSG:3857"
                    }
                }
            },
            "properties": {
                "cadastralDistrictsCode": 24,
                "category": 36368,
                "categoryName": "Земельные участки ЕГРН",
                "descr": "24:11:0130101:238",
                "externalKey": "24:11:0130101:238",
                "interactionId": 397024262,
                "label": "24:11:0130101:238",
                "options": {
                    "area": null,
                    "cad_num": "24:11:0130101:238",
                    "cost_application_date": "2020-11-27",
                    "cost_approvement_date": "",
                    "cost_determination_date": "",
                    "cost_index": 0,
                    "cost_registration_date": "2024-11-28",
                    "cost_value": 0,
                    "declared_area": null,
                    "determination_couse": "",
                    "land_record_category_type": "Категория не установлена",
                    "land_record_reg_date": "2004-05-20",
                    "land_record_subtype": "Обособленный участок",
                    "land_record_type": "Земельный участок",
                    "ownership_type": null,
                    "permitted_use_established_by_document": "",
                    "quarter_cad_number": "24:11:0130101",
                    "readable_address": "Местоположение установлено относительно ориентира, расположенного в границах участка. Ориентир Опора № 38. Почтовый адрес ориентира: Красноярский край, р-н. Емельяновский.",
                    "specified_area": 4,
                    "status": "Ранее учтенный"
                },
                "subcategory": 1,
                "systemInfo": {
                    "inserted": "2024-12-07T12:23:50.127402",
                    "insertedBy": "7EF5CD0B-AC08-4097-AF2B-07CD85992A79",
                    "updated": "2026-03-14T09:27:09.730463",
                    "updatedBy": "22F23413-4218-4EB5-B8D3-D2646E3C2FAE"
                }
            }
        },
        {
            "id": 414590158,
            "type": "Feature",
            "geometry": {
                "type": "Polygon",
                "coordinates": [
                    [
                        [
                            10342829.754968062,
                            7597610.1914251335
                        ],
                        [
                            10342820.023366,
                            7597605.578428693
                        ],
                        [
                            10342845.253569731,
                            7597550.89177263
                        ],
                        [
                            10342800.524906605,
                            7597526.556195129
                        ],
                        [
                            10342843.815371819,
                            7597442.225168985
                        ],
                        [
                            10342896.164679287,
                            7597466.821610078
                        ],
                        [
                            10342829.754968062,
                            7597610.1914251335
                        ]
                    ]
                ],
                "crs": {
                    "type": "name",
                    "properties": {
                        "name": "EPSG:3857"
                    }
                }
            },
            "properties": {
                "cadastralDistrictsCode": 24,
                "category": 36368,
                "categoryName": "Земельные участки ЕГРН",
                "descr": "24:11:0000000:26687",
                "externalKey": "24:11:0000000:26687",
                "interactionId": 397064543,
                "label": "24:11:0000000:26687",
                "options": {
                    "area": null,
                    "cad_num": "24:11:0000000:26687",
                    "cost_application_date": "2023-01-01",
                    "cost_approvement_date": "",
                    "cost_determination_date": "2022-01-01",
                    "cost_index": 251.39,
                    "cost_registration_date": "2022-12-29",
                    "cost_value": 501020.27,
                    "declared_area": null,
                    "determination_couse": "Акт об утверждении результатов определения кадастровой стоимости, полученных в соответствии с положениями Закона 237-ФЗ\n\n\n\n\n\n\n\n",
                    "land_record_category_type": "Земли населенных пунктов",
                    "land_record_reg_date": "2019-12-25",
                    "land_record_subtype": "Землепользование",
                    "land_record_type": "Земельный участок",
                    "ownership_type": "Частная",
                    "permitted_use_established_by_document": "Для ведения личного подсобного хозяйства",
                    "quarter_cad_number": "24:11:0000000",
                    "readable_address": "Российская Федерация, Красноярский край, муниципальный район Емельяновский, сельское поселение Шуваевский сельсовет, село Шуваево, улица Озерная, земельный участок 4А",
                    "specified_area": 1993,
                    "status": "Учтенный"
                },
                "subcategory": 5,
                "systemInfo": {
                    "inserted": "2024-12-07T12:28:29.96687",
                    "insertedBy": "7EF5CD0B-AC08-4097-AF2B-07CD85992A79",
                    "updated": "2026-02-08T21:33:27.394911",
                    "updatedBy": "7EF5CD0B-AC08-4097-AF2B-07CD85992A79"
                }
            }
        },
        {
            "id": 414618013,
            "type": "Feature",
            "geometry": {
                "type": "Polygon",
                "coordinates": [
                    [
                        [
                            10342553.369648833,
                            7597152.875685134
                        ],
                        [
                            10342581.35101181,
                            7597065.600885689
                        ],
                        [
                            10342613.459150314,
                            7597084.816393622
                        ],
                        [
                            10342584.961049166,
                            7597169.826714025
                        ],
                        [
                            10342553.369648833,
                            7597152.875685134
                        ]
                    ]
                ],
                "crs": {
                    "type": "name",
                    "properties": {
                        "name": "EPSG:3857"
                    }
                }
            },
            "properties": {
                "cadastralDistrictsCode": 24,
                "category": 36368,
                "categoryName": "Земельные участки ЕГРН",
                "descr": "24:11:0130101:2240",
                "externalKey": "24:11:0130101:2240",
                "interactionId": 397092398,
                "label": "24:11:0130101:2240",
                "options": {
                    "area": null,
                    "cad_num": "24:11:0130101:2240",
                    "cost_application_date": "2023-01-01",
                    "cost_approvement_date": "",
                    "cost_determination_date": "2022-01-01",
                    "cost_index": 275.53,
                    "cost_registration_date": "2022-12-29",
                    "cost_value": 278285.3,
                    "declared_area": null,
                    "determination_couse": "Акт об утверждении результатов определения кадастровой стоимости, полученных в соответствии с положениями Закона 237-ФЗ\n\n\n\n\n\n\n\n",
                    "land_record_category_type": "Земли населенных пунктов",
                    "land_record_reg_date": "2016-03-29",
                    "land_record_subtype": "Землепользование",
                    "land_record_type": "Земельный участок",
                    "ownership_type": "Частная",
                    "permitted_use_established_by_document": "для ведения личного подсобного хозяйства",
                    "quarter_cad_number": "24:11:0130101",
                    "readable_address": "Российская Федерация, Красноярский край, муниципальный район Емельяновский, сельское поселение Шуваевский сельсовет, село Шуваево, улица Весны, земельный участок 15",
                    "specified_area": 1010,
                    "status": "Учтенный"
                },
                "subcategory": 5,
                "systemInfo": {
                    "inserted": "2024-12-07T12:31:36.153018",
                    "insertedBy": "7EF5CD0B-AC08-4097-AF2B-07CD85992A79",
                    "updated": "2026-02-08T20:47:41.885401",
                    "updatedBy": "7EF5CD0B-AC08-4097-AF2B-07CD85992A79"
                }
            }
        },
        {
            "id": 414629307,
            "type": "Feature",
            "geometry": {
                "type": "Polygon",
                "coordinates": [
                    [
                        [
                            10342522.387661114,
                            7597136.230852565
                        ],
                        [
                            10342549.87016119,
                            7597046.745505377
                        ],
                        [
                            10342581.35101181,
                            7597065.600885689
                        ],
                        [
                            10342553.369648833,
                            7597152.875685134
                        ],
                        [
                            10342522.387661114,
                            7597136.230852565
                        ]
                    ]
                ],
                "crs": {
                    "type": "name",
                    "properties": {
                        "name": "EPSG:3857"
                    }
                }
            },
            "properties": {
                "cadastralDistrictsCode": 24,
                "category": 36368,
                "categoryName": "Земельные участки ЕГРН",
                "descr": "24:11:0130101:2241",
                "externalKey": "24:11:0130101:2241",
                "interactionId": 397103692,
                "label": "24:11:0130101:2241",
                "options": {
                    "area": null,
                    "cad_num": "24:11:0130101:2241",
                    "cost_application_date": "2023-01-01",
                    "cost_approvement_date": "",
                    "cost_determination_date": "2022-01-01",
                    "cost_index": 275.53,
                    "cost_registration_date": "2022-12-29",
                    "cost_value": 278285.3,
                    "declared_area": null,
                    "determination_couse": "Акт об утверждении результатов определения кадастровой стоимости, полученных в соответствии с положениями Закона 237-ФЗ\n\n\n\n\n\n\n\n",
                    "land_record_category_type": "Земли населенных пунктов",
                    "land_record_reg_date": "2016-03-29",
                    "land_record_subtype": "Землепользование",
                    "land_record_type": "Земельный участок",
                    "ownership_type": "Частная",
                    "permitted_use_established_by_document": "для ведения личного подсобного хозяйства",
                    "quarter_cad_number": "24:11:0130101",
                    "readable_address": "Российская Федерация, Красноярский край, муниципальный район Емельяновский, сельское поселение Шуваевский сельсовет, село Шуваево, улица Весны, земельный участок 13",
                    "specified_area": 1010,
                    "status": "Учтенный"
                },
                "subcategory": 5,
                "systemInfo": {
                    "inserted": "2024-12-07T12:32:58.602946",
                    "insertedBy": "7EF5CD0B-AC08-4097-AF2B-07CD85992A79",
                    "updated": "2026-02-08T20:45:15.446308",
                    "updatedBy": "7EF5CD0B-AC08-4097-AF2B-07CD85992A79"
                }
            }
        },
        {
            "id": 414693073,
            "type": "Feature",
            "geometry": {
                "type": "Polygon",
                "coordinates": [
                    [
                        [
                            10342295.3006469,
                            7596647.124079569
                        ],
                        [
                            10342334.03560564,
                            7596670.086121546
                        ],
                        [
                            10342301.141263414,
                            7596729.8753606435
                        ],
                        [
                            10342258.554862592,
                            7596704.068729727
                        ],
                        [
                            10342295.3006469,
                            7596647.124079569
                        ]
                    ]
                ],
                "crs": {
                    "type": "name",
                    "properties": {
                        "name": "EPSG:3857"
                    }
                }
            },
            "properties": {
                "cadastralDistrictsCode": 24,
                "category": 36368,
                "categoryName": "Земельные участки ЕГРН",
                "descr": "24:11:0130101:4190",
                "externalKey": "24:11:0130101:4190",
                "interactionId": 397167458,
                "label": "24:11:0130101:4190",
                "options": {
                    "area": null,
                    "cad_num": "24:11:0130101:4190",
                    "cost_application_date": "2023-10-19",
                    "cost_approvement_date": "",
                    "cost_determination_date": "2022-01-01",
                    "cost_index": 262.41,
                    "cost_registration_date": "2023-11-23",
                    "cost_value": 262410,
                    "declared_area": null,
                    "determination_couse": "Акт бюджетного учреждения, созданного субъектом Российской Федерации, об определении кадастровой стоимости в соответствии со статьей 16 Закона 237-ФЗ",
                    "land_record_category_type": "Земли населенных пунктов",
                    "land_record_reg_date": "2023-10-19",
                    "land_record_subtype": "Землепользование",
                    "land_record_type": "Земельный участок",
                    "ownership_type": "Частная",
                    "permitted_use_established_by_document": "для ведения личного подсобного хозяйства (приусадебный земельный участок) (код 2.2)",
                    "quarter_cad_number": "24:11:0130101",
                    "readable_address": "Российская Федерация, Красноярский край, муниципальный район Емельяновский, сельское поселение Шуваевский сельсовет, село Шуваево, улица Степная, земельный участок 19",
                    "specified_area": 1000,
                    "status": "Учтенный"
                },
                "subcategory": 5,
                "systemInfo": {
                    "inserted": "2024-12-07T12:40:42.109914",
                    "insertedBy": "7EF5CD0B-AC08-4097-AF2B-07CD85992A79",
                    "updated": "2026-02-08T21:13:25.132342",
                    "updatedBy": "7EF5CD0B-AC08-4097-AF2B-07CD85992A79"
                }
            }
        },
        {
            "id": 414699252,
            "type": "Feature",
            "geometry": {
                "type": "Polygon",
                "coordinates": [
                    [
                        [
                            10342301.141263414,
                            7596729.8753606435
                        ],
                        [
                            10342271.42806337,
                            7596783.883455062
                        ],
                        [
                            10342224.701596905,
                            7596756.489582789
                        ],
                        [
                            10342258.554862592,
                            7596704.068729727
                        ],
                        [
                            10342301.141263414,
                            7596729.8753606435
                        ]
                    ]
                ],
                "crs": {
                    "type": "name",
                    "properties": {
                        "name": "EPSG:3857"
                    }
                }
            },
            "properties": {
                "cadastralDistrictsCode": 24,
                "category": 36368,
                "categoryName": "Земельные участки ЕГРН",
                "descr": "24:11:0130101:4186",
                "externalKey": "24:11:0130101:4186",
                "interactionId": 397173637,
                "label": "24:11:0130101:4186",
                "options": {
                    "area": null,
                    "cad_num": "24:11:0130101:4186",
                    "cost_application_date": "2023-10-09",
                    "cost_approvement_date": "",
                    "cost_determination_date": "2022-01-01",
                    "cost_index": 262.41,
                    "cost_registration_date": "2023-10-27",
                    "cost_value": 262410,
                    "declared_area": null,
                    "determination_couse": "Акт бюджетного учреждения, созданного субъектом Российской Федерации, об определении кадастровой стоимости в соответствии со статьей 16 Закона 237-ФЗ\n",
                    "land_record_category_type": "Земли населенных пунктов",
                    "land_record_reg_date": "2023-10-09",
                    "land_record_subtype": "Землепользование",
                    "land_record_type": "Земельный участок",
                    "ownership_type": "Частная",
                    "permitted_use_established_by_document": "для ведения личного подсобного хозяйства (приусадебный земельный участок) (код 2.2)",
                    "quarter_cad_number": "24:11:0130101",
                    "readable_address": "Российская Федерация, Красноярский край, муниципальный район Емельяновский, сельское поселение Шуваевский сельсовет, село Шуваево, улица Степная, земельный участок 17",
                    "specified_area": 1000,
                    "status": "Учтенный"
                },
                "subcategory": 5,
                "systemInfo": {
                    "inserted": "2024-12-07T12:41:29.843198",
                    "insertedBy": "7EF5CD0B-AC08-4097-AF2B-07CD85992A79",
                    "updated": "2026-02-08T21:08:53.756002",
                    "updatedBy": "7EF5CD0B-AC08-4097-AF2B-07CD85992A79"
                }
            }
        },
        {
            "id": 414742088,
            "type": "Feature",
            "geometry": {
                "type": "Polygon",
                "coordinates": [
                    [
                        [
                            10342572.127866892,
                            7597029.686616829
                        ],
                        [
                            10342592.408171669,
                            7596975.537359755
                        ],
                        [
                            10342640.301028404,
                            7597004.296937457
                        ],
                        [
                            10342621.777379382,
                            7597059.13166682
                        ],
                        [
                            10342572.127866892,
                            7597029.686616829
                        ]
                    ]
                ],
                "crs": {
                    "type": "name",
                    "properties": {
                        "name": "EPSG:3857"
                    }
                }
            },
            "properties": {
                "cadastralDistrictsCode": 24,
                "category": 36368,
                "categoryName": "Земельные участки ЕГРН",
                "descr": "24:11:0130101:2200",
                "externalKey": "24:11:0130101:2200",
                "interactionId": 397216473,
                "label": "24:11:0130101:2200",
                "options": {
                    "area": null,
                    "cad_num": "24:11:0130101:2200",
                    "cost_application_date": "2023-01-01",
                    "cost_approvement_date": "",
                    "cost_determination_date": "2022-01-01",
                    "cost_index": 275.53,
                    "cost_registration_date": "2022-12-27",
                    "cost_value": 275530,
                    "declared_area": null,
                    "determination_couse": "Акт об утверждении результатов определения кадастровой стоимости, полученных в соответствии с положениями Закона 237-ФЗ\n\n\n\n\n\n\n",
                    "land_record_category_type": "Земли населенных пунктов",
                    "land_record_reg_date": "2015-10-15",
                    "land_record_subtype": "Землепользование",
                    "land_record_type": "Земельный участок",
                    "ownership_type": "Частная",
                    "permitted_use_established_by_document": "Приусадебный участок личного подсобного хозяйства",
                    "quarter_cad_number": "24:11:0130101",
                    "readable_address": "Местоположение установлено относительно ориентира, расположенного за пределами участка. Почтовый адрес ориентира: Россия, Красноярский край, Емельяновский район, с. Шуваево, ул. Зеленая, 9 \"В\".",
                    "specified_area": 1000,
                    "status": "Учтенный"
                },
                "subcategory": 5,
                "systemInfo": {
                    "inserted": "2024-12-07T12:47:17.733877",
                    "insertedBy": "7EF5CD0B-AC08-4097-AF2B-07CD85992A79",
                    "updated": "2026-03-14T09:34:07.745455",
                    "updatedBy": "22F23413-4218-4EB5-B8D3-D2646E3C2FAE"
                }
            }
        },
        {
            "id": 414759363,
            "type": "Feature",
            "geometry": {
                "type": "Polygon",
                "coordinates": [
                    [
                        [
                            10342381.247884622,
                            7597295.0162299555
                        ],
                        [
                            10342411.674316194,
                            7597218.2198910015
                        ],
                        [
                            10342448.393639825,
                            7597235.609808649
                        ],
                        [
                            10342418.576837288,
                            7597312.676831996
                        ],
                        [
                            10342414.938902307,
                            7597310.964815016
                        ],
                        [
                            10342381.247884622,
                            7597295.0162299555
                        ]
                    ]
                ],
                "crs": {
                    "type": "name",
                    "properties": {
                        "name": "EPSG:3857"
                    }
                }
            },
            "properties": {
                "cadastralDistrictsCode": 24,
                "category": 36368,
                "categoryName": "Земельные участки ЕГРН",
                "descr": "24:11:0130101:3986",
                "externalKey": "24:11:0130101:3986",
                "interactionId": 397233748,
                "label": "24:11:0130101:3986",
                "options": {
                    "area": null,
                    "cad_num": "24:11:0130101:3986",
                    "cost_application_date": "2023-01-01",
                    "cost_approvement_date": "",
                    "cost_determination_date": "2022-01-01",
                    "cost_index": 262.41,
                    "cost_registration_date": "2022-12-29",
                    "cost_value": 275005.68,
                    "declared_area": null,
                    "determination_couse": "Акт об утверждении результатов определения кадастровой стоимости, полученных в соответствии с положениями Закона 237-ФЗ\n\n\n\n\n\n\n\n",
                    "land_record_category_type": "Земли населенных пунктов",
                    "land_record_reg_date": "2020-10-21",
                    "land_record_subtype": "Землепользование",
                    "land_record_type": "Земельный участок",
                    "ownership_type": "Частная",
                    "permitted_use_established_by_document": "Для ведения личного подсобного хозяйства",
                    "quarter_cad_number": "24:11:0130101",
                    "readable_address": "Российская Федерация, Красноярский край, муниципальный район Емельяновский, сельское поселение Шуваевский сельсовет, село Шуваево, улица Короткая, земельный участок 3В",
                    "specified_area": 1048,
                    "status": "Учтенный"
                },
                "subcategory": 5,
                "systemInfo": {
                    "inserted": "2024-12-07T12:49:43.048038",
                    "insertedBy": "7EF5CD0B-AC08-4097-AF2B-07CD85992A79",
                    "updated": "2026-02-08T21:49:23.431619",
                    "updatedBy": "7EF5CD0B-AC08-4097-AF2B-07CD85992A79"
                }
            }
        },
        {
            "id": 414759476,
            "type": "Feature",
            "geometry": {
                "type": "Polygon",
                "coordinates": [
                    [
                        [
                            10342522.56832014,
                            7597000.29538367
                        ],
                        [
                            10342544.963574518,
                            7596947.065686313
                        ],
                        [
                            10342585.545891596,
                            7596971.413403982
                        ],
                        [
                            10342592.408171669,
                            7596975.537359755
                        ],
                        [
                            10342572.127866892,
                            7597029.686616829
                        ],
                        [
                            10342522.56832014,
                            7597000.29538367
                        ]
                    ]
                ],
                "crs": {
                    "type": "name",
                    "properties": {
                        "name": "EPSG:3857"
                    }
                }
            },
            "properties": {
                "cadastralDistrictsCode": 24,
                "category": 36368,
                "categoryName": "Земельные участки ЕГРН",
                "descr": "24:11:0130101:2201",
                "externalKey": "24:11:0130101:2201",
                "interactionId": 397233861,
                "label": "24:11:0130101:2201",
                "options": {
                    "area": null,
                    "cad_num": "24:11:0130101:2201",
                    "cost_application_date": "2023-01-01",
                    "cost_approvement_date": "",
                    "cost_determination_date": "2022-01-01",
                    "cost_index": 275.53,
                    "cost_registration_date": "2022-12-29",
                    "cost_value": 275530,
                    "declared_area": null,
                    "determination_couse": "Акт об утверждении результатов определения кадастровой стоимости, полученных в соответствии с положениями Закона 237-ФЗ\n\n\n\n\n\n\n\n",
                    "land_record_category_type": "Земли населенных пунктов",
                    "land_record_reg_date": "2015-10-15",
                    "land_record_subtype": "Землепользование",
                    "land_record_type": "Земельный участок",
                    "ownership_type": "Частная",
                    "permitted_use_established_by_document": "Приусадебный участок личного подсобного хозяйства",
                    "quarter_cad_number": "24:11:0130101",
                    "readable_address": "Местоположение установлено относительно ориентира, расположенного за пределами участка. Почтовый адрес ориентира: Россия, Красноярский край, Емельяновский район, с. Шуваево, ул. Зеленая, 9 \"Б\".",
                    "specified_area": 1000,
                    "status": "Учтенный"
                },
                "subcategory": 5,
                "systemInfo": {
                    "inserted": "2024-12-07T12:49:43.544837",
                    "insertedBy": "7EF5CD0B-AC08-4097-AF2B-07CD85992A79",
                    "updated": "2026-03-14T09:34:18.624419",
                    "updatedBy": "22F23413-4218-4EB5-B8D3-D2646E3C2FAE"
                }
            }
        },
        {
            "id": 414774933,
            "type": "Feature",
            "geometry": {
                "type": "Polygon",
                "coordinates": [
                    [
                        [
                            10342418.509699194,
                            7596855.130406176
                        ],
                        [
                            10342310.566538779,
                            7596787.422733767
                        ],
                        [
                            10342327.840748422,
                            7596756.001649762
                        ],
                        [
                            10342434.905723013,
                            7596823.168567773
                        ],
                        [
                            10342427.103271805,
                            7596838.359393822
                        ],
                        [
                            10342418.509699194,
                            7596855.130406176
                        ]
                    ]
                ],
                "crs": {
                    "type": "name",
                    "properties": {
                        "name": "EPSG:3857"
                    }
                }
            },
            "properties": {
                "cadastralDistrictsCode": 24,
                "category": 36368,
                "categoryName": "Земельные участки ЕГРН",
                "descr": "24:11:0130101:2183",
                "externalKey": "24:11:0130101:2183",
                "interactionId": 397249318,
                "label": "24:11:0130101:2183",
                "options": {
                    "area": null,
                    "cad_num": "24:11:0130101:2183",
                    "cost_application_date": "2023-01-01",
                    "cost_approvement_date": "",
                    "cost_determination_date": "2022-01-01",
                    "cost_index": 262.41,
                    "cost_registration_date": "2022-12-27",
                    "cost_value": 369998.1,
                    "declared_area": null,
                    "determination_couse": "Акт об утверждении результатов определения кадастровой стоимости, полученных в соответствии с положениями Закона 237-ФЗ\n\n\n\n\n\n\n",
                    "land_record_category_type": "Земли населенных пунктов",
                    "land_record_reg_date": "2015-08-24",
                    "land_record_subtype": "Землепользование",
                    "land_record_type": "Земельный участок",
                    "ownership_type": "Частная",
                    "permitted_use_established_by_document": "Для ведения личного подсобного хозяйства",
                    "quarter_cad_number": "24:11:0130101",
                    "readable_address": "Местоположение установлено относительно ориентира, расположенного за пределами участка. Почтовый адрес ориентира: Россия, Красноярский край, Емельяновский район, с. Шуваево, ул. Зеленая, 5\"Г\".",
                    "specified_area": 1410,
                    "status": "Учтенный"
                },
                "subcategory": 5,
                "systemInfo": {
                    "inserted": "2024-12-07T12:51:45.072183",
                    "insertedBy": "7EF5CD0B-AC08-4097-AF2B-07CD85992A79",
                    "updated": "2026-03-14T09:35:07.041518",
                    "updatedBy": "22F23413-4218-4EB5-B8D3-D2646E3C2FAE"
                }
            }
        },
        {
            "id": 414887481,
            "type": "Feature",
            "geometry": {
                "type": "Polygon",
                "coordinates": [
                    [
                        [
                            10342370.686099099,
                            7596603.492436755
                        ],
                        [
                            10342334.03560564,
                            7596670.086121546
                        ],
                        [
                            10342295.3006469,
                            7596647.124079569
                        ],
                        [
                            10342336.573896458,
                            7596583.142405924
                        ],
                        [
                            10342370.686099099,
                            7596603.492436755
                        ]
                    ]
                ],
                "crs": {
                    "type": "name",
                    "properties": {
                        "name": "EPSG:3857"
                    }
                }
            },
            "properties": {
                "cadastralDistrictsCode": 24,
                "category": 36368,
                "categoryName": "Земельные участки ЕГРН",
                "descr": "24:11:0130101:4189",
                "externalKey": "24:11:0130101:4189",
                "interactionId": 397361866,
                "label": "24:11:0130101:4189",
                "options": {
                    "area": null,
                    "cad_num": "24:11:0130101:4189",
                    "cost_application_date": "2023-10-19",
                    "cost_approvement_date": "",
                    "cost_determination_date": "2022-01-01",
                    "cost_index": 262.41,
                    "cost_registration_date": "2023-11-23",
                    "cost_value": 262410,
                    "declared_area": null,
                    "determination_couse": "Акт бюджетного учреждения, созданного субъектом Российской Федерации, об определении кадастровой стоимости в соответствии со статьей 16 Закона 237-ФЗ",
                    "land_record_category_type": "Земли населенных пунктов",
                    "land_record_reg_date": "2023-10-19",
                    "land_record_subtype": "Землепользование",
                    "land_record_type": "Земельный участок",
                    "ownership_type": "Частная",
                    "permitted_use_established_by_document": "для ведения личного подсобного хозяйства (приусадебный земельный участок) (код 2.2)",
                    "quarter_cad_number": "24:11:0130101",
                    "readable_address": "Российская Федерация, Красноярский край, муниципальный район Емельяновский, сельское поселение Шуваевский сельсовет, село Шуваево, улица Степная, земельный участок 21",
                    "specified_area": 1000,
                    "status": "Учтенный"
                },
                "subcategory": 5,
                "systemInfo": {
                    "inserted": "2024-12-07T13:05:24.593891",
                    "insertedBy": "7EF5CD0B-AC08-4097-AF2B-07CD85992A79",
                    "updated": "2026-02-08T21:10:57.86648",
                    "updatedBy": "7EF5CD0B-AC08-4097-AF2B-07CD85992A79"
                }
            }
        },
        {
            "id": 415659735,
            "type": "Feature",
            "geometry": {
                "type": "Polygon",
                "coordinates": [
                    [
                        [
                            10342334.94298808,
                            7597152.294439878
                        ],
                        [
                            10342353.048937008,
                            7597089.768404326
                        ],
                        [
                            10342362.742894093,
                            7597095.010553839
                        ],
                        [
                            10342421.784845063,
                            7597127.003526377
                        ],
                        [
                            10342405.656944918,
                            7597185.759141102
                        ],
                        [
                            10342334.94298808,
                            7597152.294439878
                        ]
                    ]
                ],
                "crs": {
                    "type": "name",
                    "properties": {
                        "name": "EPSG:3857"
                    }
                }
            },
            "properties": {
                "cadastralDistrictsCode": 24,
                "category": 36368,
                "categoryName": "Земельные участки ЕГРН",
                "descr": "24:11:0130101:2117",
                "externalKey": "24:11:0130101:2117",
                "interactionId": 398134120,
                "label": "24:11:0130101:2117",
                "options": {
                    "area": null,
                    "cad_num": "24:11:0130101:2117",
                    "cost_application_date": "2023-01-01",
                    "cost_approvement_date": "",
                    "cost_determination_date": "2022-01-01",
                    "cost_index": 262.41,
                    "cost_registration_date": "2022-12-28",
                    "cost_value": 393615,
                    "declared_area": null,
                    "determination_couse": "Акт об утверждении результатов определения кадастровой стоимости, полученных в соответствии с положениями Закона 237-ФЗ\n\n\n\n\n\n\n",
                    "land_record_category_type": "Земли населенных пунктов",
                    "land_record_reg_date": "2015-03-05",
                    "land_record_subtype": "Землепользование",
                    "land_record_type": "Земельный участок",
                    "ownership_type": "Частная",
                    "permitted_use_established_by_document": "Приусадебный участок личного подсобного хозяйства",
                    "quarter_cad_number": "24:11:0130101",
                    "readable_address": "Местоположение установлено относительно ориентира, расположенного за пределами участка. Почтовый адрес ориентира: Россия, Красноярский край, Емельяновский район, с. Шуваево, ул. Короткая, 2 \"А\".",
                    "specified_area": 1500,
                    "status": "Учтенный"
                },
                "subcategory": 5,
                "systemInfo": {
                    "inserted": "2024-12-07T14:27:13.469608",
                    "insertedBy": "7EF5CD0B-AC08-4097-AF2B-07CD85992A79",
                    "updated": "2026-03-14T10:11:35.401872",
                    "updatedBy": "22F23413-4218-4EB5-B8D3-D2646E3C2FAE"
                }
            }
        },
        {
            "id": 415659859,
            "type": "Feature",
            "geometry": {
                "type": "Polygon",
                "coordinates": [
                    [
                        [
                            10342464.113805393,
                            7597213.420754024
                        ],
                        [
                            10342434.634432647,
                            7597199.472852535
                        ],
                        [
                            10342461.983014073,
                            7597103.787560532
                        ],
                        [
                            10342491.889604306,
                            7597119.856115479
                        ],
                        [
                            10342464.113805393,
                            7597213.420754024
                        ]
                    ]
                ],
                "crs": {
                    "type": "name",
                    "properties": {
                        "name": "EPSG:3857"
                    }
                }
            },
            "properties": {
                "cadastralDistrictsCode": 24,
                "category": 36368,
                "categoryName": "Земельные участки ЕГРН",
                "descr": "24:11:0130101:2179",
                "externalKey": "24:11:0130101:2179",
                "interactionId": 398134244,
                "label": "24:11:0130101:2179",
                "options": {
                    "area": null,
                    "cad_num": "24:11:0130101:2179",
                    "cost_application_date": "2023-01-01",
                    "cost_approvement_date": "",
                    "cost_determination_date": "2022-01-01",
                    "cost_index": 262.41,
                    "cost_registration_date": "2022-12-27",
                    "cost_value": 262410,
                    "declared_area": null,
                    "determination_couse": "Акт об утверждении результатов определения кадастровой стоимости, полученных в соответствии с положениями Закона 237-ФЗ\n\n\n\n\n\n\n",
                    "land_record_category_type": "Земли населенных пунктов",
                    "land_record_reg_date": "2015-08-21",
                    "land_record_subtype": "Землепользование",
                    "land_record_type": "Земельный участок",
                    "ownership_type": "Частная",
                    "permitted_use_established_by_document": "Приусадебный участок личного подсобного хозяйства",
                    "quarter_cad_number": "24:11:0130101",
                    "readable_address": "Местоположение установлено относительно ориентира, расположенного за пределами участка. Почтовый адрес ориентира: Россия, Красноярский край, Емельяновский район, с. Шуваево, ул. Весны, 7\"Г\".",
                    "specified_area": 1000,
                    "status": "Учтенный"
                },
                "subcategory": 5,
                "systemInfo": {
                    "inserted": "2024-12-07T14:27:13.958439",
                    "insertedBy": "7EF5CD0B-AC08-4097-AF2B-07CD85992A79",
                    "updated": "2026-03-14T10:11:35.45458",
                    "updatedBy": "22F23413-4218-4EB5-B8D3-D2646E3C2FAE"
                }
            }
        },
        {
            "id": 415659953,
            "type": "Feature",
            "geometry": {
                "type": "Polygon",
                "coordinates": [
                    [
                        [
                            10342961.183464421,
                            7597526.852942655
                        ],
                        [
                            10343013.501605056,
                            7597449.271196665
                        ],
                        [
                            10343043.393125577,
                            7597479.2650219565
                        ],
                        [
                            10342992.403585019,
                            7597555.68090438
                        ],
                        [
                            10342961.183464421,
                            7597526.852942655
                        ]
                    ]
                ],
                "crs": {
                    "type": "name",
                    "properties": {
                        "name": "EPSG:3857"
                    }
                }
            },
            "properties": {
                "cadastralDistrictsCode": 24,
                "category": 36368,
                "categoryName": "Земельные участки ЕГРН",
                "descr": "24:11:0130101:2259",
                "externalKey": "24:11:0130101:2259",
                "interactionId": 398134338,
                "label": "24:11:0130101:2259",
                "options": {
                    "area": null,
                    "cad_num": "24:11:0130101:2259",
                    "cost_application_date": "2023-01-01",
                    "cost_approvement_date": "",
                    "cost_determination_date": "2022-01-01",
                    "cost_index": 262.41,
                    "cost_registration_date": "2022-12-29",
                    "cost_value": 314892,
                    "declared_area": null,
                    "determination_couse": "Акт об утверждении результатов определения кадастровой стоимости, полученных в соответствии с положениями Закона 237-ФЗ\n\n\n\n\n\n\n\n",
                    "land_record_category_type": "Земли населенных пунктов",
                    "land_record_reg_date": "2016-07-22",
                    "land_record_subtype": "Землепользование",
                    "land_record_type": "Земельный участок",
                    "ownership_type": "Частная",
                    "permitted_use_established_by_document": "для ведения личного подсобного хозяйства",
                    "quarter_cad_number": "24:11:0130101",
                    "readable_address": "Местоположение установлено относительно ориентира, расположенного за пределами участка. Почтовый адрес ориентира: Россия, Красноярский край, Емельяновский район, с. Шуваево, ул. Зеленая, 21 \"Б\".",
                    "specified_area": 1200,
                    "status": "Учтенный"
                },
                "subcategory": 5,
                "systemInfo": {
                    "inserted": "2024-12-07T14:27:14.910656",
                    "insertedBy": "7EF5CD0B-AC08-4097-AF2B-07CD85992A79",
                    "updated": "2026-03-14T10:11:35.545723",
                    "updatedBy": "22F23413-4218-4EB5-B8D3-D2646E3C2FAE"
                }
            }
        },
        {
            "id": 415671976,
            "type": "Feature",
            "geometry": {
                "type": "Polygon",
                "coordinates": [
                    [
                        [
                            10342334.94298808,
                            7597152.294439878
                        ],
                        [
                            10342248.549460191,
                            7597111.4404132655
                        ],
                        [
                            10342258.27838538,
                            7597038.3915990535
                        ],
                        [
                            10342303.970212927,
                            7597063.161377548
                        ],
                        [
                            10342353.048937008,
                            7597089.768404326
                        ],
                        [
                            10342334.94298808,
                            7597152.294439878
                        ]
                    ]
                ],
                "crs": {
                    "type": "name",
                    "properties": {
                        "name": "EPSG:3857"
                    }
                }
            },
            "properties": {
                "cadastralDistrictsCode": 24,
                "category": 36368,
                "categoryName": "Земельные участки ЕГРН",
                "descr": "24:11:0130101:2118",
                "externalKey": "24:11:0130101:2118",
                "interactionId": 398146361,
                "label": "24:11:0130101:2118",
                "options": {
                    "area": null,
                    "cad_num": "24:11:0130101:2118",
                    "cost_application_date": "2023-01-01",
                    "cost_approvement_date": "",
                    "cost_determination_date": "2022-01-01",
                    "cost_index": 261.89,
                    "cost_registration_date": "2022-12-28",
                    "cost_value": 551278.45,
                    "declared_area": null,
                    "determination_couse": "Акт об утверждении результатов определения кадастровой стоимости, полученных в соответствии с положениями Закона 237-ФЗ\n\n\n\n\n\n\n",
                    "land_record_category_type": "Земли населенных пунктов",
                    "land_record_reg_date": "2015-03-05",
                    "land_record_subtype": "Землепользование",
                    "land_record_type": "Земельный участок",
                    "ownership_type": "Частная",
                    "permitted_use_established_by_document": "Приусадебный участок личного подсобного хозяйства",
                    "quarter_cad_number": "24:11:0130101",
                    "readable_address": "Местоположение установлено относительно ориентира, расположенного за пределами участка. Почтовый адрес ориентира: Россия, Красноярский край, Емельяновский район, с. Шуваево, ул. Короткая, 2.",
                    "specified_area": 2105,
                    "status": "Учтенный"
                },
                "subcategory": 5,
                "systemInfo": {
                    "inserted": "2024-12-07T14:28:23.258698",
                    "insertedBy": "7EF5CD0B-AC08-4097-AF2B-07CD85992A79",
                    "updated": "2026-03-14T10:11:42.104287",
                    "updatedBy": "22F23413-4218-4EB5-B8D3-D2646E3C2FAE"
                }
            }
        },
        {
            "id": 415672092,
            "type": "Feature",
            "geometry": {
                "type": "Polygon",
                "coordinates": [
                    [
                        [
                            10342296.445311002,
                            7596820.86067485
                        ],
                        [
                            10342306.845667947,
                            7596794.1737769265
                        ],
                        [
                            10342310.566538779,
                            7596787.422733767
                        ],
                        [
                            10342418.509699194,
                            7596855.130406176
                        ],
                        [
                            10342402.131494384,
                            7596887.074397287
                        ],
                        [
                            10342296.445311002,
                            7596820.86067485
                        ]
                    ]
                ],
                "crs": {
                    "type": "name",
                    "properties": {
                        "name": "EPSG:3857"
                    }
                }
            },
            "properties": {
                "cadastralDistrictsCode": 24,
                "category": 36368,
                "categoryName": "Земельные участки ЕГРН",
                "descr": "24:11:0130101:2182",
                "externalKey": "24:11:0130101:2182",
                "interactionId": 398146477,
                "label": "24:11:0130101:2182",
                "options": {
                    "area": null,
                    "cad_num": "24:11:0130101:2182",
                    "cost_application_date": "2023-01-01",
                    "cost_approvement_date": "",
                    "cost_determination_date": "2022-01-01",
                    "cost_index": 262.41,
                    "cost_registration_date": "2022-12-27",
                    "cost_value": 368686.05,
                    "declared_area": null,
                    "determination_couse": "Акт об утверждении результатов определения кадастровой стоимости, полученных в соответствии с положениями Закона 237-ФЗ\n\n\n\n\n\n\n",
                    "land_record_category_type": "Земли населенных пунктов",
                    "land_record_reg_date": "2015-08-24",
                    "land_record_subtype": "Землепользование",
                    "land_record_type": "Земельный участок",
                    "ownership_type": "Частная",
                    "permitted_use_established_by_document": "Для ведения личного подсобного хозяйства",
                    "quarter_cad_number": "24:11:0130101",
                    "readable_address": "Местоположение установлено относительно ориентира, расположенного за пределами участка. Почтовый адрес ориентира: Россия, Красноярский край, Емельяновский район, с. Шуваево, ул. Зеленая, 5\"Д\".",
                    "specified_area": 1405,
                    "status": "Учтенный"
                },
                "subcategory": 5,
                "systemInfo": {
                    "inserted": "2024-12-07T14:28:23.67306",
                    "insertedBy": "7EF5CD0B-AC08-4097-AF2B-07CD85992A79",
                    "updated": "2026-03-14T10:11:42.133848",
                    "updatedBy": "22F23413-4218-4EB5-B8D3-D2646E3C2FAE"
                }
            }
        },
        {
            "id": 415672128,
            "type": "Feature",
            "geometry": {
                "type": "Polygon",
                "coordinates": [
                    [
                        [
                            10342434.905723013,
                            7596823.168567773
                        ],
                        [
                            10342327.840748422,
                            7596756.001649762
                        ],
                        [
                            10342345.042850813,
                            7596724.760239131
                        ],
                        [
                            10342451.30161052,
                            7596791.206826449
                        ],
                        [
                            10342434.905723013,
                            7596823.168567773
                        ]
                    ]
                ],
                "crs": {
                    "type": "name",
                    "properties": {
                        "name": "EPSG:3857"
                    }
                }
            },
            "properties": {
                "cadastralDistrictsCode": 24,
                "category": 36368,
                "categoryName": "Земельные участки ЕГРН",
                "descr": "24:11:0130101:2187",
                "externalKey": "24:11:0130101:2187",
                "interactionId": 398146513,
                "label": "24:11:0130101:2187",
                "options": {
                    "area": null,
                    "cad_num": "24:11:0130101:2187",
                    "cost_application_date": "2023-01-01",
                    "cost_approvement_date": "",
                    "cost_determination_date": "2022-01-01",
                    "cost_index": 262.41,
                    "cost_registration_date": "2022-12-27",
                    "cost_value": 365799.54,
                    "declared_area": null,
                    "determination_couse": "Акт об утверждении результатов определения кадастровой стоимости, полученных в соответствии с положениями Закона 237-ФЗ\n\n\n\n\n\n\n",
                    "land_record_category_type": "Земли населенных пунктов",
                    "land_record_reg_date": "2015-08-24",
                    "land_record_subtype": "Землепользование",
                    "land_record_type": "Земельный участок",
                    "ownership_type": "Частная",
                    "permitted_use_established_by_document": "Для ведения личного подсобного хозяйства",
                    "quarter_cad_number": "24:11:0130101",
                    "readable_address": "Местоположение установлено относительно ориентира, расположенного за пределами участка. Почтовый адрес ориентира: Россия, Красноярский край, Емельяновский район, с. Шуваево, ул. Зеленая, 5\"В\".",
                    "specified_area": 1394,
                    "status": "Учтенный"
                },
                "subcategory": 5,
                "systemInfo": {
                    "inserted": "2024-12-07T14:28:24.083833",
                    "insertedBy": "7EF5CD0B-AC08-4097-AF2B-07CD85992A79",
                    "updated": "2026-03-14T10:11:42.179253",
                    "updatedBy": "22F23413-4218-4EB5-B8D3-D2646E3C2FAE"
                }
            }
        },
        {
            "id": 415672175,
            "type": "Feature",
            "geometry": {
                "type": "Polygon",
                "coordinates": [
                    [
                        [
                            10342451.30161052,
                            7596791.206826449
                        ],
                        [
                            10342345.042850813,
                            7596724.760239131
                        ],
                        [
                            10342362.37066795,
                            7596693.267532516
                        ],
                        [
                            10342467.697337708,
                            7596759.263150474
                        ],
                        [
                            10342451.30161052,
                            7596791.206826449
                        ]
                    ]
                ],
                "crs": {
                    "type": "name",
                    "properties": {
                        "name": "EPSG:3857"
                    }
                }
            },
            "properties": {
                "cadastralDistrictsCode": 24,
                "category": 36368,
                "categoryName": "Земельные участки ЕГРН",
                "descr": "24:11:0130101:2185",
                "externalKey": "24:11:0130101:2185",
                "interactionId": 398146560,
                "label": "24:11:0130101:2185",
                "options": {
                    "area": null,
                    "cad_num": "24:11:0130101:2185",
                    "cost_application_date": "2023-01-01",
                    "cost_approvement_date": "",
                    "cost_determination_date": "2022-01-01",
                    "cost_index": 262.41,
                    "cost_registration_date": "2022-12-27",
                    "cost_value": 364225.08,
                    "declared_area": null,
                    "determination_couse": "Акт об утверждении результатов определения кадастровой стоимости, полученных в соответствии с положениями Закона 237-ФЗ\n\n\n\n\n\n\n",
                    "land_record_category_type": "Земли населенных пунктов",
                    "land_record_reg_date": "2015-08-24",
                    "land_record_subtype": "Землепользование",
                    "land_record_type": "Земельный участок",
                    "ownership_type": "Частная",
                    "permitted_use_established_by_document": "Для ведения личного подсобного хозяйства",
                    "quarter_cad_number": "24:11:0130101",
                    "readable_address": "Местоположение установлено относительно ориентира, расположенного за пределами участка. Почтовый адрес ориентира: Россия, Красноярский край, Емельяновский район, с. Шуваево, ул. Зеленая, 5\"Б\".",
                    "specified_area": 1388,
                    "status": "Учтенный"
                },
                "subcategory": 5,
                "systemInfo": {
                    "inserted": "2024-12-07T14:28:24.249114",
                    "insertedBy": "7EF5CD0B-AC08-4097-AF2B-07CD85992A79",
                    "updated": "2026-03-14T10:11:42.222199",
                    "updatedBy": "22F23413-4218-4EB5-B8D3-D2646E3C2FAE"
                }
            }
        },
        {
            "id": 415672363,
            "type": "Feature",
            "geometry": {
                "type": "Polygon",
                "coordinates": [
                    [
                        [
                            10342420.927464789,
                            7597418.431811826
                        ],
                        [
                            10342443.852426853,
                            7597359.413993163
                        ],
                        [
                            10342511.381466731,
                            7597389.3702228
                        ],
                        [
                            10342490.640909713,
                            7597451.230643758
                        ],
                        [
                            10342420.927464789,
                            7597418.431811826
                        ]
                    ]
                ],
                "crs": {
                    "type": "name",
                    "properties": {
                        "name": "EPSG:3857"
                    }
                }
            },
            "properties": {
                "cadastralDistrictsCode": 24,
                "category": 36368,
                "categoryName": "Земельные участки ЕГРН",
                "descr": "24:11:0130101:3939",
                "externalKey": "24:11:0130101:3939",
                "interactionId": 398146748,
                "label": "24:11:0130101:3939",
                "options": {
                    "area": null,
                    "cad_num": "24:11:0130101:3939",
                    "cost_application_date": "2023-01-01",
                    "cost_approvement_date": "",
                    "cost_determination_date": "2022-01-01",
                    "cost_index": 262.41,
                    "cost_registration_date": "2022-12-19",
                    "cost_value": 393615,
                    "declared_area": null,
                    "determination_couse": "Акт об утверждении результатов определения кадастровой стоимости, полученных в соответствии с положениями Закона 237-ФЗ\n\n\n",
                    "land_record_category_type": "Земли населенных пунктов",
                    "land_record_reg_date": "2019-08-23",
                    "land_record_subtype": "Землепользование",
                    "land_record_type": "Земельный участок",
                    "ownership_type": "Частная",
                    "permitted_use_established_by_document": "для ведения личного подсобного хозяйства",
                    "quarter_cad_number": "24:11:0130101",
                    "readable_address": "Российская Федерация, Красноярский край, Емельяновский муниципальный район, сельское поселения Шуваевский сельсовет, Шуваево село, Короткая улица, 5Б ",
                    "specified_area": 1500,
                    "status": "Учтенный"
                },
                "subcategory": 5,
                "systemInfo": {
                    "inserted": "2024-12-07T14:28:26.209646",
                    "insertedBy": "7EF5CD0B-AC08-4097-AF2B-07CD85992A79",
                    "updated": "2026-02-08T21:49:25.41908",
                    "updatedBy": "7EF5CD0B-AC08-4097-AF2B-07CD85992A79"
                }
            }
        },
        {
            "id": 415678016,
            "type": "Feature",
            "geometry": {
                "type": "Polygon",
                "coordinates": [
                    [
                        [
                            10342434.634432647,
                            7597199.472852535
                        ],
                        [
                            10342405.656944918,
                            7597185.759141102
                        ],
                        [
                            10342421.784845063,
                            7597127.003526377
                        ],
                        [
                            10342432.452438546,
                            7597088.222562518
                        ],
                        [
                            10342461.983014073,
                            7597103.787560532
                        ],
                        [
                            10342434.634432647,
                            7597199.472852535
                        ]
                    ]
                ],
                "crs": {
                    "type": "name",
                    "properties": {
                        "name": "EPSG:3857"
                    }
                }
            },
            "properties": {
                "cadastralDistrictsCode": 24,
                "category": 36368,
                "categoryName": "Земельные участки ЕГРН",
                "descr": "24:11:0130101:2177",
                "externalKey": "24:11:0130101:2177",
                "interactionId": 398152401,
                "label": "24:11:0130101:2177",
                "options": {
                    "area": null,
                    "cad_num": "24:11:0130101:2177",
                    "cost_application_date": "2023-01-01",
                    "cost_approvement_date": "",
                    "cost_determination_date": "2022-01-01",
                    "cost_index": 275.53,
                    "cost_registration_date": "2022-12-27",
                    "cost_value": 275530,
                    "declared_area": null,
                    "determination_couse": "Акт об утверждении результатов определения кадастровой стоимости, полученных в соответствии с положениями Закона 237-ФЗ\n\n\n\n\n\n\n",
                    "land_record_category_type": "Земли населенных пунктов",
                    "land_record_reg_date": "2015-08-21",
                    "land_record_subtype": "Землепользование",
                    "land_record_type": "Земельный участок",
                    "ownership_type": "Частная",
                    "permitted_use_established_by_document": "Приусадебный участок личного подсобного хозяйства",
                    "quarter_cad_number": "24:11:0130101",
                    "readable_address": "Местоположение установлено относительно ориентира, расположенного за пределами участка. Почтовый адрес ориентира: Россия, Красноярский край, Емельяновский район, с. Шуваево, ул. Весны, 7\"Д\".",
                    "specified_area": 1000,
                    "status": "Учтенный"
                },
                "subcategory": 5,
                "systemInfo": {
                    "inserted": "2024-12-07T14:28:57.739632",
                    "insertedBy": "7EF5CD0B-AC08-4097-AF2B-07CD85992A79",
                    "updated": "2026-03-14T10:12:20.76883",
                    "updatedBy": "22F23413-4218-4EB5-B8D3-D2646E3C2FAE"
                }
            }
        },
        {
            "id": 415678082,
            "type": "Feature",
            "geometry": {
                "type": "Polygon",
                "coordinates": [
                    [
                        [
                            10342461.983014073,
                            7597103.787560532
                        ],
                        [
                            10342488.611068953,
                            7597010.043032308
                        ],
                        [
                            10342519.034497019,
                            7597028.268250612
                        ],
                        [
                            10342491.889604306,
                            7597119.856115479
                        ],
                        [
                            10342461.983014073,
                            7597103.787560532
                        ]
                    ]
                ],
                "crs": {
                    "type": "name",
                    "properties": {
                        "name": "EPSG:3857"
                    }
                }
            },
            "properties": {
                "cadastralDistrictsCode": 24,
                "category": 36368,
                "categoryName": "Земельные участки ЕГРН",
                "descr": "24:11:0130101:2238",
                "externalKey": "24:11:0130101:2238",
                "interactionId": 398152467,
                "label": "24:11:0130101:2238",
                "options": {
                    "area": null,
                    "cad_num": "24:11:0130101:2238",
                    "cost_application_date": "2023-01-01",
                    "cost_approvement_date": "",
                    "cost_determination_date": "2022-01-01",
                    "cost_index": 275.53,
                    "cost_registration_date": "2023-01-05",
                    "cost_value": 278560.83,
                    "declared_area": null,
                    "determination_couse": "Акт об утверждении результатов определения кадастровой стоимости, полученных в соответствии с положениями Закона 237-ФЗ\n\n\n\n\n\n\n\n",
                    "land_record_category_type": "Земли населенных пунктов",
                    "land_record_reg_date": "2016-03-29",
                    "land_record_subtype": "Землепользование",
                    "land_record_type": "Земельный участок",
                    "ownership_type": "Частная",
                    "permitted_use_established_by_document": "для ведения личного подсобного хозяйства",
                    "quarter_cad_number": "24:11:0130101",
                    "readable_address": "Местоположение установлено относительно ориентира, расположенного за пределами участка. Почтовый адрес ориентира: Россия, Красноярский край, Емельяновский район, с. Шуваево, ул. Весны, 9.",
                    "specified_area": 1011,
                    "status": "Учтенный"
                },
                "subcategory": 5,
                "systemInfo": {
                    "inserted": "2024-12-07T14:28:58.000972",
                    "insertedBy": "7EF5CD0B-AC08-4097-AF2B-07CD85992A79",
                    "updated": "2026-03-14T10:12:20.787074",
                    "updatedBy": "22F23413-4218-4EB5-B8D3-D2646E3C2FAE"
                }
            }
        },
        {
            "id": 415678099,
            "type": "Feature",
            "geometry": {
                "type": "Polygon",
                "coordinates": [
                    [
                        [
                            10342484.110883422,
                            7596727.301627241
                        ],
                        [
                            10342379.84215144,
                            7596661.505588352
                        ],
                        [
                            10342407.540973939,
                            7596611.160676106
                        ],
                        [
                            10342496.29963341,
                            7596703.546004323
                        ],
                        [
                            10342484.110883422,
                            7596727.301627241
                        ]
                    ]
                ],
                "crs": {
                    "type": "name",
                    "properties": {
                        "name": "EPSG:3857"
                    }
                }
            },
            "properties": {
                "cadastralDistrictsCode": 24,
                "category": 36368,
                "categoryName": "Земельные участки ЕГРН",
                "descr": "24:11:0130101:2184",
                "externalKey": "24:11:0130101:2184",
                "interactionId": 398152484,
                "label": "24:11:0130101:2184",
                "options": {
                    "area": null,
                    "cad_num": "24:11:0130101:2184",
                    "cost_application_date": "2023-01-01",
                    "cost_approvement_date": "",
                    "cost_determination_date": "2022-01-01",
                    "cost_index": 259.79,
                    "cost_registration_date": "2022-12-27",
                    "cost_value": 415664,
                    "declared_area": null,
                    "determination_couse": "Акт об утверждении результатов определения кадастровой стоимости, полученных в соответствии с положениями Закона 237-ФЗ\n\n\n\n\n\n\n",
                    "land_record_category_type": "Земли населенных пунктов",
                    "land_record_reg_date": "2015-08-24",
                    "land_record_subtype": "Землепользование",
                    "land_record_type": "Земельный участок",
                    "ownership_type": "Частная",
                    "permitted_use_established_by_document": "Для ведения личного подсобного хозяйства",
                    "quarter_cad_number": "24:11:0130101",
                    "readable_address": "Местоположение установлено относительно ориентира, расположенного за пределами участка. Почтовый адрес ориентира: Россия, Красноярский край, Емельяновский район, с. Шуваево, ул. Зеленая, 5.",
                    "specified_area": 1600,
                    "status": "Учтенный"
                },
                "subcategory": 5,
                "systemInfo": {
                    "inserted": "2024-12-07T14:28:58.193577",
                    "insertedBy": "7EF5CD0B-AC08-4097-AF2B-07CD85992A79",
                    "updated": "2026-03-14T10:12:20.846303",
                    "updatedBy": "22F23413-4218-4EB5-B8D3-D2646E3C2FAE"
                }
            }
        },
        {
            "id": 415678183,
            "type": "Feature",
            "geometry": {
                "type": "Polygon",
                "coordinates": [
                    [
                        [
                            10342931.127820525,
                            7597499.104654976
                        ],
                        [
                            10342983.610317655,
                            7597419.277371331
                        ],
                        [
                            10343013.501605056,
                            7597449.271196665
                        ],
                        [
                            10342961.183464421,
                            7597526.852942655
                        ],
                        [
                            10342931.127820525,
                            7597499.104654976
                        ]
                    ]
                ],
                "crs": {
                    "type": "name",
                    "properties": {
                        "name": "EPSG:3857"
                    }
                }
            },
            "properties": {
                "cadastralDistrictsCode": 24,
                "category": 36368,
                "categoryName": "Земельные участки ЕГРН",
                "descr": "24:11:0130101:2260",
                "externalKey": "24:11:0130101:2260",
                "interactionId": 398152568,
                "label": "24:11:0130101:2260",
                "options": {
                    "area": null,
                    "cad_num": "24:11:0130101:2260",
                    "cost_application_date": "2023-01-01",
                    "cost_approvement_date": "",
                    "cost_determination_date": "2022-01-01",
                    "cost_index": 262.41,
                    "cost_registration_date": "2022-12-29",
                    "cost_value": 314892,
                    "declared_area": null,
                    "determination_couse": "Акт об утверждении результатов определения кадастровой стоимости, полученных в соответствии с положениями Закона 237-ФЗ\n\n\n\n\n\n\n\n",
                    "land_record_category_type": "Земли населенных пунктов",
                    "land_record_reg_date": "2016-07-22",
                    "land_record_subtype": "Землепользование",
                    "land_record_type": "Земельный участок",
                    "ownership_type": "Частная",
                    "permitted_use_established_by_document": "для ведения личного подсобного хозяйства",
                    "quarter_cad_number": "24:11:0130101",
                    "readable_address": "Местоположение установлено относительно ориентира, расположенного за пределами участка. Почтовый адрес ориентира: Россия, Красноярский край, Емельяновский район, с. Шуваево, ул. Зеленая, 21 \"А\".",
                    "specified_area": 1200,
                    "status": "Учтенный"
                },
                "subcategory": 5,
                "systemInfo": {
                    "inserted": "2024-12-07T14:28:58.38842",
                    "insertedBy": "7EF5CD0B-AC08-4097-AF2B-07CD85992A79",
                    "updated": "2026-03-14T10:12:20.825937",
                    "updatedBy": "22F23413-4218-4EB5-B8D3-D2646E3C2FAE"
                }
            }
        },
        {
            "id": 415678613,
            "type": "Feature",
            "geometry": {
                "type": "Polygon",
                "coordinates": [
                    [
                        [
                            10342468.14470437,
                            7597296.786508994
                        ],
                        [
                            10342485.131109519,
                            7597252.963674689
                        ],
                        [
                            10342547.244624322,
                            7597282.354864773
                        ],
                        [
                            10342532.715838006,
                            7597325.714069992
                        ],
                        [
                            10342468.14470437,
                            7597296.786508994
                        ]
                    ]
                ],
                "crs": {
                    "type": "name",
                    "properties": {
                        "name": "EPSG:3857"
                    }
                }
            },
            "properties": {
                "cadastralDistrictsCode": 24,
                "category": 36368,
                "categoryName": "Земельные участки ЕГРН",
                "descr": "24:11:0130101:3941",
                "externalKey": "24:11:0130101:3941",
                "interactionId": 398152998,
                "label": "24:11:0130101:3941",
                "options": {
                    "area": null,
                    "cad_num": "24:11:0130101:3941",
                    "cost_application_date": "2023-01-01",
                    "cost_approvement_date": "",
                    "cost_determination_date": "2022-01-01",
                    "cost_index": 262.41,
                    "cost_registration_date": "2022-12-19",
                    "cost_value": 262934.82,
                    "declared_area": null,
                    "determination_couse": "Акт об утверждении результатов определения кадастровой стоимости, полученных в соответствии с положениями Закона 237-ФЗ\n\n\n",
                    "land_record_category_type": "Земли населенных пунктов",
                    "land_record_reg_date": "2019-08-23",
                    "land_record_subtype": "Землепользование",
                    "land_record_type": "Земельный участок",
                    "ownership_type": "Частная",
                    "permitted_use_established_by_document": "для ведения личного подсобного хозяйства",
                    "quarter_cad_number": "24:11:0130101",
                    "readable_address": "Российская Федерация, Красноярский край, Емельяновский муниципальный район, сельское поселения Шуваевский сельсовет, Шуваево село, Короткая улица, 5 ",
                    "specified_area": 1002,
                    "status": "Учтенный"
                },
                "subcategory": 5,
                "systemInfo": {
                    "inserted": "2024-12-07T14:29:00.622155",
                    "insertedBy": "7EF5CD0B-AC08-4097-AF2B-07CD85992A79",
                    "updated": "2026-02-08T21:49:24.869697",
                    "updatedBy": "7EF5CD0B-AC08-4097-AF2B-07CD85992A79"
                }
            }
        },
        {
            "id": 415701693,
            "type": "Feature",
            "geometry": {
                "type": "Polygon",
                "coordinates": [
                    [
                        [
                            10342303.970212927,
                            7597063.161377548
                        ],
                        [
                            10342333.880247056,
                            7596917.348944534
                        ],
                        [
                            10342363.532527307,
                            7596935.106327376
                        ],
                        [
                            10342334.198670343,
                            7597079.536376687
                        ],
                        [
                            10342303.970212927,
                            7597063.161377548
                        ]
                    ]
                ],
                "crs": {
                    "type": "name",
                    "properties": {
                        "name": "EPSG:3857"
                    }
                }
            },
            "properties": {
                "cadastralDistrictsCode": 24,
                "category": 36368,
                "categoryName": "Земельные участки ЕГРН",
                "descr": "24:11:0130101:2270",
                "externalKey": "24:11:0130101:2270",
                "interactionId": 398176078,
                "label": "24:11:0130101:2270",
                "options": {
                    "area": null,
                    "cad_num": "24:11:0130101:2270",
                    "cost_application_date": "2023-01-01",
                    "cost_approvement_date": "",
                    "cost_determination_date": "2022-01-01",
                    "cost_index": 262.41,
                    "cost_registration_date": "2022-12-28",
                    "cost_value": 394927.05,
                    "declared_area": null,
                    "determination_couse": "Акт об утверждении результатов определения кадастровой стоимости, полученных в соответствии с положениями Закона 237-ФЗ\n\n\n\n\n\n\n",
                    "land_record_category_type": "Земли населенных пунктов",
                    "land_record_reg_date": "2016-08-30",
                    "land_record_subtype": "Землепользование",
                    "land_record_type": "Земельный участок",
                    "ownership_type": "Частная",
                    "permitted_use_established_by_document": "Для ведения личного подсобного хозяйства",
                    "quarter_cad_number": "24:11:0130101",
                    "readable_address": "Местоположение установлено относительно ориентира, расположенного за пределами участка. Почтовый адрес ориентира: Россия, Красноярский край, Емельяновский район, с. Шуваево, ул. Весны, 3.",
                    "specified_area": 1505,
                    "status": "Учтенный"
                },
                "subcategory": 5,
                "systemInfo": {
                    "inserted": "2024-12-07T14:30:48.8606",
                    "insertedBy": "7EF5CD0B-AC08-4097-AF2B-07CD85992A79",
                    "updated": "2026-03-14T10:12:31.71693",
                    "updatedBy": "22F23413-4218-4EB5-B8D3-D2646E3C2FAE"
                }
            }
        },
        {
            "id": 415701705,
            "type": "Feature",
            "geometry": {
                "type": "Polygon",
                "coordinates": [
                    [
                        [
                            10342432.47037018,
                            7597088.222586661
                        ],
                        [
                            10342458.832811175,
                            7596992.1959483735
                        ],
                        [
                            10342488.611068953,
                            7597010.043032308
                        ],
                        [
                            10342461.983014073,
                            7597103.787560532
                        ],
                        [
                            10342432.47037018,
                            7597088.222586661
                        ]
                    ]
                ],
                "crs": {
                    "type": "name",
                    "properties": {
                        "name": "EPSG:3857"
                    }
                }
            },
            "properties": {
                "cadastralDistrictsCode": 24,
                "category": 36368,
                "categoryName": "Земельные участки ЕГРН",
                "descr": "24:11:0130101:2239",
                "externalKey": "24:11:0130101:2239",
                "interactionId": 398176090,
                "label": "24:11:0130101:2239",
                "options": {
                    "area": null,
                    "cad_num": "24:11:0130101:2239",
                    "cost_application_date": "2023-01-01",
                    "cost_approvement_date": "",
                    "cost_determination_date": "2022-01-01",
                    "cost_index": 275.53,
                    "cost_registration_date": "2023-01-05",
                    "cost_value": 278560.83,
                    "declared_area": null,
                    "determination_couse": "Акт об утверждении результатов определения кадастровой стоимости, полученных в соответствии с положениями Закона 237-ФЗ\n\n\n\n\n\n\n\n",
                    "land_record_category_type": "Земли населенных пунктов",
                    "land_record_reg_date": "2016-03-29",
                    "land_record_subtype": "Землепользование",
                    "land_record_type": "Земельный участок",
                    "ownership_type": "Частная",
                    "permitted_use_established_by_document": "для ведения личного подсобного хозяйства",
                    "quarter_cad_number": "24:11:0130101",
                    "readable_address": "Россия, Красноярский край, Емельяновский район, с. Шуваево, ул. Весны, 7",
                    "specified_area": 1011,
                    "status": "Учтенный"
                },
                "subcategory": 5,
                "systemInfo": {
                    "inserted": "2024-12-07T14:30:48.917623",
                    "insertedBy": "7EF5CD0B-AC08-4097-AF2B-07CD85992A79",
                    "updated": "2026-02-08T20:45:38.357436",
                    "updatedBy": "7EF5CD0B-AC08-4097-AF2B-07CD85992A79"
                }
            }
        },
        {
            "id": 415701801,
            "type": "Feature",
            "geometry": {
                "type": "Polygon",
                "coordinates": [
                    [
                        [
                            10342931.127820525,
                            7597499.104654976
                        ],
                        [
                            10342896.164679287,
                            7597466.821610078
                        ],
                        [
                            10342930.88474457,
                            7597366.360862498
                        ],
                        [
                            10342983.610317655,
                            7597419.277371331
                        ],
                        [
                            10342931.127820525,
                            7597499.104654976
                        ]
                    ]
                ],
                "crs": {
                    "type": "name",
                    "properties": {
                        "name": "EPSG:3857"
                    }
                }
            },
            "properties": {
                "cadastralDistrictsCode": 24,
                "category": 36368,
                "categoryName": "Земельные участки ЕГРН",
                "descr": "24:11:0130101:2258",
                "externalKey": "24:11:0130101:2258",
                "interactionId": 398176186,
                "label": "24:11:0130101:2258",
                "options": {
                    "area": null,
                    "cad_num": "24:11:0130101:2258",
                    "cost_application_date": "2023-01-01",
                    "cost_approvement_date": "",
                    "cost_determination_date": "2022-01-01",
                    "cost_index": 255.32,
                    "cost_registration_date": "2022-12-29",
                    "cost_value": 459576,
                    "declared_area": null,
                    "determination_couse": "Акт об утверждении результатов определения кадастровой стоимости, полученных в соответствии с положениями Закона 237-ФЗ\n\n\n\n\n\n\n\n",
                    "land_record_category_type": "Земли населенных пунктов",
                    "land_record_reg_date": "2016-07-22",
                    "land_record_subtype": "Землепользование",
                    "land_record_type": "Земельный участок",
                    "ownership_type": "Частная",
                    "permitted_use_established_by_document": "для ведения личного подсобного хозяйства",
                    "quarter_cad_number": "24:11:0130101",
                    "readable_address": "Россия, Красноярский край, Емельяновский район, с. Шуваево, ул. Зеленая, 21",
                    "specified_area": 1800,
                    "status": "Учтенный"
                },
                "subcategory": 5,
                "systemInfo": {
                    "inserted": "2024-12-07T14:30:49.234092",
                    "insertedBy": "7EF5CD0B-AC08-4097-AF2B-07CD85992A79",
                    "updated": "2026-02-08T20:47:16.354273",
                    "updatedBy": "7EF5CD0B-AC08-4097-AF2B-07CD85992A79"
                }
            }
        },
        {
            "id": 415702083,
            "type": "Feature",
            "geometry": {
                "type": "Polygon",
                "coordinates": [
                    [
                        [
                            10342443.852426853,
                            7597359.413993163
                        ],
                        [
                            10342468.14470437,
                            7597296.786508994
                        ],
                        [
                            10342532.715838006,
                            7597325.714069992
                        ],
                        [
                            10342511.381466731,
                            7597389.3702228
                        ],
                        [
                            10342443.852426853,
                            7597359.413993163
                        ]
                    ]
                ],
                "crs": {
                    "type": "name",
                    "properties": {
                        "name": "EPSG:3857"
                    }
                }
            },
            "properties": {
                "cadastralDistrictsCode": 24,
                "category": 36368,
                "categoryName": "Земельные участки ЕГРН",
                "descr": "24:11:0130101:3940",
                "externalKey": "24:11:0130101:3940",
                "interactionId": 398176468,
                "label": "24:11:0130101:3940",
                "options": {
                    "area": null,
                    "cad_num": "24:11:0130101:3940",
                    "cost_application_date": "2023-01-01",
                    "cost_approvement_date": "",
                    "cost_determination_date": "2022-01-01",
                    "cost_index": 262.41,
                    "cost_registration_date": "2022-12-19",
                    "cost_value": 393615,
                    "declared_area": null,
                    "determination_couse": "Акт об утверждении результатов определения кадастровой стоимости, полученных в соответствии с положениями Закона 237-ФЗ\n\n\n",
                    "land_record_category_type": "Земли населенных пунктов",
                    "land_record_reg_date": "2019-08-23",
                    "land_record_subtype": "Землепользование",
                    "land_record_type": "Земельный участок",
                    "ownership_type": "Частная",
                    "permitted_use_established_by_document": "для ведения личного подсобного хозяйства",
                    "quarter_cad_number": "24:11:0130101",
                    "readable_address": "Российская Федерация, Красноярский край, Емельяновский муниципальный район, сельское поселения Шуваевский сельсовет, Шуваево село, Короткая улица, 5А ",
                    "specified_area": 1500,
                    "status": "Учтенный"
                },
                "subcategory": 5,
                "systemInfo": {
                    "inserted": "2024-12-07T14:30:50.66961",
                    "insertedBy": "7EF5CD0B-AC08-4097-AF2B-07CD85992A79",
                    "updated": "2026-02-08T21:49:24.576199",
                    "updatedBy": "7EF5CD0B-AC08-4097-AF2B-07CD85992A79"
                }
            }
        },
        {
            "id": 416765332,
            "type": "Feature",
            "geometry": {
                "type": "Polygon",
                "coordinates": [
                    [
                        [
                            10342207.216045208,
                            7597282.182136425
                        ],
                        [
                            10342211.529972427,
                            7597248.531217487
                        ],
                        [
                            10342279.411446987,
                            7597281.670153719
                        ],
                        [
                            10342267.697347265,
                            7597311.25000674
                        ],
                        [
                            10342207.216045208,
                            7597282.182136425
                        ]
                    ]
                ],
                "crs": {
                    "type": "name",
                    "properties": {
                        "name": "EPSG:3857"
                    }
                }
            },
            "properties": {
                "cadastralDistrictsCode": 24,
                "category": 36368,
                "categoryName": "Земельные участки ЕГРН",
                "descr": "24:11:0130101:4140",
                "externalKey": "24:11:0130101:4140",
                "interactionId": 399239717,
                "label": "24:11:0130101:4140",
                "options": {
                    "area": null,
                    "cad_num": "24:11:0130101:4140",
                    "cost_application_date": "2023-02-02",
                    "cost_approvement_date": "",
                    "cost_determination_date": "2022-01-01",
                    "cost_index": 262.41,
                    "cost_registration_date": "2023-03-01",
                    "cost_value": 185523.87,
                    "declared_area": null,
                    "determination_couse": "Акт бюджетного учреждения, созданного субъектом Российской Федерации, об определении кадастровой стоимости в соответствии со статьей 16 Закона 237-ФЗ\n\n\n\n\n\n\n\n\n\n\n\n\n\n\n\n\n\n\n\n\n\n\n\n\n\n\n\n\n\n\n\n\n\n\n\n\n\n",
                    "land_record_category_type": "Земли населенных пунктов",
                    "land_record_reg_date": "2023-02-02",
                    "land_record_subtype": "Землепользование",
                    "land_record_type": "Земельный участок",
                    "ownership_type": "Частная",
                    "permitted_use_established_by_document": "Для ведения личного подсобного хозяйства",
                    "quarter_cad_number": "24:11:0130101",
                    "readable_address": "Красноярский край, Емельяновский район, с. Шуваево",
                    "specified_area": 707,
                    "status": "Учтенный"
                },
                "subcategory": 5,
                "systemInfo": {
                    "inserted": "2024-12-07T16:33:12.152536",
                    "insertedBy": "7EF5CD0B-AC08-4097-AF2B-07CD85992A79",
                    "updated": "2026-02-08T21:08:48.498241",
                    "updatedBy": "7EF5CD0B-AC08-4097-AF2B-07CD85992A79"
                }
            }
        },
        {
            "id": 416779132,
            "type": "Feature",
            "geometry": {
                "type": "Polygon",
                "coordinates": [
                    [
                        [
                            10342202.920012318,
                            7597315.8332241895
                        ],
                        [
                            10342207.216045208,
                            7597282.182136425
                        ],
                        [
                            10342267.697347265,
                            7597311.25000674
                        ],
                        [
                            10342260.607708141,
                            7597329.120074159
                        ],
                        [
                            10342255.983181892,
                            7597340.811985443
                        ],
                        [
                            10342202.920012318,
                            7597315.8332241895
                        ]
                    ]
                ],
                "crs": {
                    "type": "name",
                    "properties": {
                        "name": "EPSG:3857"
                    }
                }
            },
            "properties": {
                "cadastralDistrictsCode": 24,
                "category": 36368,
                "categoryName": "Земельные участки ЕГРН",
                "descr": "24:11:0130101:4139",
                "externalKey": "24:11:0130101:4139",
                "interactionId": 399253517,
                "label": "24:11:0130101:4139",
                "options": {
                    "area": null,
                    "cad_num": "24:11:0130101:4139",
                    "cost_application_date": "2023-02-02",
                    "cost_approvement_date": "",
                    "cost_determination_date": "2022-01-01",
                    "cost_index": 262.41,
                    "cost_registration_date": "2023-03-01",
                    "cost_value": 163743.84,
                    "declared_area": null,
                    "determination_couse": "Кадастровая стоимость объекта недвижимости определена в рамках статьи 16 Федерального закона от 3 июля 2016 г. N 237-ФЗ \"О государственной кадастровой оценке\"",
                    "land_record_category_type": "Земли населенных пунктов",
                    "land_record_reg_date": "2023-02-02",
                    "land_record_subtype": "Землепользование",
                    "land_record_type": "Земельный участок",
                    "ownership_type": "Частная",
                    "permitted_use_established_by_document": "Для ведения личного подсобного хозяйства",
                    "quarter_cad_number": "24:11:0130101",
                    "readable_address": "Российская Федерация, Красноярский край, муниципальный район Емельяновский, сельское поселение Шуваевский сельсовет, село Шуваево, улица Степная, земельный участок 4",
                    "specified_area": 624,
                    "status": "Учтенный"
                },
                "subcategory": 5,
                "systemInfo": {
                    "inserted": "2024-12-07T16:35:22.903951",
                    "insertedBy": "7EF5CD0B-AC08-4097-AF2B-07CD85992A79",
                    "updated": "2026-02-08T21:10:58.411431",
                    "updatedBy": "7EF5CD0B-AC08-4097-AF2B-07CD85992A79"
                }
            }
        },
        {
            "id": 416951992,
            "type": "Feature",
            "geometry": {
                "type": "Polygon",
                "coordinates": [
                    [
                        [
                            10342211.529972427,
                            7597248.531217487
                        ],
                        [
                            10342215.825979078,
                            7597214.844479376
                        ],
                        [
                            10342291.125456559,
                            7597252.090395995
                        ],
                        [
                            10342279.411446987,
                            7597281.670153719
                        ],
                        [
                            10342211.529972427,
                            7597248.531217487
                        ]
                    ]
                ],
                "crs": {
                    "type": "name",
                    "properties": {
                        "name": "EPSG:3857"
                    }
                }
            },
            "properties": {
                "cadastralDistrictsCode": 24,
                "category": 36368,
                "categoryName": "Земельные участки ЕГРН",
                "descr": "24:11:0130101:4141",
                "externalKey": "24:11:0130101:4141",
                "interactionId": 399426377,
                "label": "24:11:0130101:4141",
                "options": {
                    "area": null,
                    "cad_num": "24:11:0130101:4141",
                    "cost_application_date": "2023-02-02",
                    "cost_approvement_date": "",
                    "cost_determination_date": "2022-01-01",
                    "cost_index": 262.41,
                    "cost_registration_date": "2023-03-01",
                    "cost_value": 207303.9,
                    "declared_area": null,
                    "determination_couse": "Акт бюджетного учреждения, созданного субъектом Российской Федерации, об определении кадастровой стоимости в соответствии со статьей 16 Закона 237-ФЗ\n\n\n\n\n\n\n\n\n\n\n\n\n\n\n\n\n\n\n\n\n\n\n\n\n\n\n\n\n\n\n\n\n\n\n\n\n\n",
                    "land_record_category_type": "Земли населенных пунктов",
                    "land_record_reg_date": "2023-02-02",
                    "land_record_subtype": "Землепользование",
                    "land_record_type": "Земельный участок",
                    "ownership_type": "Частная",
                    "permitted_use_established_by_document": "Для ведения личного подсобного хозяйства",
                    "quarter_cad_number": "24:11:0130101",
                    "readable_address": "Красноярский край, муниципальный район Емельяновский, сельское поселение Шуваевский сельсовет, село Шуваево, улица Степная, земельный участок 4Б",
                    "specified_area": 790,
                    "status": "Учтенный"
                },
                "subcategory": 5,
                "systemInfo": {
                    "inserted": "2024-12-07T17:03:20.777989",
                    "insertedBy": "7EF5CD0B-AC08-4097-AF2B-07CD85992A79",
                    "updated": "2026-02-08T21:10:58.219123",
                    "updatedBy": "7EF5CD0B-AC08-4097-AF2B-07CD85992A79"
                }
            }
        },
        {
            "id": 417126174,
            "type": "Feature",
            "geometry": {
                "type": "Polygon",
                "coordinates": [
                    [
                        [
                            10342478.335880153,
                            7596835.732958515
                        ],
                        [
                            10342538.76956196,
                            7596871.786718187
                        ],
                        [
                            10342526.506755352,
                            7596897.195941352
                        ],
                        [
                            10342518.927811151,
                            7596892.711639136
                        ],
                        [
                            10342473.02432078,
                            7596865.553586717
                        ],
                        [
                            10342465.355855478,
                            7596861.015224132
                        ],
                        [
                            10342478.335880153,
                            7596835.732958515
                        ]
                    ]
                ],
                "crs": {
                    "type": "name",
                    "properties": {
                        "name": "EPSG:3857"
                    }
                }
            },
            "properties": {
                "cadastralDistrictsCode": 24,
                "category": 36368,
                "categoryName": "Земельные участки ЕГРН",
                "descr": "24:11:0130101:4169",
                "externalKey": "24:11:0130101:4169",
                "interactionId": 399600559,
                "label": "24:11:0130101:4169",
                "options": {
                    "area": null,
                    "cad_num": "24:11:0130101:4169",
                    "cost_application_date": "2023-07-10",
                    "cost_approvement_date": "",
                    "cost_determination_date": "2022-01-01",
                    "cost_index": 262.41,
                    "cost_registration_date": "2023-07-28",
                    "cost_value": 162956.61,
                    "declared_area": null,
                    "determination_couse": "Акт бюджетного учреждения, созданного субъектом Российской Федерации, об определении кадастровой стоимости в соответствии со статьей 16 Закона 237-ФЗ\n\n\n\n\n\n\n\n\n\n\n\n\n\n\n\n\n\n\n\n\n\n\n\n\n\n\n\n\n\n\n\n\n\n\n\n\n\n\n\n\n\n\n\n\n\n\n\n\n\n\n\n\n\n\n\n\n\n\n\n\n\n\n\n\n\n\n\n\n\n\n\n\n\n\n\n\n\n\n\n\n\n\n\n\n\n\n\n\n\n\n\n\n\n\n\n\n\n\n\n\n\n\n\n\n\n\n\n\n\n\n\n\n\n\n\n\n\n\n\n\n\n\n\n\n\n\n\n\n\n\n\n\n\n\n\n\n\n\n\n",
                    "land_record_category_type": "Земли населенных пунктов",
                    "land_record_reg_date": "2023-07-10",
                    "land_record_subtype": "Землепользование",
                    "land_record_type": "Земельный участок",
                    "ownership_type": "Частная",
                    "permitted_use_established_by_document": "для ведения личного подсобного хозяйства (приусадебный земельныйучасток) (код 2.2)",
                    "quarter_cad_number": "24:11:0130101",
                    "readable_address": "Российская Федерация, Красноярский край, Емельяновский район, с. Шуваево, ул. Зеленая",
                    "specified_area": 621,
                    "status": "Учтенный"
                },
                "subcategory": 5,
                "systemInfo": {
                    "inserted": "2024-12-07T17:29:43.849675",
                    "insertedBy": "7EF5CD0B-AC08-4097-AF2B-07CD85992A79",
                    "updated": "2026-02-08T21:08:51.517152",
                    "updatedBy": "7EF5CD0B-AC08-4097-AF2B-07CD85992A79"
                }
            }
        },
        {
            "id": 417133979,
            "type": "Feature",
            "geometry": {
                "type": "Polygon",
                "coordinates": [
                    [
                        [
                            10342528.79905459,
                            7596737.369672791
                        ],
                        [
                            10342531.717745498,
                            7596740.410201448
                        ],
                        [
                            10342571.403990855,
                            7596804.214688141
                        ],
                        [
                            10342538.76956196,
                            7596871.786718187
                        ],
                        [
                            10342478.335880153,
                            7596835.732958515
                        ],
                        [
                            10342528.79905459,
                            7596737.369672791
                        ]
                    ]
                ],
                "crs": {
                    "type": "name",
                    "properties": {
                        "name": "EPSG:3857"
                    }
                }
            },
            "properties": {
                "cadastralDistrictsCode": 24,
                "category": 36368,
                "categoryName": "Земельные участки ЕГРН",
                "descr": "24:11:0130101:4167",
                "externalKey": "24:11:0130101:4167",
                "interactionId": 399608364,
                "label": "24:11:0130101:4167",
                "options": {
                    "area": null,
                    "cad_num": "24:11:0130101:4167",
                    "cost_application_date": "2023-07-10",
                    "cost_approvement_date": "",
                    "cost_determination_date": "2022-01-01",
                    "cost_index": 251.39,
                    "cost_registration_date": "2023-07-28",
                    "cost_value": 502780,
                    "declared_area": null,
                    "determination_couse": "Акт бюджетного учреждения, созданного субъектом Российской Федерации, об определении кадастровой стоимости в соответствии со статьей 16 Закона 237-ФЗ\n\n\n\n\n\n\n\n\n\n\n\n\n\n\n\n\n\n\n\n\n\n\n\n\n\n\n\n\n\n\n\n\n\n\n\n\n\n\n\n\n\n\n\n\n\n\n\n\n\n\n\n\n\n\n\n\n\n\n\n\n\n\n\n\n\n\n\n\n\n\n\n\n\n\n\n\n\n\n\n\n\n\n\n\n\n\n\n\n\n\n\n\n\n\n\n\n\n\n\n\n\n\n\n\n\n\n\n\n\n\n\n\n\n\n\n\n\n\n\n\n\n\n\n\n\n\n\n\n\n\n\n\n\n\n\n\n\n\n\n",
                    "land_record_category_type": "Земли населенных пунктов",
                    "land_record_reg_date": "2023-07-10",
                    "land_record_subtype": "Землепользование",
                    "land_record_type": "Земельный участок",
                    "ownership_type": "Частная",
                    "permitted_use_established_by_document": "для ведения личного подсобного хозяйства (приусадебный земельныйучасток) (код 2.2)",
                    "quarter_cad_number": "24:11:0130101",
                    "readable_address": "Красноярский край, муниципальный район Емельяновский, сельское поселение Шуваевский сельсовет, село Шуваево, улица Зеленая, земельный участок 7",
                    "specified_area": 2000,
                    "status": "Учтенный"
                },
                "subcategory": 5,
                "systemInfo": {
                    "inserted": "2024-12-07T17:31:01.80636",
                    "insertedBy": "7EF5CD0B-AC08-4097-AF2B-07CD85992A79",
                    "updated": "2026-02-08T21:08:51.008089",
                    "updatedBy": "7EF5CD0B-AC08-4097-AF2B-07CD85992A79"
                }
            }
        },
        {
            "id": 417156242,
            "type": "Feature",
            "geometry": {
                "type": "Polygon",
                "coordinates": [
                    [
                        [
                            10342591.462105967,
                            7596836.440769645
                        ],
                        [
                            10342558.058875918,
                            7596915.889429824
                        ],
                        [
                            10342526.506755352,
                            7596897.195941352
                        ],
                        [
                            10342571.403990855,
                            7596804.214688141
                        ],
                        [
                            10342591.462105967,
                            7596836.440769645
                        ]
                    ]
                ],
                "crs": {
                    "type": "name",
                    "properties": {
                        "name": "EPSG:3857"
                    }
                }
            },
            "properties": {
                "cadastralDistrictsCode": 24,
                "category": 36368,
                "categoryName": "Земельные участки ЕГРН",
                "descr": "24:11:0130101:4168",
                "externalKey": "24:11:0130101:4168",
                "interactionId": 399630627,
                "label": "24:11:0130101:4168",
                "options": {
                    "area": null,
                    "cad_num": "24:11:0130101:4168",
                    "cost_application_date": "2023-07-10",
                    "cost_approvement_date": "",
                    "cost_determination_date": "2022-01-01",
                    "cost_index": 262.41,
                    "cost_registration_date": "2023-07-28",
                    "cost_value": 262410,
                    "declared_area": null,
                    "determination_couse": "Акт бюджетного учреждения, созданного субъектом Российской Федерации, об определении кадастровой стоимости в соответствии со статьей 16 Закона 237-ФЗ\n\n\n\n\n\n\n\n\n\n\n\n\n\n\n\n\n\n\n\n\n\n\n\n\n\n\n\n\n\n\n\n\n\n\n\n\n\n\n\n\n\n\n\n\n\n\n\n\n\n\n\n\n\n\n\n\n\n\n\n\n\n\n\n\n\n\n\n\n\n\n\n\n\n\n\n\n\n\n\n\n\n\n\n\n\n\n\n\n\n\n\n\n\n\n\n\n\n\n\n\n\n\n\n\n\n\n\n\n\n\n\n\n\n\n\n\n\n\n\n\n\n\n\n\n\n\n\n\n\n\n\n\n\n\n\n\n\n\n\n",
                    "land_record_category_type": "Земли населенных пунктов",
                    "land_record_reg_date": "2023-07-10",
                    "land_record_subtype": "Землепользование",
                    "land_record_type": "Земельный участок",
                    "ownership_type": "Частная",
                    "permitted_use_established_by_document": "для ведения личного подсобного хозяйства (приусадебный земельный\nучасток) (код 2.2)",
                    "quarter_cad_number": "24:11:0130101",
                    "readable_address": "Красноярский край, муниципальный район Емельяновский, сельское поселение Шуваевский сельсовет, село Шуваево, улица Зеленая, земельный участок 7/1",
                    "specified_area": 1000,
                    "status": "Учтенный"
                },
                "subcategory": 5,
                "systemInfo": {
                    "inserted": "2024-12-07T17:34:20.340151",
                    "insertedBy": "7EF5CD0B-AC08-4097-AF2B-07CD85992A79",
                    "updated": "2026-02-08T21:10:58.076147",
                    "updatedBy": "7EF5CD0B-AC08-4097-AF2B-07CD85992A79"
                }
            }
        },
        {
            "id": 418234641,
            "type": "Feature",
            "geometry": {
                "type": "Polygon",
                "coordinates": [
                    [
                        [
                            10342224.701596905,
                            7596756.489582789
                        ],
                        [
                            10342271.42806337,
                            7596783.883455062
                        ],
                        [
                            10342243.727703117,
                            7596834.246968394
                        ],
                        [
                            10342193.61513152,
                            7596804.62000116
                        ],
                        [
                            10342224.701596905,
                            7596756.489582789
                        ]
                    ]
                ],
                "crs": {
                    "type": "name",
                    "properties": {
                        "name": "EPSG:3857"
                    }
                }
            },
            "properties": {
                "cadastralDistrictsCode": 24,
                "category": 36368,
                "categoryName": "Земельные участки ЕГРН",
                "descr": "24:11:0130101:4187",
                "externalKey": "24:11:0130101:4187",
                "interactionId": 400709026,
                "label": "24:11:0130101:4187",
                "options": {
                    "area": null,
                    "cad_num": "24:11:0130101:4187",
                    "cost_application_date": "2023-10-09",
                    "cost_approvement_date": "",
                    "cost_determination_date": "2022-01-01",
                    "cost_index": 262.41,
                    "cost_registration_date": "2023-10-27",
                    "cost_value": 262410,
                    "declared_area": null,
                    "determination_couse": "Акт бюджетного учреждения, созданного субъектом Российской Федерации, об определении кадастровой стоимости в соответствии со статьей 16 Закона 237-ФЗ\n",
                    "land_record_category_type": "Земли населенных пунктов",
                    "land_record_reg_date": "2023-10-09",
                    "land_record_subtype": "Землепользование",
                    "land_record_type": "Земельный участок",
                    "ownership_type": "Частная",
                    "permitted_use_established_by_document": "для ведения личного подсобного хозяйства (приусадебный земельный участок) (код 2.2)",
                    "quarter_cad_number": "24:11:0130101",
                    "readable_address": "Российская Федерация, Красноярский край, муниципальный район Емельяновский, сельское поселение Шуваевский сельсовет, село Шуваево, улица Степная, земельный участок 15",
                    "specified_area": 1000,
                    "status": "Учтенный"
                },
                "subcategory": 5,
                "systemInfo": {
                    "inserted": "2024-12-08T01:46:51.695615",
                    "insertedBy": "7EF5CD0B-AC08-4097-AF2B-07CD85992A79",
                    "updated": "2026-02-08T21:13:27.657499",
                    "updatedBy": "7EF5CD0B-AC08-4097-AF2B-07CD85992A79"
                }
            }
        },
        {
            "id": 418509030,
            "type": "Feature",
            "geometry": {
                "type": "Polygon",
                "coordinates": [
                    [
                        [
                            10342720.08558633,
                            7597493.8895948315
                        ],
                        [
                            10342741.914514031,
                            7597448.723666147
                        ],
                        [
                            10342820.138777645,
                            7597488.341366057
                        ],
                        [
                            10342800.524906605,
                            7597526.556195129
                        ],
                        [
                            10342796.264151916,
                            7597534.834880676
                        ],
                        [
                            10342720.08558633,
                            7597493.8895948315
                        ]
                    ]
                ],
                "crs": {
                    "type": "name",
                    "properties": {
                        "name": "EPSG:3857"
                    }
                }
            },
            "properties": {
                "cadastralDistrictsCode": 24,
                "category": 36368,
                "categoryName": "Земельные участки ЕГРН",
                "descr": "24:11:0000000:27193",
                "externalKey": "24:11:0000000:27193",
                "interactionId": 400983415,
                "label": "24:11:0000000:27193",
                "options": {
                    "area": null,
                    "cad_num": "24:11:0000000:27193",
                    "cost_application_date": "2023-01-01",
                    "cost_approvement_date": "",
                    "cost_determination_date": "2022-01-01",
                    "cost_index": 262.41,
                    "cost_registration_date": "2023-03-27",
                    "cost_value": 363175.44,
                    "declared_area": null,
                    "determination_couse": "Акт бюджетного учреждения, созданного субъектом Российской Федерации, об определении кадастровой стоимости в соответствии со статьей 16 Закона 237-ФЗ\n\n\n\n\n\n\n\n\n\n\n\n\n\n\n\n\n\n\n\n\n\n\n\n\n\n\n\n\n\n\n\n\n\n\n\n\n\n\n\n\n\n\n\n\n\n\n\n\n\n\n\n\n\n\n",
                    "land_record_category_type": "Земли населенных пунктов",
                    "land_record_reg_date": "2022-07-26",
                    "land_record_subtype": "Землепользование",
                    "land_record_type": "Земельный участок",
                    "ownership_type": "Частная",
                    "permitted_use_established_by_document": "для ведения личного подсобного хозяйства",
                    "quarter_cad_number": "24:11:0000000",
                    "readable_address": "Российская Федерация, Красноярский край, муниципальный район Емельяновский, сельское поселение Шуваевский сельсовет, село Шуваево, улица Центральная, земельный участок 2Б",
                    "specified_area": 1384,
                    "status": "Учтенный"
                },
                "subcategory": 5,
                "systemInfo": {
                    "inserted": "2024-12-08T02:48:24.650692",
                    "insertedBy": "7EF5CD0B-AC08-4097-AF2B-07CD85992A79",
                    "updated": "2026-02-08T22:27:18.807752",
                    "updatedBy": "7EF5CD0B-AC08-4097-AF2B-07CD85992A79"
                }
            }
        },
        {
            "id": 418511183,
            "type": "Feature",
            "geometry": {
                "type": "Polygon",
                "coordinates": [
                    [
                        [
                            10342515.608091474,
                            7597460.859971357
                        ],
                        [
                            10342531.937604256,
                            7597412.129459954
                        ],
                        [
                            10342603.716471555,
                            7597442.827510655
                        ],
                        [
                            10342585.037682526,
                            7597491.932623003
                        ],
                        [
                            10342515.608091474,
                            7597460.859971357
                        ]
                    ]
                ],
                "crs": {
                    "type": "name",
                    "properties": {
                        "name": "EPSG:3857"
                    }
                }
            },
            "properties": {
                "cadastralDistrictsCode": 24,
                "category": 36368,
                "categoryName": "Земельные участки ЕГРН",
                "descr": "24:11:0000000:26709",
                "externalKey": "24:11:0000000:26709",
                "interactionId": 400985568,
                "label": "24:11:0000000:26709",
                "options": {
                    "area": null,
                    "cad_num": "24:11:0000000:26709",
                    "cost_application_date": "2023-01-01",
                    "cost_approvement_date": "",
                    "cost_determination_date": "2022-01-01",
                    "cost_index": 262.41,
                    "cost_registration_date": "2022-12-29",
                    "cost_value": 325388.4,
                    "declared_area": null,
                    "determination_couse": "Акт об утверждении результатов определения кадастровой стоимости, полученных в соответствии с положениями Закона 237-ФЗ\n\n\n\n\n\n\n\n",
                    "land_record_category_type": "Земли населенных пунктов",
                    "land_record_reg_date": "2020-02-14",
                    "land_record_subtype": "Землепользование",
                    "land_record_type": "Земельный участок",
                    "ownership_type": null,
                    "permitted_use_established_by_document": "Одноквартирные усадебные жилые дома",
                    "quarter_cad_number": "24:11:0000000",
                    "readable_address": "Красноярский край, муниципальный район Емельяновский, сельское поселение Шуваевский сельсовет, село Шуваево, улица Первомайская, земельный участок 12",
                    "specified_area": 1240,
                    "status": "Учтенный"
                },
                "subcategory": 5,
                "systemInfo": {
                    "inserted": "2024-12-08T02:50:53.886373",
                    "insertedBy": "7EF5CD0B-AC08-4097-AF2B-07CD85992A79",
                    "updated": "2026-02-08T21:30:18.550476",
                    "updatedBy": "7EF5CD0B-AC08-4097-AF2B-07CD85992A79"
                }
            }
        },
        {
            "id": 418511456,
            "type": "Feature",
            "geometry": {
                "type": "Polygon",
                "coordinates": [
                    [
                        [
                            10342741.914514031,
                            7597448.723666147
                        ],
                        [
                            10342763.311712371,
                            7597404.401958032
                        ],
                        [
                            10342800.265865097,
                            7597421.772942991
                        ],
                        [
                            10342842.865529802,
                            7597441.7746936595
                        ],
                        [
                            10342843.815371819,
                            7597442.225168985
                        ],
                        [
                            10342820.138777645,
                            7597488.341366057
                        ],
                        [
                            10342741.914514031,
                            7597448.723666147
                        ]
                    ]
                ],
                "crs": {
                    "type": "name",
                    "properties": {
                        "name": "EPSG:3857"
                    }
                }
            },
            "properties": {
                "cadastralDistrictsCode": 24,
                "category": 36368,
                "categoryName": "Земельные участки ЕГРН",
                "descr": "24:11:0000000:27194",
                "externalKey": "24:11:0000000:27194",
                "interactionId": 400985841,
                "label": "24:11:0000000:27194",
                "options": {
                    "area": null,
                    "cad_num": "24:11:0000000:27194",
                    "cost_application_date": "2023-01-01",
                    "cost_approvement_date": "",
                    "cost_determination_date": "2022-01-01",
                    "cost_index": 262.41,
                    "cost_registration_date": "2023-03-27",
                    "cost_value": 363175.44,
                    "declared_area": null,
                    "determination_couse": "Акт бюджетного учреждения, созданного субъектом Российской Федерации, об определении кадастровой стоимости в соответствии со статьей 16 Закона 237-ФЗ\n\n\n\n\n\n\n\n\n\n\n\n\n\n\n\n\n\n\n\n\n\n\n\n\n\n\n\n\n\n\n\n\n\n\n\n\n\n\n\n\n\n\n\n\n\n\n\n\n\n\n\n\n\n\n",
                    "land_record_category_type": "Земли населенных пунктов",
                    "land_record_reg_date": "2022-07-26",
                    "land_record_subtype": "Землепользование",
                    "land_record_type": "Земельный участок",
                    "ownership_type": "Частная",
                    "permitted_use_established_by_document": "для ведения личного подсобного хозяйства",
                    "quarter_cad_number": "24:11:0000000",
                    "readable_address": "Российская Федерация, Красноярский край, муниципальный район Емельяновский, сельское поселение Шуваевский сельсовет, село Шуваево, улица Центральная, земельный участок 2",
                    "specified_area": 1384,
                    "status": "Учтенный"
                },
                "subcategory": 5,
                "systemInfo": {
                    "inserted": "2024-12-08T02:51:05.347762",
                    "insertedBy": "7EF5CD0B-AC08-4097-AF2B-07CD85992A79",
                    "updated": "2026-02-08T22:03:58.4618",
                    "updatedBy": "7EF5CD0B-AC08-4097-AF2B-07CD85992A79"
                }
            }
        },
        {
            "id": 418511776,
            "type": "Feature",
            "geometry": {
                "type": "Polygon",
                "coordinates": [
                    [
                        [
                            10342612.821071934,
                            7597446.7030892335
                        ],
                        [
                            10342635.87667419,
                            7597396.382028547
                        ],
                        [
                            10342708.965978902,
                            7597426.236176007
                        ],
                        [
                            10342684.313828912,
                            7597477.2743532695
                        ],
                        [
                            10342612.821071934,
                            7597446.7030892335
                        ]
                    ]
                ],
                "crs": {
                    "type": "name",
                    "properties": {
                        "name": "EPSG:3857"
                    }
                }
            },
            "properties": {
                "cadastralDistrictsCode": 24,
                "category": 36368,
                "categoryName": "Земельные участки ЕГРН",
                "descr": "24:11:0000000:26936",
                "externalKey": "24:11:0000000:26936",
                "interactionId": 400986161,
                "label": "24:11:0000000:26936",
                "options": {
                    "area": null,
                    "cad_num": "24:11:0000000:26936",
                    "cost_application_date": "2023-01-01",
                    "cost_approvement_date": "",
                    "cost_determination_date": "2022-01-01",
                    "cost_index": 262.41,
                    "cost_registration_date": "2022-12-23",
                    "cost_value": 357402.42,
                    "declared_area": null,
                    "determination_couse": "Акт об утверждении результатов определения кадастровой стоимости, полученных в соответствии с положениями Закона 237-ФЗ\n\n\n\n\n\n",
                    "land_record_category_type": "Земли населенных пунктов",
                    "land_record_reg_date": "2021-05-31",
                    "land_record_subtype": "Землепользование",
                    "land_record_type": "Земельный участок",
                    "ownership_type": "Частная",
                    "permitted_use_established_by_document": "Для ведения личного подсобного хозяйства",
                    "quarter_cad_number": "24:11:0000000",
                    "readable_address": "Российская Федерация, Красноярский край, муниципальный район Емельяновский, сельское поселение Шуваевский сельсовет, село Шуваево, улица Центральная, земельный участок 3",
                    "specified_area": 1362,
                    "status": "Учтенный"
                },
                "subcategory": 5,
                "systemInfo": {
                    "inserted": "2024-12-08T02:51:20.948287",
                    "insertedBy": "7EF5CD0B-AC08-4097-AF2B-07CD85992A79",
                    "updated": "2026-02-08T21:33:26.294242",
                    "updatedBy": "7EF5CD0B-AC08-4097-AF2B-07CD85992A79"
                }
            }
        },
        {
            "id": 418512383,
            "type": "Feature",
            "geometry": {
                "type": "Polygon",
                "coordinates": [
                    [
                        [
                            10342585.037682526,
                            7597491.932623003
                        ],
                        [
                            10342603.716471555,
                            7597442.827510655
                        ],
                        [
                            10342684.313828912,
                            7597477.2743532695
                        ],
                        [
                            10342659.66526298,
                            7597525.329757414
                        ],
                        [
                            10342585.037682526,
                            7597491.932623003
                        ]
                    ]
                ],
                "crs": {
                    "type": "name",
                    "properties": {
                        "name": "EPSG:3857"
                    }
                }
            },
            "properties": {
                "cadastralDistrictsCode": 24,
                "category": 36368,
                "categoryName": "Земельные участки ЕГРН",
                "descr": "24:11:0000000:26710",
                "externalKey": "24:11:0000000:26710",
                "interactionId": 400986768,
                "label": "24:11:0000000:26710",
                "options": {
                    "area": null,
                    "cad_num": "24:11:0000000:26710",
                    "cost_application_date": "2023-01-01",
                    "cost_approvement_date": "",
                    "cost_determination_date": "2022-01-01",
                    "cost_index": 262.41,
                    "cost_registration_date": "2022-12-29",
                    "cost_value": 366849.18,
                    "declared_area": null,
                    "determination_couse": "Акт об утверждении результатов определения кадастровой стоимости, полученных в соответствии с положениями Закона 237-ФЗ\n\n\n\n\n\n\n\n",
                    "land_record_category_type": "Земли населенных пунктов",
                    "land_record_reg_date": "2020-02-14",
                    "land_record_subtype": "Землепользование",
                    "land_record_type": "Земельный участок",
                    "ownership_type": "Частная",
                    "permitted_use_established_by_document": "Одноквартирные усадебные жилые дома",
                    "quarter_cad_number": "24:11:0000000",
                    "readable_address": "Российская Федерация, Красноярский край, муниципальный район Емельяновский, сельское поселение Шуваевский сельсовет, село Шуваево, улица Центральная, земельный участок 5",
                    "specified_area": 1398,
                    "status": "Учтенный"
                },
                "subcategory": 5,
                "systemInfo": {
                    "inserted": "2024-12-08T02:51:48.225296",
                    "insertedBy": "7EF5CD0B-AC08-4097-AF2B-07CD85992A79",
                    "updated": "2026-02-08T21:33:25.166369",
                    "updatedBy": "7EF5CD0B-AC08-4097-AF2B-07CD85992A79"
                }
            }
        },
        {
            "id": 418513646,
            "type": "Feature",
            "geometry": {
                "type": "Polygon",
                "coordinates": [
                    [
                        [
                            10342732.146073237,
                            7597265.977004367
                        ],
                        [
                            10342778.846420776,
                            7597137.3954053465
                        ],
                        [
                            10342818.12523399,
                            7597200.500555781
                        ],
                        [
                            10342774.577392729,
                            7597290.542775503
                        ],
                        [
                            10342732.146073237,
                            7597265.977004367
                        ]
                    ]
                ],
                "crs": {
                    "type": "name",
                    "properties": {
                        "name": "EPSG:3857"
                    }
                }
            },
            "properties": {
                "cadastralDistrictsCode": 24,
                "category": 36368,
                "categoryName": "Земельные участки ЕГРН",
                "descr": "24:11:0130101:751",
                "externalKey": "24:11:0130101:751",
                "interactionId": 400988031,
                "label": "24:11:0130101:751",
                "options": {
                    "area": null,
                    "cad_num": "24:11:0130101:751",
                    "cost_application_date": "2023-01-01",
                    "cost_approvement_date": "",
                    "cost_determination_date": "2022-01-01",
                    "cost_index": 251.39,
                    "cost_registration_date": "2022-12-30",
                    "cost_value": 502780,
                    "declared_area": null,
                    "determination_couse": "Акт об утверждении результатов определения кадастровой стоимости, полученных в соответствии с положениями Закона 237-ФЗ\n\n\n\n\n\n",
                    "land_record_category_type": "Земли населенных пунктов",
                    "land_record_reg_date": "2010-06-07",
                    "land_record_subtype": "Землепользование",
                    "land_record_type": "Земельный участок",
                    "ownership_type": "Частная",
                    "permitted_use_established_by_document": "Для ведения личного подсобного хозяйства",
                    "quarter_cad_number": "24:11:0130101",
                    "readable_address": "Местоположение установлено относительно ориентира, расположенного за пределами участка. Почтовый адрес ориентира: Россия, Красноярский край, Емельяновский район, с. Шуваево, ул. Зеленая, 13\"А\".",
                    "specified_area": 2000,
                    "status": "Учтенный"
                },
                "subcategory": 5,
                "systemInfo": {
                    "inserted": "2024-12-08T02:53:20.728141",
                    "insertedBy": "7EF5CD0B-AC08-4097-AF2B-07CD85992A79",
                    "updated": "2026-03-14T12:06:00.360992",
                    "updatedBy": "22F23413-4218-4EB5-B8D3-D2646E3C2FAE"
                }
            }
        },
        {
            "id": 418542437,
            "type": "Feature",
            "geometry": {
                "type": "Polygon",
                "coordinates": [
                    [
                        [
                            10342614.488794355,
                            7597732.629824979
                        ],
                        [
                            10342638.699662896,
                            7597677.204811824
                        ],
                        [
                            10342675.492811508,
                            7597695.062002252
                        ],
                        [
                            10342686.926506132,
                            7597700.881494496
                        ],
                        [
                            10342662.483674066,
                            7597755.623640536
                        ],
                        [
                            10342614.488794355,
                            7597732.629824979
                        ]
                    ]
                ],
                "crs": {
                    "type": "name",
                    "properties": {
                        "name": "EPSG:3857"
                    }
                }
            },
            "properties": {
                "cadastralDistrictsCode": 24,
                "category": 36368,
                "categoryName": "Земельные участки ЕГРН",
                "descr": "24:11:0000000:26667",
                "externalKey": "24:11:0000000:26667",
                "interactionId": 401016822,
                "label": "24:11:0000000:26667",
                "options": {
                    "area": null,
                    "cad_num": "24:11:0000000:26667",
                    "cost_application_date": "2023-01-01",
                    "cost_approvement_date": "",
                    "cost_determination_date": "2022-01-01",
                    "cost_index": 262.41,
                    "cost_registration_date": "2023-03-27",
                    "cost_value": 262410,
                    "declared_area": null,
                    "determination_couse": "Акт бюджетного учреждения, созданного субъектом Российской Федерации, об определении кадастровой стоимости в соответствии со статьей 16 Закона 237-ФЗ\n\n\n\n\n\n\n\n\n\n\n\n\n\n\n\n\n\n\n\n\n\n\n\n\n\n\n\n\n\n\n\n\n\n\n\n\n\n\n\n\n\n\n\n\n\n\n\n\n\n\n\n\n\n\n",
                    "land_record_category_type": "Земли населенных пунктов",
                    "land_record_reg_date": "2019-11-15",
                    "land_record_subtype": "Землепользование",
                    "land_record_type": "Земельный участок",
                    "ownership_type": "Частная",
                    "permitted_use_established_by_document": "для ведения личного подсобного хозяйства (код 2.2)",
                    "quarter_cad_number": "24:11:0000000",
                    "readable_address": "Российская Федерация, Красноярский край, Емельяновский муниципальный район, сельское поселение Шуваевский сельсовет, село Шуваево, улица Парковая, земельный участок 6",
                    "specified_area": 1000,
                    "status": "Ранее учтенный"
                },
                "subcategory": 5,
                "systemInfo": {
                    "inserted": "2024-12-08T03:19:31.731487",
                    "insertedBy": "7EF5CD0B-AC08-4097-AF2B-07CD85992A79",
                    "updated": "2026-02-08T21:52:55.112255",
                    "updatedBy": "7EF5CD0B-AC08-4097-AF2B-07CD85992A79"
                }
            }
        },
        {
            "id": 418706351,
            "type": "Feature",
            "geometry": {
                "type": "Polygon",
                "coordinates": [
                    [
                        [
                            10342391.000567669,
                            7597110.304576932
                        ],
                        [
                            10342427.94388681,
                            7596973.646510326
                        ],
                        [
                            10342458.832811175,
                            7596992.1959483735
                        ],
                        [
                            10342421.784845063,
                            7597127.003526377
                        ],
                        [
                            10342391.000567669,
                            7597110.304576932
                        ]
                    ]
                ],
                "crs": {
                    "type": "name",
                    "properties": {
                        "name": "EPSG:3857"
                    }
                }
            },
            "properties": {
                "cadastralDistrictsCode": 24,
                "category": 36368,
                "categoryName": "Земельные участки ЕГРН",
                "descr": "24:11:0130101:4307",
                "externalKey": "24:11:0130101:4307",
                "interactionId": 401180736,
                "label": "24:11:0130101:4307",
                "options": {
                    "area": null,
                    "cad_num": "24:11:0130101:4307",
                    "cost_application_date": "2024-11-12",
                    "cost_approvement_date": "",
                    "cost_determination_date": "2022-01-01",
                    "cost_index": 262.41,
                    "cost_registration_date": "2024-11-28",
                    "cost_value": 393877.41,
                    "declared_area": null,
                    "determination_couse": "Кадастровая стоимость объекта недвижимости определена в рамках статьи 16 Федерального закона от 3 июля 2016 г. N 237-ФЗ \"О государственной кадастровой оценке\"",
                    "land_record_category_type": "Земли населенных пунктов",
                    "land_record_reg_date": "2024-11-12",
                    "land_record_subtype": "Землепользование",
                    "land_record_type": "Земельный участок",
                    "ownership_type": "Частная",
                    "permitted_use_established_by_document": "для ведения личного подсобного хозяйства (приусадебный земельный\nучасток) (код 2.2)",
                    "quarter_cad_number": "24:11:0130101",
                    "readable_address": "Российская Федерация, Красноярский край, муниципальный район Емельяновский, сельское поселение Шуваевский сельсовет, село Шуваево, улица Весны, земельный участок 5А",
                    "specified_area": 1501,
                    "status": "Учтенный"
                },
                "subcategory": 5,
                "systemInfo": {
                    "inserted": "2024-12-08T03:45:53.881834",
                    "insertedBy": "7EF5CD0B-AC08-4097-AF2B-07CD85992A79",
                    "updated": "2026-02-08T21:10:59.303943",
                    "updatedBy": "7EF5CD0B-AC08-4097-AF2B-07CD85992A79"
                }
            }
        },
        {
            "id": 418711945,
            "type": "Feature",
            "geometry": {
                "type": "Polygon",
                "coordinates": [
                    [
                        [
                            10342362.742894093,
                            7597095.010553839
                        ],
                        [
                            10342395.263284845,
                            7596954.124258193
                        ],
                        [
                            10342427.94388681,
                            7596973.646510326
                        ],
                        [
                            10342391.000567669,
                            7597110.304576932
                        ],
                        [
                            10342362.742894093,
                            7597095.010553839
                        ]
                    ]
                ],
                "crs": {
                    "type": "name",
                    "properties": {
                        "name": "EPSG:3857"
                    }
                }
            },
            "properties": {
                "cadastralDistrictsCode": 24,
                "category": 36368,
                "categoryName": "Земельные участки ЕГРН",
                "descr": "24:11:0130101:4306",
                "externalKey": "24:11:0130101:4306",
                "interactionId": 401186330,
                "label": "24:11:0130101:4306",
                "options": {
                    "area": null,
                    "cad_num": "24:11:0130101:4306",
                    "cost_application_date": "2024-11-12",
                    "cost_approvement_date": "",
                    "cost_determination_date": "2022-01-01",
                    "cost_index": 262.41,
                    "cost_registration_date": "2024-11-28",
                    "cost_value": 393615,
                    "declared_area": null,
                    "determination_couse": "Кадастровая стоимость объекта недвижимости определена в рамках статьи 16 Федерального закона от 3 июля 2016 г. N 237-ФЗ \"О государственной кадастровой оценке\"",
                    "land_record_category_type": "Земли населенных пунктов",
                    "land_record_reg_date": "2024-11-12",
                    "land_record_subtype": "Землепользование",
                    "land_record_type": "Земельный участок",
                    "ownership_type": "Частная",
                    "permitted_use_established_by_document": "для ведения личного подсобного хозяйства (приусадебный земельный\nучасток) (код 2.2)",
                    "quarter_cad_number": "24:11:0130101",
                    "readable_address": "Российская Федерация, Красноярский край, муниципальный район Емельяновский, сельское поселение Шуваевский сельсовет, село Шуваево, улица Весны, земельный участок 5",
                    "specified_area": 1500,
                    "status": "Учтенный"
                },
                "subcategory": 5,
                "systemInfo": {
                    "inserted": "2024-12-08T03:46:29.355096",
                    "insertedBy": "7EF5CD0B-AC08-4097-AF2B-07CD85992A79",
                    "updated": "2026-02-08T21:10:58.667437",
                    "updatedBy": "7EF5CD0B-AC08-4097-AF2B-07CD85992A79"
                }
            }
        },
        {
            "id": 419033063,
            "type": "Feature",
            "geometry": {
                "type": "Polygon",
                "coordinates": [
                    [
                        [
                            10342842.865529802,
                            7597441.7746936595
                        ],
                        [
                            10342800.265865097,
                            7597421.772942991
                        ],
                        [
                            10342866.926700024,
                            7597277.508729606
                        ],
                        [
                            10342893.71654217,
                            7597320.07719251
                        ],
                        [
                            10342842.865529802,
                            7597441.7746936595
                        ]
                    ]
                ],
                "crs": {
                    "type": "name",
                    "properties": {
                        "name": "EPSG:3857"
                    }
                }
            },
            "properties": {
                "cadastralDistrictsCode": 24,
                "category": 36368,
                "categoryName": "Земельные участки ЕГРН",
                "descr": "24:11:0130101:515",
                "externalKey": "24:11:0130101:515",
                "interactionId": 401507448,
                "label": "24:11:0130101:515",
                "options": {
                    "area": null,
                    "cad_num": "24:11:0130101:515",
                    "cost_application_date": "2023-01-01",
                    "cost_approvement_date": "",
                    "cost_determination_date": "2022-01-01",
                    "cost_index": 263.98,
                    "cost_registration_date": "2022-12-23",
                    "cost_value": 528487.96,
                    "declared_area": null,
                    "determination_couse": "Акт об утверждении результатов определения кадастровой стоимости, полученных в соответствии с положениями Закона 237-ФЗ\n\n\n\n\n\n",
                    "land_record_category_type": "Земли населенных пунктов",
                    "land_record_reg_date": "1992-11-24",
                    "land_record_subtype": "Землепользование",
                    "land_record_type": "Земельный участок",
                    "ownership_type": "Частная",
                    "permitted_use_established_by_document": "для ведения личного подсобного хозяйства",
                    "quarter_cad_number": "24:11:0130101",
                    "readable_address": "Местоположение установлено относительно ориентира, расположенного в границах участка. Почтовый адрес ориентира: Красноярский край, Емельяновский район, с. Шуваево, ул. Зеленая, участок №17.",
                    "specified_area": 2002,
                    "status": "Ранее учтенный"
                },
                "subcategory": 5,
                "systemInfo": {
                    "inserted": "2024-12-08T07:18:03.417036",
                    "insertedBy": "7EF5CD0B-AC08-4097-AF2B-07CD85992A79",
                    "updated": "2026-03-14T12:44:15.354654",
                    "updatedBy": "22F23413-4218-4EB5-B8D3-D2646E3C2FAE"
                }
            }
        },
        {
            "id": 541638229,
            "type": "Feature",
            "geometry": {
                "type": "Polygon",
                "coordinates": [
                    [
                        [
                            10342215.825979078,
                            7597214.844479376
                        ],
                        [
                            10342250.116091458,
                            7597146.051183091
                        ],
                        [
                            10342321.462641887,
                            7597175.528320438
                        ],
                        [
                            10342291.125456559,
                            7597252.090395995
                        ],
                        [
                            10342215.825979078,
                            7597214.844479376
                        ]
                    ]
                ],
                "crs": {
                    "type": "name",
                    "properties": {
                        "name": "EPSG:3857"
                    }
                }
            },
            "properties": {
                "cadastralDistrictsCode": 24,
                "category": 36368,
                "categoryName": "Земельные участки ЕГРН",
                "descr": "24:11:0130101:3914",
                "externalKey": "24:11:0130101:3914",
                "interactionId": 524105122,
                "label": "24:11:0130101:3914",
                "options": {
                    "area": null,
                    "cad_num": "24:11:0130101:3914",
                    "cost_application_date": "2023-01-01",
                    "cost_approvement_date": "",
                    "cost_determination_date": "2022-01-01",
                    "cost_index": 264.25,
                    "cost_registration_date": "2022-12-27",
                    "cost_value": 525329,
                    "declared_area": null,
                    "determination_couse": "Акт об утверждении результатов определения кадастровой стоимости, полученных в соответствии с положениями Закона 237-ФЗ\n\n\n\n\n\n\n",
                    "land_record_category_type": "Земли населенных пунктов",
                    "land_record_reg_date": "2019-02-05",
                    "land_record_subtype": "Землепользование",
                    "land_record_type": "Земельный участок",
                    "ownership_type": "Частная",
                    "permitted_use_established_by_document": "одноквартирные усадебные жилые дома",
                    "quarter_cad_number": "24:11:0130101",
                    "readable_address": "Красноярский край, муниципальный район Емельяновский, сельское поселение Шуваевский сельсовет, село Шуваево, улица Короткая, земельный участок 1",
                    "specified_area": 1988,
                    "status": "Учтенный"
                },
                "subcategory": 5,
                "systemInfo": {
                    "inserted": "2024-12-27T14:40:24.344466",
                    "insertedBy": "7EF5CD0B-AC08-4097-AF2B-07CD85992A79",
                    "updated": "2026-02-08T21:03:27.515457",
                    "updatedBy": "7EF5CD0B-AC08-4097-AF2B-07CD85992A79"
                }
            }
        },
        {
            "id": 541773756,
            "type": "Feature",
            "geometry": {
                "type": "Polygon",
                "coordinates": [
                    [
                        [
                            10342732.146073237,
                            7597265.977004367
                        ],
                        [
                            10342694.337979978,
                            7597244.094589681
                        ],
                        [
                            10342734.14633659,
                            7597134.444076854
                        ],
                        [
                            10342749.94705249,
                            7597090.871595155
                        ],
                        [
                            10342778.846420776,
                            7597137.3954053465
                        ],
                        [
                            10342732.146073237,
                            7597265.977004367
                        ]
                    ]
                ],
                "crs": {
                    "type": "name",
                    "properties": {
                        "name": "EPSG:3857"
                    }
                }
            },
            "properties": {
                "cadastralDistrictsCode": 24,
                "category": 36368,
                "categoryName": "Земельные участки ЕГРН",
                "descr": "24:11:0130101:752",
                "externalKey": "24:11:0130101:752",
                "interactionId": 524240649,
                "label": "24:11:0130101:752",
                "options": {
                    "area": null,
                    "cad_num": "24:11:0130101:752",
                    "cost_application_date": "2023-01-01",
                    "cost_approvement_date": "",
                    "cost_determination_date": "2022-01-01",
                    "cost_index": 263.98,
                    "cost_registration_date": "2022-12-30",
                    "cost_value": 528223.98,
                    "declared_area": null,
                    "determination_couse": "Акт об утверждении результатов определения кадастровой стоимости, полученных в соответствии с положениями Закона 237-ФЗ\n\n\n\n\n\n",
                    "land_record_category_type": "Земли населенных пунктов",
                    "land_record_reg_date": "2010-06-07",
                    "land_record_subtype": "Землепользование",
                    "land_record_type": "Земельный участок",
                    "ownership_type": "Частная",
                    "permitted_use_established_by_document": "Для ведения личного подсобного хозяйства",
                    "quarter_cad_number": "24:11:0130101",
                    "readable_address": "Местоположение установлено относительно ориентира, расположенного за пределами участка. Почтовый адрес ориентира: Россия, Красноярский край, Емельяновский район, с. Шуваево, ул. Зеленая, 13.",
                    "specified_area": 2001,
                    "status": "Учтенный"
                },
                "subcategory": 5,
                "systemInfo": {
                    "inserted": "2024-12-27T15:11:30.222809",
                    "insertedBy": "7EF5CD0B-AC08-4097-AF2B-07CD85992A79",
                    "updated": "2026-03-19T00:33:31.409177",
                    "updatedBy": "22F23413-4218-4EB5-B8D3-D2646E3C2FAE"
                }
            }
        },
        {
            "id": 542131033,
            "type": "Feature",
            "geometry": {
                "type": "Polygon",
                "coordinates": [
                    [
                        [
                            10343117.274615595,
                            7597666.086615116
                        ],
                        [
                            10343177.576390747,
                            7597599.5820563715
                        ],
                        [
                            10343204.158749023,
                            7597623.767287169
                        ],
                        [
                            10343143.785349008,
                            7597690.218262189
                        ],
                        [
                            10343117.274615595,
                            7597666.086615116
                        ]
                    ]
                ],
                "crs": {
                    "type": "name",
                    "properties": {
                        "name": "EPSG:3857"
                    }
                }
            },
            "properties": {
                "cadastralDistrictsCode": 24,
                "category": 36368,
                "categoryName": "Земельные участки ЕГРН",
                "descr": "24:11:0130101:729",
                "externalKey": "24:11:0130101:729",
                "interactionId": 524597926,
                "label": "24:11:0130101:729",
                "options": {
                    "area": null,
                    "cad_num": "24:11:0130101:729",
                    "cost_application_date": "2023-01-01",
                    "cost_approvement_date": "",
                    "cost_determination_date": "2022-01-01",
                    "cost_index": 258.47,
                    "cost_registration_date": "2022-12-30",
                    "cost_value": 258470,
                    "declared_area": null,
                    "determination_couse": "Акт об утверждении результатов определения кадастровой стоимости, полученных в соответствии с положениями Закона 237-ФЗ\n\n\n\n\n\n",
                    "land_record_category_type": "Земли населенных пунктов",
                    "land_record_reg_date": "2010-03-12",
                    "land_record_subtype": "Землепользование",
                    "land_record_type": "Земельный участок",
                    "ownership_type": "Частная",
                    "permitted_use_established_by_document": "для ведения личного подсобного хозяйства",
                    "quarter_cad_number": "24:11:0130101",
                    "readable_address": "Местоположение установлено относительно ориентира, расположенного в границах участка. Почтовый адрес ориентира: Красноярский край, Емельяновский район, с. Шуваево, ул. Зеленая, 5 \"Г\".",
                    "specified_area": 1000,
                    "status": "Учтенный"
                },
                "subcategory": 5,
                "systemInfo": {
                    "inserted": "2024-12-27T16:32:06.505129",
                    "insertedBy": "7EF5CD0B-AC08-4097-AF2B-07CD85992A79",
                    "updated": "2026-03-19T00:35:33.651288",
                    "updatedBy": "22F23413-4218-4EB5-B8D3-D2646E3C2FAE"
                }
            }
        },
        {
            "id": 542247595,
            "type": "Feature",
            "geometry": {
                "type": "Polygon",
                "coordinates": [
                    [
                        [
                            10342555.814170202,
                            7597256.79567328
                        ],
                        [
                            10342524.667839946,
                            7597242.055167466
                        ],
                        [
                            10342553.369648833,
                            7597152.875685134
                        ],
                        [
                            10342584.961049166,
                            7597169.826714025
                        ],
                        [
                            10342555.814170202,
                            7597256.79567328
                        ]
                    ]
                ],
                "crs": {
                    "type": "name",
                    "properties": {
                        "name": "EPSG:3857"
                    }
                }
            },
            "properties": {
                "cadastralDistrictsCode": 24,
                "category": 36368,
                "categoryName": "Земельные участки ЕГРН",
                "descr": "24:11:0130101:2176",
                "externalKey": "24:11:0130101:2176",
                "interactionId": 524714488,
                "label": "24:11:0130101:2176",
                "options": {
                    "area": null,
                    "cad_num": "24:11:0130101:2176",
                    "cost_application_date": "2023-01-01",
                    "cost_approvement_date": "",
                    "cost_determination_date": "2022-01-01",
                    "cost_index": 275.53,
                    "cost_registration_date": "2022-12-27",
                    "cost_value": 275530,
                    "declared_area": null,
                    "determination_couse": "Акт об утверждении результатов определения кадастровой стоимости, полученных в соответствии с положениями Закона 237-ФЗ\n\n\n\n\n\n\n",
                    "land_record_category_type": "Земли населенных пунктов",
                    "land_record_reg_date": "2015-08-21",
                    "land_record_subtype": "Землепользование",
                    "land_record_type": "Земельный участок",
                    "ownership_type": "Частная",
                    "permitted_use_established_by_document": "Приусадебный участок личного подсобного хозяйства",
                    "quarter_cad_number": "24:11:0130101",
                    "readable_address": "Местоположение установлено относительно ориентира, расположенного за пределами участка. Почтовый адрес ориентира: Россия, Красноярский край, Емельяновский район, с. Шуваево, ул. Весны, 7\"А\".",
                    "specified_area": 1000,
                    "status": "Учтенный"
                },
                "subcategory": 5,
                "systemInfo": {
                    "inserted": "2024-12-27T17:14:21.995712",
                    "insertedBy": "7EF5CD0B-AC08-4097-AF2B-07CD85992A79",
                    "updated": "2026-03-19T00:36:34.726549",
                    "updatedBy": "22F23413-4218-4EB5-B8D3-D2646E3C2FAE"
                }
            }
        },
        {
            "id": 542255166,
            "type": "Feature",
            "geometry": {
                "type": "Polygon",
                "coordinates": [
                    [
                        [
                            10342464.113805393,
                            7597213.420754024
                        ],
                        [
                            10342491.889604306,
                            7597119.856115479
                        ],
                        [
                            10342522.387661114,
                            7597136.230852565
                        ],
                        [
                            10342553.369648833,
                            7597152.875685134
                        ],
                        [
                            10342524.667839946,
                            7597242.055167466
                        ],
                        [
                            10342494.113000544,
                            7597227.602865053
                        ],
                        [
                            10342464.113805393,
                            7597213.420754024
                        ]
                    ]
                ],
                "crs": {
                    "type": "name",
                    "properties": {
                        "name": "EPSG:3857"
                    }
                }
            },
            "properties": {
                "cadastralDistrictsCode": 24,
                "category": 36368,
                "categoryName": "Земельные участки ЕГРН",
                "descr": "24:11:0130101:3897",
                "externalKey": "24:11:0130101:3897",
                "interactionId": 524722059,
                "label": "24:11:0130101:3897",
                "options": {
                    "area": null,
                    "cad_num": "24:11:0130101:3897",
                    "cost_application_date": "2023-01-01",
                    "cost_approvement_date": "",
                    "cost_determination_date": "2022-01-01",
                    "cost_index": 251.39,
                    "cost_registration_date": "2022-12-30",
                    "cost_value": 502780,
                    "declared_area": null,
                    "determination_couse": "Акт об утверждении результатов определения кадастровой стоимости, полученных в соответствии с положениями Закона 237-ФЗ\n\n\n\n\n\n\n\n",
                    "land_record_category_type": "Земли населенных пунктов",
                    "land_record_reg_date": "2018-10-02",
                    "land_record_subtype": "Землепользование",
                    "land_record_type": "Земельный участок",
                    "ownership_type": "Частная",
                    "permitted_use_established_by_document": "Приусадебный участок личного подсобного хозяйства",
                    "quarter_cad_number": "24:11:0130101",
                    "readable_address": "Российская Федерация, Красноярский край, Емельяновский муниципальный район, сельское поселение Шуваевский сельсовет, Шуваево село, Короткая улица, 8",
                    "specified_area": 2000,
                    "status": "Учтенный"
                },
                "subcategory": 5,
                "systemInfo": {
                    "inserted": "2024-12-27T17:17:58.322445",
                    "insertedBy": "7EF5CD0B-AC08-4097-AF2B-07CD85992A79",
                    "updated": "2026-02-08T20:46:08.064383",
                    "updatedBy": "7EF5CD0B-AC08-4097-AF2B-07CD85992A79"
                }
            }
        },
        {
            "id": 542266470,
            "type": "Feature",
            "geometry": {
                "type": "Polygon",
                "coordinates": [
                    [
                        [
                            10342930.88474457,
                            7597366.360862498
                        ],
                        [
                            10342896.164679287,
                            7597466.821610078
                        ],
                        [
                            10342842.865529802,
                            7597441.7746936595
                        ],
                        [
                            10342893.71654217,
                            7597320.07719251
                        ],
                        [
                            10342907.890028963,
                            7597342.611368421
                        ],
                        [
                            10342908.731304023,
                            7597343.816416601
                        ],
                        [
                            10342909.644377217,
                            7597344.967648045
                        ],
                        [
                            10342910.629294503,
                            7597346.029123418
                        ],
                        [
                            10342930.88474457,
                            7597366.360862498
                        ]
                    ]
                ],
                "crs": {
                    "type": "name",
                    "properties": {
                        "name": "EPSG:3857"
                    }
                }
            },
            "properties": {
                "cadastralDistrictsCode": 24,
                "category": 36368,
                "categoryName": "Земельные участки ЕГРН",
                "descr": "24:11:0130101:513",
                "externalKey": "24:11:0130101:513",
                "interactionId": 524733363,
                "label": "24:11:0130101:513",
                "options": {
                    "area": null,
                    "cad_num": "24:11:0130101:513",
                    "cost_application_date": "2023-01-01",
                    "cost_approvement_date": "",
                    "cost_determination_date": "2022-01-01",
                    "cost_index": 263.72,
                    "cost_registration_date": "2022-12-23",
                    "cost_value": 527967.44,
                    "declared_area": null,
                    "determination_couse": "Акт об утверждении результатов определения кадастровой стоимости, полученных в соответствии с положениями Закона 237-ФЗ\n\n\n\n\n\n",
                    "land_record_category_type": "Земли населенных пунктов",
                    "land_record_reg_date": "1992-11-24",
                    "land_record_subtype": "Землепользование",
                    "land_record_type": "Земельный участок",
                    "ownership_type": "Частная",
                    "permitted_use_established_by_document": "для ведения личного подсобного хозяйства",
                    "quarter_cad_number": "24:11:0130101",
                    "readable_address": "Местоположение установлено относительно ориентира, расположенного в границах участка. Почтовый адрес ориентира: Красноярский край, Емельяновский район, с. Шуваево, ул. Зеленая, 19.",
                    "specified_area": 2002,
                    "status": "Ранее учтенный"
                },
                "subcategory": 5,
                "systemInfo": {
                    "inserted": "2024-12-27T17:23:02.198049",
                    "insertedBy": "7EF5CD0B-AC08-4097-AF2B-07CD85992A79",
                    "updated": "2026-03-19T00:36:36.779878",
                    "updatedBy": "22F23413-4218-4EB5-B8D3-D2646E3C2FAE"
                }
            }
        },
        {
            "id": 542267929,
            "type": "Feature",
            "geometry": {
                "type": "Polygon",
                "coordinates": [
                    [
                        [
                            10342406.215999156,
                            7596609.757386636
                        ],
                        [
                            10342403.017071415,
                            7596615.179395216
                        ],
                        [
                            10342324.024778701,
                            7596568.265903754
                        ],
                        [
                            10342333.888934495,
                            7596553.240226812
                        ],
                        [
                            10342412.14656217,
                            7596599.72130382
                        ],
                        [
                            10342409.882153602,
                            7596603.563389087
                        ],
                        [
                            10342406.215999156,
                            7596609.757386636
                        ]
                    ]
                ],
                "crs": {
                    "type": "name",
                    "properties": {
                        "name": "EPSG:3857"
                    }
                }
            },
            "properties": {
                "cadastralDistrictsCode": 24,
                "category": 36368,
                "categoryName": "Земельные участки ЕГРН",
                "descr": "24:11:0130101:2298",
                "externalKey": "24:11:0130101:2298",
                "interactionId": 524734822,
                "label": "24:11:0130101:2298",
                "options": {
                    "area": null,
                    "cad_num": "24:11:0130101:2298",
                    "cost_application_date": "2023-01-01",
                    "cost_approvement_date": "",
                    "cost_determination_date": "2022-01-01",
                    "cost_index": 353.82,
                    "cost_registration_date": "2022-12-29",
                    "cost_value": 180448.2,
                    "declared_area": null,
                    "determination_couse": "Акт об утверждении результатов определения кадастровой стоимости, полученных в соответствии с положениями Закона 237-ФЗ\n\n\n\n\n\n\n\n",
                    "land_record_category_type": "Земли населенных пунктов",
                    "land_record_reg_date": "2017-01-10",
                    "land_record_subtype": "Землепользование",
                    "land_record_type": "Земельный участок",
                    "ownership_type": null,
                    "permitted_use_established_by_document": "Коммунальное обслуживание",
                    "quarter_cad_number": "24:11:0130101",
                    "readable_address": "Местоположение установлено относительно ориентира, расположенного за пределами участка. Почтовый адрес ориентира: Красноярский край,  Емельяновский район, МО Шуваевский сельсовет, с. Шуваево, ул. Зеленая.",
                    "specified_area": 510,
                    "status": "Учтенный"
                },
                "subcategory": 5,
                "systemInfo": {
                    "inserted": "2024-12-27T17:23:38.711366",
                    "insertedBy": "7EF5CD0B-AC08-4097-AF2B-07CD85992A79",
                    "updated": "2026-03-19T00:36:36.96319",
                    "updatedBy": "22F23413-4218-4EB5-B8D3-D2646E3C2FAE"
                }
            }
        },
        {
            "id": 542316468,
            "type": "Feature",
            "geometry": {
                "type": "Polygon",
                "coordinates": [
                    [
                        [
                            10342591.754387984,
                            7596941.036447517
                        ],
                        [
                            10342617.890525792,
                            7596878.80963516
                        ],
                        [
                            10342619.429340096,
                            7596881.291335105
                        ],
                        [
                            10342659.832524495,
                            7596946.445129834
                        ],
                        [
                            10342649.895816654,
                            7596975.864902757
                        ],
                        [
                            10342596.000737162,
                            7596943.593635498
                        ],
                        [
                            10342591.754387984,
                            7596941.036447517
                        ]
                    ]
                ],
                "crs": {
                    "type": "name",
                    "properties": {
                        "name": "EPSG:3857"
                    }
                }
            },
            "properties": {
                "cadastralDistrictsCode": 24,
                "category": 36368,
                "categoryName": "Земельные участки ЕГРН",
                "descr": "24:11:0130101:4022",
                "externalKey": "24:11:0130101:4022",
                "interactionId": 524783361,
                "label": "24:11:0130101:4022",
                "options": {
                    "area": null,
                    "cad_num": "24:11:0130101:4022",
                    "cost_application_date": "2023-01-01",
                    "cost_approvement_date": "",
                    "cost_determination_date": "2022-01-01",
                    "cost_index": 262.41,
                    "cost_registration_date": "2022-12-26",
                    "cost_value": 262147.59,
                    "declared_area": null,
                    "determination_couse": "Акт об утверждении результатов определения кадастровой стоимости, полученных в соответствии с положениями Закона 237-ФЗ\n\n\n\n\n\n",
                    "land_record_category_type": "Земли населенных пунктов",
                    "land_record_reg_date": "2021-05-28",
                    "land_record_subtype": "Землепользование",
                    "land_record_type": "Земельный участок",
                    "ownership_type": "Частная",
                    "permitted_use_established_by_document": "Приусадебный участок личного подсобного хозяйства",
                    "quarter_cad_number": "24:11:0130101",
                    "readable_address": "Российская Федерация, Красноярский край, муниципальный район Емельяновский, сельское поселение Шуваевский сельсовет, село Шуваево, улица Зеленая, земельный участок 9А",
                    "specified_area": 999,
                    "status": "Учтенный"
                },
                "subcategory": 5,
                "systemInfo": {
                    "inserted": "2024-12-27T17:42:46.726232",
                    "insertedBy": "7EF5CD0B-AC08-4097-AF2B-07CD85992A79",
                    "updated": "2026-02-09T12:11:14.588913",
                    "updatedBy": "7EF5CD0B-AC08-4097-AF2B-07CD85992A79"
                }
            }
        },
        {
            "id": 542357882,
            "type": "Feature",
            "geometry": {
                "type": "Polygon",
                "coordinates": [
                    [
                        [
                            10342431.584760508,
                            7596946.302933213
                        ],
                        [
                            10342385.69931137,
                            7596919.054349956
                        ],
                        [
                            10342427.103271805,
                            7596838.359393822
                        ],
                        [
                            10342473.02432078,
                            7596865.553586717
                        ],
                        [
                            10342431.584760508,
                            7596946.302933213
                        ]
                    ]
                ],
                "crs": {
                    "type": "name",
                    "properties": {
                        "name": "EPSG:3857"
                    }
                }
            },
            "properties": {
                "cadastralDistrictsCode": 24,
                "category": 36368,
                "categoryName": "Земельные участки ЕГРН",
                "descr": "24:11:0130101:814",
                "externalKey": "24:11:0130101:814",
                "interactionId": 524824775,
                "label": "24:11:0130101:814",
                "options": {
                    "area": null,
                    "cad_num": "24:11:0130101:814",
                    "cost_application_date": "2023-01-01",
                    "cost_approvement_date": "",
                    "cost_determination_date": "2022-01-01",
                    "cost_index": 275.53,
                    "cost_registration_date": "2022-12-23",
                    "cost_value": 413295,
                    "declared_area": null,
                    "determination_couse": "Акт об утверждении результатов определения кадастровой стоимости, полученных в соответствии с положениями Закона 237-ФЗ\n\n\n\n",
                    "land_record_category_type": "Земли населенных пунктов",
                    "land_record_reg_date": "2010-11-11",
                    "land_record_subtype": "Землепользование",
                    "land_record_type": "Земельный участок",
                    "ownership_type": "Частная",
                    "permitted_use_established_by_document": "для ведения личного подсобного хозяйства",
                    "quarter_cad_number": "24:11:0130101",
                    "readable_address": "Красноярский край, Емельяновский район, с. Шуваево, ул. Весны, уч. 6",
                    "specified_area": 1500,
                    "status": "Учтенный"
                },
                "subcategory": 5,
                "systemInfo": {
                    "inserted": "2024-12-27T18:09:17.251998",
                    "insertedBy": "7EF5CD0B-AC08-4097-AF2B-07CD85992A79",
                    "updated": "2026-02-08T20:46:02.17004",
                    "updatedBy": "7EF5CD0B-AC08-4097-AF2B-07CD85992A79"
                }
            }
        },
        {
            "id": 542362539,
            "type": "Feature",
            "geometry": {
                "type": "Polygon",
                "coordinates": [
                    [
                        [
                            10343143.785349008,
                            7597690.218262189
                        ],
                        [
                            10343204.158749023,
                            7597623.767287169
                        ],
                        [
                            10343230.741230018,
                            7597647.988442236
                        ],
                        [
                            10343170.296248773,
                            7597714.349892994
                        ],
                        [
                            10343143.785349008,
                            7597690.218262189
                        ]
                    ]
                ],
                "crs": {
                    "type": "name",
                    "properties": {
                        "name": "EPSG:3857"
                    }
                }
            },
            "properties": {
                "cadastralDistrictsCode": 24,
                "category": 36368,
                "categoryName": "Земельные участки ЕГРН",
                "descr": "24:11:0130101:730",
                "externalKey": "24:11:0130101:730",
                "interactionId": 524829432,
                "label": "24:11:0130101:730",
                "options": {
                    "area": null,
                    "cad_num": "24:11:0130101:730",
                    "cost_application_date": "2023-01-01",
                    "cost_approvement_date": "",
                    "cost_determination_date": "2022-01-01",
                    "cost_index": 257.69,
                    "cost_registration_date": "2022-12-24",
                    "cost_value": 257690,
                    "declared_area": null,
                    "determination_couse": "Акт об утверждении результатов определения кадастровой стоимости, полученных в соответствии с положениями Закона 237-ФЗ\n\n\n",
                    "land_record_category_type": "Земли населенных пунктов",
                    "land_record_reg_date": "2010-03-12",
                    "land_record_subtype": "Землепользование",
                    "land_record_type": "Земельный участок",
                    "ownership_type": "Частная",
                    "permitted_use_established_by_document": "для ведения личного подсобного хозяйства",
                    "quarter_cad_number": "24:11:0130101",
                    "readable_address": "Местоположение установлено относительно ориентира, расположенного в границах участка. Почтовый адрес ориентира: Красноярский край, Емельяновский район, с. Шуваево, ул. Зеленая, 5 \"В\".",
                    "specified_area": 1000,
                    "status": "Учтенный"
                },
                "subcategory": 5,
                "systemInfo": {
                    "inserted": "2024-12-27T18:11:27.590673",
                    "insertedBy": "7EF5CD0B-AC08-4097-AF2B-07CD85992A79",
                    "updated": "2026-03-19T00:37:36.140519",
                    "updatedBy": "22F23413-4218-4EB5-B8D3-D2646E3C2FAE"
                }
            }
        },
        {
            "id": 542364567,
            "type": "Feature",
            "geometry": {
                "type": "Polygon",
                "coordinates": [
                    [
                        [
                            10343170.296248773,
                            7597714.349892994
                        ],
                        [
                            10343230.741230018,
                            7597647.988442236
                        ],
                        [
                            10343251.91423465,
                            7597667.243040364
                        ],
                        [
                            10343191.594638001,
                            7597733.748744616
                        ],
                        [
                            10343170.296248773,
                            7597714.349892994
                        ]
                    ]
                ],
                "crs": {
                    "type": "name",
                    "properties": {
                        "name": "EPSG:3857"
                    }
                }
            },
            "properties": {
                "cadastralDistrictsCode": 24,
                "category": 36368,
                "categoryName": "Земельные участки ЕГРН",
                "descr": "24:11:0130101:731",
                "externalKey": "24:11:0130101:731",
                "interactionId": 524831460,
                "label": "24:11:0130101:731",
                "options": {
                    "area": null,
                    "cad_num": "24:11:0130101:731",
                    "cost_application_date": "2023-01-01",
                    "cost_approvement_date": "",
                    "cost_determination_date": "2022-01-01",
                    "cost_index": 256.9,
                    "cost_registration_date": "2022-12-24",
                    "cost_value": 205520,
                    "declared_area": null,
                    "determination_couse": "Акт об утверждении результатов определения кадастровой стоимости, полученных в соответствии с положениями Закона 237-ФЗ\n\n\n",
                    "land_record_category_type": "Земли населенных пунктов",
                    "land_record_reg_date": "2010-03-12",
                    "land_record_subtype": "Землепользование",
                    "land_record_type": "Земельный участок",
                    "ownership_type": "Частная",
                    "permitted_use_established_by_document": "для ведения личного подсобного хозяйства",
                    "quarter_cad_number": "24:11:0130101",
                    "readable_address": "Местоположение установлено относительно ориентира, расположенного в границах участка. Почтовый адрес ориентира: Красноярский край, Емельяновский район, с. Шуваево, ул. Зеленая, 5 \"Б\".",
                    "specified_area": 800,
                    "status": "Учтенный"
                },
                "subcategory": 5,
                "systemInfo": {
                    "inserted": "2024-12-27T18:12:36.486074",
                    "insertedBy": "7EF5CD0B-AC08-4097-AF2B-07CD85992A79",
                    "updated": "2026-03-19T00:37:36.496272",
                    "updatedBy": "22F23413-4218-4EB5-B8D3-D2646E3C2FAE"
                }
            }
        },
        {
            "id": 542365890,
            "type": "Feature",
            "geometry": {
                "type": "Polygon",
                "coordinates": [
                    [
                        [
                            10342648.79406957,
                            7597063.8752058735
                        ],
                        [
                            10342734.128404848,
                            7597134.444053416
                        ],
                        [
                            10342722.844674628,
                            7597165.534017004
                        ],
                        [
                            10342631.691927103,
                            7597114.920766672
                        ],
                        [
                            10342648.79406957,
                            7597063.8752058735
                        ]
                    ]
                ],
                "crs": {
                    "type": "name",
                    "properties": {
                        "name": "EPSG:3857"
                    }
                }
            },
            "properties": {
                "cadastralDistrictsCode": 24,
                "category": 36368,
                "categoryName": "Земельные участки ЕГРН",
                "descr": "24:11:0130101:2126",
                "externalKey": "24:11:0130101:2126",
                "interactionId": 524832783,
                "label": "24:11:0130101:2126",
                "options": {
                    "area": null,
                    "cad_num": "24:11:0130101:2126",
                    "cost_application_date": "2023-01-01",
                    "cost_approvement_date": "",
                    "cost_determination_date": "2022-01-01",
                    "cost_index": 262.41,
                    "cost_registration_date": "2022-12-28",
                    "cost_value": 365274.72,
                    "declared_area": null,
                    "determination_couse": "Акт об утверждении результатов определения кадастровой стоимости, полученных в соответствии с положениями Закона 237-ФЗ\n\n\n\n\n\n\n",
                    "land_record_category_type": "Земли населенных пунктов",
                    "land_record_reg_date": "2015-04-01",
                    "land_record_subtype": "Землепользование",
                    "land_record_type": "Земельный участок",
                    "ownership_type": "Частная",
                    "permitted_use_established_by_document": "для ведения личного подсобного хозяйства",
                    "quarter_cad_number": "24:11:0130101",
                    "readable_address": "Российская Федерация, Красноярский край, муниципальный район Емельяновский, сельское поселение Шуваевский сельсовет, село Шуваево, улица Первомайская, земельный участок 2 ",
                    "specified_area": 1392,
                    "status": "Учтенный"
                },
                "subcategory": 5,
                "systemInfo": {
                    "inserted": "2024-12-27T18:13:27.259007",
                    "insertedBy": "7EF5CD0B-AC08-4097-AF2B-07CD85992A79",
                    "updated": "2026-02-08T21:40:09.18363",
                    "updatedBy": "7EF5CD0B-AC08-4097-AF2B-07CD85992A79"
                }
            }
        },
        {
            "id": 542365923,
            "type": "Feature",
            "geometry": {
                "type": "Polygon",
                "coordinates": [
                    [
                        [
                            10342265.688167248,
                            7596982.770037739
                        ],
                        [
                            10342278.786494948,
                            7596884.355315194
                        ],
                        [
                            10342333.880247056,
                            7596917.348944534
                        ],
                        [
                            10342319.006562551,
                            7596989.886580784
                        ],
                        [
                            10342265.688167248,
                            7596982.770037739
                        ]
                    ]
                ],
                "crs": {
                    "type": "name",
                    "properties": {
                        "name": "EPSG:3857"
                    }
                }
            },
            "properties": {
                "cadastralDistrictsCode": 24,
                "category": 36368,
                "categoryName": "Земельные участки ЕГРН",
                "descr": "24:11:0130101:4125",
                "externalKey": "24:11:0130101:4125",
                "interactionId": 524832816,
                "label": "24:11:0130101:4125",
                "options": {
                    "area": null,
                    "cad_num": "24:11:0130101:4125",
                    "cost_application_date": "2023-01-01",
                    "cost_approvement_date": "",
                    "cost_determination_date": "2022-01-01",
                    "cost_index": 275.01,
                    "cost_registration_date": "2023-03-24",
                    "cost_value": 419390.25,
                    "declared_area": null,
                    "determination_couse": "Акт бюджетного учреждения, созданного субъектом Российской Федерации, об определении кадастровой стоимости в соответствии со статьей 16 Закона 237-ФЗ\n\n\n\n\n\n\n\n\n\n\n\n\n\n\n\n\n\n\n\n\n\n\n\n\n\n\n\n\n\n\n\n\n\n\n\n\n\n\n\n\n\n\n\n\n\n\n\n\n\n\n\n\n\n\n",
                    "land_record_category_type": "Земли населенных пунктов",
                    "land_record_reg_date": "2022-09-05",
                    "land_record_subtype": "Землепользование",
                    "land_record_type": "Земельный участок",
                    "ownership_type": "Частная",
                    "permitted_use_established_by_document": "Одноквартирные усадебные жилые дома",
                    "quarter_cad_number": "24:11:0130101",
                    "readable_address": "Российская Федерация, Красноярский край, Емельяновский муниципальный район, сельское поселение Шуваевский сельсовет, село Шуваево, улица Весны, земельный участок 1",
                    "specified_area": 1525,
                    "status": "Учтенный"
                },
                "subcategory": 5,
                "systemInfo": {
                    "inserted": "2024-12-27T18:13:28.574195",
                    "insertedBy": "7EF5CD0B-AC08-4097-AF2B-07CD85992A79",
                    "updated": "2026-02-08T21:08:51.362063",
                    "updatedBy": "7EF5CD0B-AC08-4097-AF2B-07CD85992A79"
                }
            }
        },
        {
            "id": 542366657,
            "type": "Feature",
            "geometry": {
                "type": "Polygon",
                "coordinates": [
                    [
                        [
                            10342618.838143395,
                            7597153.3039285205
                        ],
                        [
                            10342708.609402385,
                            7597204.760332318
                        ],
                        [
                            10342694.337979978,
                            7597244.094589681
                        ],
                        [
                            10342686.615163753,
                            7597239.592094099
                        ],
                        [
                            10342605.66043901,
                            7597192.459511515
                        ],
                        [
                            10342618.838143395,
                            7597153.3039285205
                        ]
                    ]
                ],
                "crs": {
                    "type": "name",
                    "properties": {
                        "name": "EPSG:3857"
                    }
                }
            },
            "properties": {
                "cadastralDistrictsCode": 24,
                "category": 36368,
                "categoryName": "Земельные участки ЕГРН",
                "descr": "24:11:0130101:2125",
                "externalKey": "24:11:0130101:2125",
                "interactionId": 524833550,
                "label": "24:11:0130101:2125",
                "options": {
                    "area": null,
                    "cad_num": "24:11:0130101:2125",
                    "cost_application_date": "2023-01-01",
                    "cost_approvement_date": "",
                    "cost_determination_date": "2022-01-01",
                    "cost_index": 262.41,
                    "cost_registration_date": "2022-12-28",
                    "cost_value": 342707.46,
                    "declared_area": null,
                    "determination_couse": "Акт об утверждении результатов определения кадастровой стоимости, полученных в соответствии с положениями Закона 237-ФЗ\n\n\n\n\n\n\n",
                    "land_record_category_type": "Земли населенных пунктов",
                    "land_record_reg_date": "2015-04-01",
                    "land_record_subtype": "Землепользование",
                    "land_record_type": "Земельный участок",
                    "ownership_type": "Частная",
                    "permitted_use_established_by_document": "для ведения личного подсобного хозяйства",
                    "quarter_cad_number": "24:11:0130101",
                    "readable_address": "Красноярский край, Емельяновский район, с. Шуваево, ул. Первомайская",
                    "specified_area": 1306,
                    "status": "Учтенный"
                },
                "subcategory": 5,
                "systemInfo": {
                    "inserted": "2024-12-27T18:13:55.129553",
                    "insertedBy": "7EF5CD0B-AC08-4097-AF2B-07CD85992A79",
                    "updated": "2026-02-08T21:20:08.338857",
                    "updatedBy": "7EF5CD0B-AC08-4097-AF2B-07CD85992A79"
                }
            }
        },
        {
            "id": 542377116,
            "type": "Feature",
            "geometry": {
                "type": "Polygon",
                "coordinates": [
                    [
                        [
                            10342531.937604256,
                            7597412.129459954
                        ],
                        [
                            10342549.094986493,
                            7597360.992381738
                        ],
                        [
                            10342635.87667419,
                            7597396.382028547
                        ],
                        [
                            10342612.821071934,
                            7597446.7030892335
                        ],
                        [
                            10342531.937604256,
                            7597412.129459954
                        ]
                    ]
                ],
                "crs": {
                    "type": "name",
                    "properties": {
                        "name": "EPSG:3857"
                    }
                }
            },
            "properties": {
                "cadastralDistrictsCode": 24,
                "category": 36368,
                "categoryName": "Земельные участки ЕГРН",
                "descr": "24:11:0130101:4023",
                "externalKey": "24:11:0130101:4023",
                "interactionId": 524844009,
                "label": "24:11:0130101:4023",
                "options": {
                    "area": null,
                    "cad_num": "24:11:0130101:4023",
                    "cost_application_date": "2023-01-01",
                    "cost_approvement_date": "",
                    "cost_determination_date": "2022-01-01",
                    "cost_index": 261.36,
                    "cost_registration_date": "2022-12-26",
                    "cost_value": 401971.68,
                    "declared_area": null,
                    "determination_couse": "Акт об утверждении результатов определения кадастровой стоимости, полученных в соответствии с положениями Закона 237-ФЗ\n\n\n\n\n\n",
                    "land_record_category_type": "Земли населенных пунктов",
                    "land_record_reg_date": "2021-05-31",
                    "land_record_subtype": "Землепользование",
                    "land_record_type": "Земельный участок",
                    "ownership_type": "Частная",
                    "permitted_use_established_by_document": "Для ведения личного подсобного хозяйства",
                    "quarter_cad_number": "24:11:0130101",
                    "readable_address": "Российская Федерация, Красноярский край, муниципальный район Емельяновский, сельское поселение Шуваевский сельсовет, село Шуваево, улица Первомайская, земельный участок 10 ",
                    "specified_area": 1538,
                    "status": "Учтенный"
                },
                "subcategory": 5,
                "systemInfo": {
                    "inserted": "2024-12-27T18:21:31.563278",
                    "insertedBy": "7EF5CD0B-AC08-4097-AF2B-07CD85992A79",
                    "updated": "2026-02-08T21:46:28.85021",
                    "updatedBy": "7EF5CD0B-AC08-4097-AF2B-07CD85992A79"
                }
            }
        },
        {
            "id": 542383065,
            "type": "Feature",
            "geometry": {
                "type": "Polygon",
                "coordinates": [
                    [
                        [
                            10342623.330767168,
                            7597391.244071189
                        ],
                        [
                            10342549.094986493,
                            7597360.992381738
                        ],
                        [
                            10342562.057415763,
                            7597322.338904473
                        ],
                        [
                            10342637.312320787,
                            7597354.640207085
                        ],
                        [
                            10342623.330767168,
                            7597391.244071189
                        ]
                    ]
                ],
                "crs": {
                    "type": "name",
                    "properties": {
                        "name": "EPSG:3857"
                    }
                }
            },
            "properties": {
                "cadastralDistrictsCode": 24,
                "category": 36368,
                "categoryName": "Земельные участки ЕГРН",
                "descr": "24:11:0130101:1944",
                "externalKey": "24:11:0130101:1944",
                "interactionId": 524849958,
                "label": "24:11:0130101:1944",
                "options": {
                    "area": null,
                    "cad_num": "24:11:0130101:1944",
                    "cost_application_date": "2023-01-01",
                    "cost_approvement_date": "",
                    "cost_determination_date": "2022-01-01",
                    "cost_index": 275.53,
                    "cost_registration_date": "2022-12-30",
                    "cost_value": 276632.12,
                    "declared_area": null,
                    "determination_couse": "Акт об утверждении результатов определения кадастровой стоимости, полученных в соответствии с положениями Закона 237-ФЗ\n\n\n\n\n\n\n\n",
                    "land_record_category_type": "Земли населенных пунктов",
                    "land_record_reg_date": "2013-05-08",
                    "land_record_subtype": "Землепользование",
                    "land_record_type": "Земельный участок",
                    "ownership_type": "Частная",
                    "permitted_use_established_by_document": "для ведения личного подсобного хозяйства",
                    "quarter_cad_number": "24:11:0130101",
                    "readable_address": "Красноярский край, Емельяновский район, с.Шуваево, ул.Первомайская, 8",
                    "specified_area": 1004,
                    "status": "Учтенный"
                },
                "subcategory": 5,
                "systemInfo": {
                    "inserted": "2024-12-27T18:25:36.186271",
                    "insertedBy": "7EF5CD0B-AC08-4097-AF2B-07CD85992A79",
                    "updated": "2026-02-08T21:42:22.03205",
                    "updatedBy": "7EF5CD0B-AC08-4097-AF2B-07CD85992A79"
                }
            }
        },
        {
            "id": 542392037,
            "type": "Feature",
            "geometry": {
                "type": "Polygon",
                "coordinates": [
                    [
                        [
                            10342465.355855478,
                            7596861.015224132
                        ],
                        [
                            10342427.103271805,
                            7596838.359393822
                        ],
                        [
                            10342496.29963341,
                            7596703.546004323
                        ],
                        [
                            10342528.79905459,
                            7596737.369672791
                        ],
                        [
                            10342465.355855478,
                            7596861.015224132
                        ]
                    ]
                ],
                "crs": {
                    "type": "name",
                    "properties": {
                        "name": "EPSG:3857"
                    }
                }
            },
            "properties": {
                "cadastralDistrictsCode": 24,
                "category": 36368,
                "categoryName": "Земельные участки ЕГРН",
                "descr": "24:11:0130101:811",
                "externalKey": "24:11:0130101:811",
                "interactionId": 524858930,
                "label": "24:11:0130101:811",
                "options": {
                    "area": null,
                    "cad_num": "24:11:0130101:811",
                    "cost_application_date": "2023-01-01",
                    "cost_approvement_date": "",
                    "cost_determination_date": "2022-01-01",
                    "cost_index": 251.39,
                    "cost_registration_date": "2022-12-26",
                    "cost_value": 502780,
                    "declared_area": null,
                    "determination_couse": "Акт об утверждении результатов определения кадастровой стоимости, полученных в соответствии с положениями Закона 237-ФЗ\n\n\n\n\n",
                    "land_record_category_type": "Земли населенных пунктов",
                    "land_record_reg_date": "2010-11-11",
                    "land_record_subtype": "Землепользование",
                    "land_record_type": "Земельный участок",
                    "ownership_type": "Частная",
                    "permitted_use_established_by_document": "для ведения личного подсобного хозяйства",
                    "quarter_cad_number": "24:11:0130101",
                    "readable_address": "Местоположение установлено относительно ориентира, расположенного в границах участка. Почтовый адрес ориентира: Красноярский край, Емельяновский район, с. Шуваево, ул. Зеленая, уч. 7 \"А\".",
                    "specified_area": 2000,
                    "status": "Учтенный"
                },
                "subcategory": 5,
                "systemInfo": {
                    "inserted": "2024-12-27T18:33:31.749539",
                    "insertedBy": "7EF5CD0B-AC08-4097-AF2B-07CD85992A79",
                    "updated": "2026-03-19T00:37:42.181828",
                    "updatedBy": "22F23413-4218-4EB5-B8D3-D2646E3C2FAE"
                }
            }
        },
        {
            "id": 542395213,
            "type": "Feature",
            "geometry": {
                "type": "Polygon",
                "coordinates": [
                    [
                        [
                            10342562.057415763,
                            7597322.338904473
                        ],
                        [
                            10342574.731589481,
                            7597284.601662198
                        ],
                        [
                            10342651.203915337,
                            7597318.162159747
                        ],
                        [
                            10342637.312320787,
                            7597354.640207085
                        ],
                        [
                            10342562.057415763,
                            7597322.338904473
                        ]
                    ]
                ],
                "crs": {
                    "type": "name",
                    "properties": {
                        "name": "EPSG:3857"
                    }
                }
            },
            "properties": {
                "cadastralDistrictsCode": 24,
                "category": 36368,
                "categoryName": "Земельные участки ЕГРН",
                "descr": "24:11:0130101:1945",
                "externalKey": "24:11:0130101:1945",
                "interactionId": 524862106,
                "label": "24:11:0130101:1945",
                "options": {
                    "area": null,
                    "cad_num": "24:11:0130101:1945",
                    "cost_application_date": "2023-01-01",
                    "cost_approvement_date": "",
                    "cost_determination_date": "2022-01-01",
                    "cost_index": 275.53,
                    "cost_registration_date": "2022-12-30",
                    "cost_value": 278009.77,
                    "declared_area": null,
                    "determination_couse": "Акт об утверждении результатов определения кадастровой стоимости, полученных в соответствии с положениями Закона 237-ФЗ\n\n\n\n\n\n\n\n",
                    "land_record_category_type": "Земли населенных пунктов",
                    "land_record_reg_date": "2013-05-08",
                    "land_record_subtype": "Землепользование",
                    "land_record_type": "Земельный участок",
                    "ownership_type": "Частная",
                    "permitted_use_established_by_document": "для ведения личного подсобного хозяйства",
                    "quarter_cad_number": "24:11:0130101",
                    "readable_address": "Местоположение установлено относительно ориентира, расположенного за пределами участка. Почтовый адрес ориентира: Красноярский край, Емельяновский район, с.Шуваево, ул.Первомайская, 6.",
                    "specified_area": 1009,
                    "status": "Учтенный"
                },
                "subcategory": 5,
                "systemInfo": {
                    "inserted": "2024-12-27T18:36:06.220592",
                    "insertedBy": "7EF5CD0B-AC08-4097-AF2B-07CD85992A79",
                    "updated": "2026-03-19T00:37:42.871152",
                    "updatedBy": "22F23413-4218-4EB5-B8D3-D2646E3C2FAE"
                }
            }
        },
        {
            "id": 542531710,
            "type": "Feature",
            "geometry": {
                "type": "Polygon",
                "coordinates": [
                    [
                        [
                            10342258.27838538,
                            7597038.3915990535
                        ],
                        [
                            10342265.688167248,
                            7596982.770037739
                        ],
                        [
                            10342319.006562551,
                            7596989.886580784
                        ],
                        [
                            10342303.970212927,
                            7597063.161377548
                        ],
                        [
                            10342258.27838538,
                            7597038.3915990535
                        ]
                    ]
                ],
                "crs": {
                    "type": "name",
                    "properties": {
                        "name": "EPSG:3857"
                    }
                }
            },
            "properties": {
                "cadastralDistrictsCode": 24,
                "category": 36368,
                "categoryName": "Земельные участки ЕГРН",
                "descr": "24:11:0130101:4124",
                "externalKey": "24:11:0130101:4124",
                "interactionId": 524998603,
                "label": "24:11:0130101:4124",
                "options": {
                    "area": null,
                    "cad_num": "24:11:0130101:4124",
                    "cost_application_date": "2023-01-01",
                    "cost_approvement_date": "",
                    "cost_determination_date": "2022-01-01",
                    "cost_index": 262.41,
                    "cost_registration_date": "2023-03-24",
                    "cost_value": 274480.86,
                    "declared_area": null,
                    "determination_couse": "Акт бюджетного учреждения, созданного субъектом Российской Федерации, об определении кадастровой стоимости в соответствии со статьей 16 Закона 237-ФЗ\n\n\n\n\n\n\n\n\n\n\n\n\n\n\n\n\n\n\n\n\n\n\n\n\n\n\n\n\n\n\n\n\n\n\n\n\n\n\n\n\n\n\n\n\n\n\n\n\n\n\n\n\n\n\n",
                    "land_record_category_type": "Земли населенных пунктов",
                    "land_record_reg_date": "2022-09-05",
                    "land_record_subtype": "Землепользование",
                    "land_record_type": "Земельный участок",
                    "ownership_type": "Частная",
                    "permitted_use_established_by_document": "Одноквартирные усадебные жилые дома",
                    "quarter_cad_number": "24:11:0130101",
                    "readable_address": "Российская Федерация, Красноярский край, муниципальный район Емельяновский, сельское поселение Шуваевский сельсовет, село Шуваево, улица Весны, земельный участок 1А",
                    "specified_area": 1046,
                    "status": "Учтенный"
                },
                "subcategory": 5,
                "systemInfo": {
                    "inserted": "2024-12-27T19:25:03.954235",
                    "insertedBy": "7EF5CD0B-AC08-4097-AF2B-07CD85992A79",
                    "updated": "2026-02-08T21:13:22.795211",
                    "updatedBy": "7EF5CD0B-AC08-4097-AF2B-07CD85992A79"
                }
            }
        },
        {
            "id": 542547916,
            "type": "Feature",
            "geometry": {
                "type": "Polygon",
                "coordinates": [
                    [
                        [
                            10342544.963574518,
                            7596947.065686313
                        ],
                        [
                            10342556.386011366,
                            7596919.858283141
                        ],
                        [
                            10342591.754387984,
                            7596941.036447517
                        ],
                        [
                            10342596.000737162,
                            7596943.593635498
                        ],
                        [
                            10342649.895816654,
                            7596975.864902757
                        ],
                        [
                            10342640.301028404,
                            7597004.296937457
                        ],
                        [
                            10342585.545891596,
                            7596971.413403982
                        ],
                        [
                            10342544.963574518,
                            7596947.065686313
                        ]
                    ]
                ],
                "crs": {
                    "type": "name",
                    "properties": {
                        "name": "EPSG:3857"
                    }
                }
            },
            "properties": {
                "cadastralDistrictsCode": 24,
                "category": 36368,
                "categoryName": "Земельные участки ЕГРН",
                "descr": "24:11:0130101:4020",
                "externalKey": "24:11:0130101:4020",
                "interactionId": 525014809,
                "label": "24:11:0130101:4020",
                "options": {
                    "area": null,
                    "cad_num": "24:11:0130101:4020",
                    "cost_application_date": "2023-01-01",
                    "cost_approvement_date": "",
                    "cost_determination_date": "2022-01-01",
                    "cost_index": 262.41,
                    "cost_registration_date": "2022-12-20",
                    "cost_value": 262410,
                    "declared_area": null,
                    "determination_couse": "Акт об утверждении результатов определения кадастровой стоимости, полученных в соответствии с положениями Закона 237-ФЗ\n\n\n",
                    "land_record_category_type": "Земли населенных пунктов",
                    "land_record_reg_date": "2021-05-28",
                    "land_record_subtype": "Землепользование",
                    "land_record_type": "Земельный участок",
                    "ownership_type": "Частная",
                    "permitted_use_established_by_document": "Приусадебный участок личного подсобного хозяйства",
                    "quarter_cad_number": "24:11:0130101",
                    "readable_address": "Российская Федерация, Красноярский край, муниципальный район Емельяновский, сельское поселение Шуваевский сельсовет, село Шуваево, улица Зеленая, земельный участок 9Г",
                    "specified_area": 1000,
                    "status": "Учтенный"
                },
                "subcategory": 5,
                "systemInfo": {
                    "inserted": "2024-12-27T19:41:03.081858",
                    "insertedBy": "7EF5CD0B-AC08-4097-AF2B-07CD85992A79",
                    "updated": "2026-02-09T12:17:00.6818",
                    "updatedBy": "7EF5CD0B-AC08-4097-AF2B-07CD85992A79"
                }
            }
        }
    ]
}